ID,label,weight_gr,color,season,origin
banana_000,Banana,118,Yellow,Summer,Ecuador
banana_001,Banana,133,Yellow,Summer,Ecuador
banana_002,Banana,100,Yellow,Summer,Brazil
banana_003,Banana,105,Yellow,Summer,Costa Rica
banana_004,Banana,112,Yellow,Summer,Brazil
banana_005,Banana,138,Yellow,Summer,Costa Rica
banana_006,Banana,135,Yellow,Summer,Brazil
banana_007,Banana,106,Yellow,Summer,Costa Rica
banana_008,Banana,134,Yellow,Summer,Brazil
banana_009,Banana,106,Yellow,Summer,Brazil
banana_010,Banana,118,Yellow,Summer,Costa Rica
banana_011,Banana,109,Yellow,Summer,Brazil
banana_012,Banana,111,Yellow,Summer,Ecuador
banana_013,Banana,141,Yellow,Summer,Ecuador
banana_014,Banana,129,Yellow,Summer,Ecuador
banana_015,Banana,136,Yellow,Summer,Costa Rica
banana_016,Banana,119,Yellow,Summer,Ecuador
banana_017,Banana,145,Yellow,Summer,Costa Rica
banana_018,Banana,106,Yellow,Summer,Brazil
banana_019,Banana,124,Yellow,Summer,Brazil
banana_020,Banana,103,Yellow,Summer,Ecuador
banana_021,Banana,147,Yellow,Summer,Costa Rica
banana_022,Banana,144,Yellow,Summer,Costa Rica
banana_023,Banana,133,Yellow,Summer,Costa Rica
banana_024,Banana,133,Yellow,Summer,Costa Rica
banana_025,Banana,133,Yellow,Summer,Ecuador
banana_026,Banana,122,Yellow,Summer,Brazil
banana_027,Banana,148,Yellow,Summer,Ecuador
banana_028,Banana,112,Yellow,Summer,Brazil
banana_029,Banana,120,Yellow,Summer,Brazil
banana_030,Banana,119,Yellow,Summer,Ecuador
banana_031,Banana,128,Yellow,Summer,Costa Rica
banana_032,Banana,105,Yellow,Summer,Costa Rica
banana_033,Banana,110,Yellow,Summer,Costa Rica
banana_034,Banana,137,Yellow,Summer,Ecuador
banana_035,Banana,100,Yellow,Summer,Ecuador
banana_036,Banana,148,Yellow,Summer,Costa Rica
banana_037,Banana,133,Yellow,Summer,Costa Rica
banana_038,Banana,113,Yellow,Summer,Brazil
banana_039,Banana,119,Yellow,Summer,Costa Rica
banana_040,Banana,137,Yellow,Summer,Ecuador
banana_041,Banana,128,Yellow,Summer,Ecuador
banana_042,Banana,141,Yellow,Summer,Ecuador
banana_043,Banana,135,Yellow,Summer,Costa Rica
banana_044,Banana,109,Yellow,Summer,Brazil
banana_045,Banana,126,Yellow,Summer,Ecuador
banana_046,Banana,149,Yellow,Summer,Costa Rica
banana_047,Banana,146,Yellow,Summer,Brazil
banana_048,Banana,142,Yellow,Summer,Ecuador
banana_049,Banana,123,Yellow,Summer,Costa Rica
banana_050,Banana,147,Yellow,Summer,Ecuador
banana_051,Banana,136,Yellow,Summer,Ecuador
banana_052,Banana,126,Yellow,Summer,Brazil
banana_053,Banana,115,Yellow,Summer,Ecuador
banana_054,Banana,148,Yellow,Summer,Ecuador
banana_055,Banana,119,Yellow,Summer,Ecuador
banana_056,Banana,141,Yellow,Summer,Brazil
banana_057,Banana,128,Yellow,Summer,Costa Rica
banana_058,Banana,132,Yellow,Summer,Ecuador
banana_059,Banana,119,Yellow,Summer,Brazil
banana_060,Banana,141,Yellow,Summer,Ecuador
banana_061,Banana,148,Yellow,Summer,Ecuador
banana_062,Banana,131,Yellow,Summer,Costa Rica
banana_063,Banana,112,Yellow,Summer,Brazil
banana_064,Banana,144,Yellow,Summer,Ecuador
banana_065,Banana,101,Yellow,Summer,Costa Rica
banana_066,Banana,136,Yellow,Summer,Costa Rica
banana_067,Banana,147,Yellow,Summer,Costa Rica
banana_068,Banana,132,Yellow,Summer,Ecuador
banana_069,Banana,120,Yellow,Summer,Brazil
banana_070,Banana,122,Yellow,Summer,Brazil
banana_071,Banana,128,Yellow,Summer,Costa Rica
banana_072,Banana,136,Yellow,Summer,Ecuador
banana_073,Banana,141,Yellow,Summer,Brazil
banana_074,Banana,105,Yellow,Summer,Ecuador
banana_075,Banana,110,Yellow,Summer,Ecuador
banana_076,Banana,123,Yellow,Summer,Ecuador
banana_077,Banana,140,Yellow,Summer,Brazil
banana_078,Banana,140,Yellow,Summer,Costa Rica
banana_079,Banana,132,Yellow,Summer,Costa Rica
banana_080,Banana,111,Yellow,Summer,Ecuador
banana_081,Banana,149,Yellow,Summer,Costa Rica
banana_082,Banana,135,Yellow,Summer,Costa Rica
banana_083,Banana,107,Yellow,Summer,Ecuador
banana_084,Banana,124,Yellow,Summer,Brazil
banana_085,Banana,123,Yellow,Summer,Costa Rica
banana_086,Banana,122,Yellow,Summer,Brazil
banana_087,Banana,108,Yellow,Summer,Costa Rica
banana_088,Banana,107,Yellow,Summer,Ecuador
banana_089,Banana,136,Yellow,Summer,Brazil
banana_090,Banana,148,Yellow,Summer,Costa Rica
banana_091,Banana,127,Yellow,Summer,Ecuador
banana_092,Banana,148,Yellow,Summer,Costa Rica
banana_093,Banana,114,Yellow,Summer,Ecuador
banana_094,Banana,108,Yellow,Summer,Ecuador
banana_095,Banana,136,Yellow,Summer,Costa Rica
banana_096,Banana,149,Yellow,Summer,Ecuador
banana_097,Banana,110,Yellow,Summer,Costa Rica
banana_098,Banana,141,Yellow,Summer,Brazil
banana_099,Banana,106,Yellow,Summer,Brazil
banana_100,Banana,101,Yellow,Summer,Brazil
banana_101,Banana,100,Yellow,Summer,Costa Rica
banana_102,Banana,105,Yellow,Summer,Ecuador
banana_103,Banana,109,Yellow,Summer,Brazil
banana_104,Banana,143,Yellow,Summer,Brazil
banana_105,Banana,129,Yellow,Summer,Costa Rica
banana_106,Banana,113,Yellow,Summer,Costa Rica
banana_107,Banana,115,Yellow,Summer,Costa Rica
banana_108,Banana,122,Yellow,Summer,Brazil
banana_109,Banana,145,Yellow,Summer,Ecuador
banana_110,Banana,137,Yellow,Summer,Ecuador
banana_111,Banana,129,Yellow,Summer,Brazil
banana_112,Banana,120,Yellow,Summer,Costa Rica
banana_113,Banana,110,Yellow,Summer,Costa Rica
banana_114,Banana,105,Yellow,Summer,Brazil
banana_115,Banana,136,Yellow,Summer,Brazil
banana_116,Banana,133,Yellow,Summer,Ecuador
banana_117,Banana,135,Yellow,Summer,Ecuador
banana_118,Banana,144,Yellow,Summer,Ecuador
banana_119,Banana,135,Yellow,Summer,Costa Rica
banana_120,Banana,145,Yellow,Summer,Ecuador
banana_121,Banana,118,Yellow,Summer,Brazil
banana_122,Banana,130,Yellow,Summer,Ecuador
banana_123,Banana,139,Yellow,Summer,Brazil
banana_124,Banana,100,Yellow,Summer,Costa Rica
banana_125,Banana,129,Yellow,Summer,Costa Rica
banana_126,Banana,115,Yellow,Summer,Costa Rica
banana_127,Banana,138,Yellow,Summer,Costa Rica
banana_128,Banana,125,Yellow,Summer,Ecuador
banana_129,Banana,121,Yellow,Summer,Ecuador
banana_130,Banana,143,Yellow,Summer,Ecuador
banana_131,Banana,117,Yellow,Summer,Ecuador
banana_132,Banana,135,Yellow,Summer,Ecuador
banana_133,Banana,108,Yellow,Summer,Costa Rica
banana_134,Banana,130,Yellow,Summer,Brazil
banana_135,Banana,145,Yellow,Summer,Costa Rica
banana_136,Banana,100,Yellow,Summer,Costa Rica
banana_137,Banana,104,Yellow,Summer,Ecuador
banana_138,Banana,124,Yellow,Summer,Ecuador
banana_139,Banana,129,Yellow,Summer,Ecuador
banana_140,Banana,101,Yellow,Summer,Ecuador
banana_141,Banana,105,Yellow,Summer,Ecuador
banana_142,Banana,125,Yellow,Summer,Costa Rica
banana_143,Banana,100,Yellow,Summer,Brazil
banana_144,Banana,117,Yellow,Summer,Ecuador
banana_145,Banana,108,Yellow,Summer,Brazil
banana_146,Banana,120,Yellow,Summer,Brazil
banana_147,Banana,114,Yellow,Summer,Costa Rica
banana_148,Banana,104,Yellow,Summer,Costa Rica
banana_149,Banana,109,Yellow,Summer,Costa Rica
banana_150,Banana,102,Yellow,Summer,Brazil
banana_151,Banana,122,Yellow,Summer,Costa Rica
banana_152,Banana,128,Yellow,Summer,Costa Rica
banana_153,Banana,135,Yellow,Summer,Ecuador
banana_154,Banana,126,Yellow,Summer,Ecuador
banana_155,Banana,117,Yellow,Summer,Costa Rica
banana_156,Banana,133,Yellow,Summer,Costa Rica
banana_157,Banana,106,Yellow,Summer,Brazil
banana_158,Banana,145,Yellow,Summer,Brazil
banana_159,Banana,110,Yellow,Summer,Costa Rica
banana_160,Banana,144,Yellow,Summer,Brazil
banana_161,Banana,132,Yellow,Summer,Ecuador
banana_162,Banana,106,Yellow,Summer,Ecuador
banana_163,Banana,136,Yellow,Summer,Costa Rica
banana_164,Banana,141,Yellow,Summer,Brazil
banana_165,Banana,113,Yellow,Summer,Ecuador
banana_166,Banana,121,Yellow,Summer,Costa Rica
banana_167,Banana,109,Yellow,Summer,Ecuador
banana_168,Banana,142,Yellow,Summer,Costa Rica
banana_169,Banana,117,Yellow,Summer,Costa Rica
banana_170,Banana,134,Yellow,Summer,Brazil
banana_171,Banana,137,Yellow,Summer,Costa Rica
banana_172,Banana,144,Yellow,Summer,Ecuador
banana_173,Banana,130,Yellow,Summer,Brazil
banana_174,Banana,146,Yellow,Summer,Costa Rica
banana_175,Banana,134,Yellow,Summer,Ecuador
banana_176,Banana,137,Yellow,Summer,Ecuador
banana_177,Banana,109,Yellow,Summer,Costa Rica
banana_178,Banana,116,Yellow,Summer,Brazil
banana_179,Banana,138,Yellow,Summer,Costa Rica
banana_180,Banana,106,Yellow,Summer,Brazil
banana_181,Banana,106,Yellow,Summer,Costa Rica
banana_182,Banana,126,Yellow,Summer,Brazil
banana_183,Banana,149,Yellow,Summer,Ecuador
banana_184,Banana,107,Yellow,Summer,Ecuador
banana_185,Banana,104,Yellow,Summer,Brazil
banana_186,Banana,134,Yellow,Summer,Costa Rica
banana_187,Banana,113,Yellow,Summer,Costa Rica
banana_188,Banana,125,Yellow,Summer,Costa Rica
banana_189,Banana,132,Yellow,Summer,Ecuador
banana_190,Banana,129,Yellow,Summer,Brazil
banana_191,Banana,110,Yellow,Summer,Brazil
banana_192,Banana,149,Yellow,Summer,Ecuador
banana_193,Banana,105,Yellow,Summer,Ecuador
banana_194,Banana,104,Yellow,Summer,Ecuador
banana_195,Banana,108,Yellow,Summer,Costa Rica
banana_196,Banana,144,Yellow,Summer,Ecuador
banana_197,Banana,103,Yellow,Summer,Costa Rica
banana_198,Banana,131,Yellow,Summer,Costa Rica
banana_199,Banana,114,Yellow,Summer,Brazil
banana_200,Banana,103,Yellow,Summer,Costa Rica
banana_201,Banana,148,Yellow,Summer,Brazil
banana_202,Banana,119,Yellow,Summer,Brazil
banana_203,Banana,143,Yellow,Summer,Brazil
banana_204,Banana,107,Yellow,Summer,Ecuador
banana_205,Banana,102,Yellow,Summer,Brazil
banana_206,Banana,132,Yellow,Summer,Costa Rica
banana_207,Banana,129,Yellow,Summer,Brazil
banana_208,Banana,133,Yellow,Summer,Ecuador
banana_209,Banana,140,Yellow,Summer,Brazil
banana_210,Banana,141,Yellow,Summer,Brazil
banana_211,Banana,132,Yellow,Summer,Brazil
banana_212,Banana,140,Yellow,Summer,Ecuador
banana_213,Banana,123,Yellow,Summer,Brazil
banana_214,Banana,108,Yellow,Summer,Ecuador
banana_215,Banana,102,Yellow,Summer,Costa Rica
banana_216,Banana,102,Yellow,Summer,Ecuador
banana_217,Banana,111,Yellow,Summer,Costa Rica
banana_218,Banana,144,Yellow,Summer,Ecuador
banana_219,Banana,136,Yellow,Summer,Costa Rica
banana_220,Banana,122,Yellow,Summer,Ecuador
banana_221,Banana,122,Yellow,Summer,Brazil
banana_222,Banana,132,Yellow,Summer,Brazil
banana_223,Banana,135,Yellow,Summer,Costa Rica
banana_224,Banana,115,Yellow,Summer,Brazil
banana_225,Banana,145,Yellow,Summer,Costa Rica
banana_226,Banana,115,Yellow,Summer,Costa Rica
banana_227,Banana,127,Yellow,Summer,Ecuador
banana_228,Banana,120,Yellow,Summer,Costa Rica
banana_229,Banana,147,Yellow,Summer,Brazil
banana_230,Banana,126,Yellow,Summer,Brazil
banana_231,Banana,104,Yellow,Summer,Brazil
banana_232,Banana,150,Yellow,Summer,Costa Rica
banana_233,Banana,125,Yellow,Summer,Costa Rica
banana_234,Banana,140,Yellow,Summer,Brazil
banana_235,Banana,147,Yellow,Summer,Costa Rica
banana_236,Banana,116,Yellow,Summer,Brazil
banana_237,Banana,129,Yellow,Summer,Ecuador
banana_238,Banana,146,Yellow,Summer,Brazil
banana_239,Banana,146,Yellow,Summer,Ecuador
banana_240,Banana,116,Yellow,Summer,Costa Rica
banana_241,Banana,101,Yellow,Summer,Brazil
banana_242,Banana,138,Yellow,Summer,Ecuador
banana_243,Banana,136,Yellow,Summer,Brazil
banana_244,Banana,103,Yellow,Summer,Brazil
banana_245,Banana,105,Yellow,Summer,Costa Rica
banana_246,Banana,149,Yellow,Summer,Ecuador
banana_247,Banana,144,Yellow,Summer,Costa Rica
banana_248,Banana,131,Yellow,Summer,Ecuador
banana_249,Banana,111,Yellow,Summer,Costa Rica
banana_250,Banana,143,Yellow,Summer,Brazil
banana_251,Banana,109,Yellow,Summer,Ecuador
banana_252,Banana,107,Yellow,Summer,Brazil
banana_253,Banana,112,Yellow,Summer,Ecuador
banana_254,Banana,135,Yellow,Summer,Costa Rica
banana_255,Banana,140,Yellow,Summer,Ecuador
banana_256,Banana,108,Yellow,Summer,Ecuador
banana_257,Banana,122,Yellow,Summer,Brazil
banana_258,Banana,146,Yellow,Summer,Brazil
banana_259,Banana,124,Yellow,Summer,Brazil
banana_260,Banana,134,Yellow,Summer,Ecuador
banana_261,Banana,111,Yellow,Summer,Brazil
banana_262,Banana,129,Yellow,Summer,Brazil
banana_263,Banana,109,Yellow,Summer,Ecuador
banana_264,Banana,106,Yellow,Summer,Ecuador
banana_265,Banana,125,Yellow,Summer,Ecuador
banana_266,Banana,139,Yellow,Summer,Costa Rica
banana_267,Banana,147,Yellow,Summer,Brazil
banana_268,Banana,126,Yellow,Summer,Costa Rica
banana_269,Banana,102,Yellow,Summer,Ecuador
banana_270,Banana,150,Yellow,Summer,Brazil
banana_271,Banana,120,Yellow,Summer,Costa Rica
banana_272,Banana,146,Yellow,Summer,Costa Rica
banana_273,Banana,118,Yellow,Summer,Costa Rica
banana_274,Banana,104,Yellow,Summer,Brazil
banana_275,Banana,123,Yellow,Summer,Ecuador
banana_276,Banana,123,Yellow,Summer,Ecuador
banana_277,Banana,118,Yellow,Summer,Brazil
banana_278,Banana,140,Yellow,Summer,Costa Rica
banana_279,Banana,131,Yellow,Summer,Costa Rica
banana_280,Banana,106,Yellow,Summer,Costa Rica
banana_281,Banana,118,Yellow,Summer,Costa Rica
banana_282,Banana,145,Yellow,Summer,Costa Rica
banana_283,Banana,127,Yellow,Summer,Brazil
banana_284,Banana,138,Yellow,Summer,Costa Rica
banana_285,Banana,116,Yellow,Summer,Ecuador
banana_286,Banana,132,Yellow,Summer,Ecuador
banana_287,Banana,108,Yellow,Summer,Ecuador
banana_288,Banana,110,Yellow,Summer,Costa Rica
banana_289,Banana,115,Yellow,Summer,Costa Rica
banana_290,Banana,133,Yellow,Summer,Ecuador
banana_291,Banana,108,Yellow,Summer,Brazil
banana_292,Banana,137,Yellow,Summer,Ecuador
banana_293,Banana,111,Yellow,Summer,Ecuador
banana_294,Banana,126,Yellow,Summer,Costa Rica
banana_295,Banana,137,Yellow,Summer,Ecuador
banana_296,Banana,133,Yellow,Summer,Costa Rica
banana_297,Banana,145,Yellow,Summer,Ecuador
banana_298,Banana,146,Yellow,Summer,Brazil
banana_299,Banana,148,Yellow,Summer,Ecuador
banana_300,Banana,114,Yellow,Summer,Costa Rica
banana_301,Banana,111,Yellow,Summer,Ecuador
banana_302,Banana,119,Yellow,Summer,Costa Rica
banana_303,Banana,132,Yellow,Summer,Costa Rica
banana_304,Banana,113,Yellow,Summer,Ecuador
banana_305,Banana,110,Yellow,Summer,Costa Rica
banana_306,Banana,118,Yellow,Summer,Ecuador
banana_307,Banana,112,Yellow,Summer,Brazil
banana_308,Banana,142,Yellow,Summer,Costa Rica
banana_309,Banana,134,Yellow,Summer,Costa Rica
banana_310,Banana,105,Yellow,Summer,Ecuador
banana_311,Banana,106,Yellow,Summer,Ecuador
banana_312,Banana,119,Yellow,Summer,Ecuador
banana_313,Banana,106,Yellow,Summer,Ecuador
banana_314,Banana,120,Yellow,Summer,Brazil
banana_315,Banana,107,Yellow,Summer,Brazil
banana_316,Banana,121,Yellow,Summer,Costa Rica
banana_317,Banana,140,Yellow,Summer,Brazil
banana_318,Banana,139,Yellow,Summer,Ecuador
banana_319,Banana,149,Yellow,Summer,Brazil
banana_320,Banana,135,Yellow,Summer,Ecuador
banana_321,Banana,124,Yellow,Summer,Brazil
banana_322,Banana,116,Yellow,Summer,Ecuador
banana_323,Banana,107,Yellow,Summer,Ecuador
banana_324,Banana,117,Yellow,Summer,Ecuador
banana_325,Banana,127,Yellow,Summer,Brazil
banana_326,Banana,135,Yellow,Summer,Ecuador
banana_327,Banana,140,Yellow,Summer,Costa Rica
banana_328,Banana,104,Yellow,Summer,Ecuador
banana_329,Banana,131,Yellow,Summer,Costa Rica
banana_330,Banana,108,Yellow,Summer,Costa Rica
banana_331,Banana,139,Yellow,Summer,Brazil
banana_332,Banana,139,Yellow,Summer,Ecuador
banana_333,Banana,140,Yellow,Summer,Ecuador
banana_334,Banana,145,Yellow,Summer,Costa Rica
banana_335,Banana,128,Yellow,Summer,Brazil
banana_336,Banana,143,Yellow,Summer,Ecuador
banana_337,Banana,140,Yellow,Summer,Brazil
banana_338,Banana,103,Yellow,Summer,Brazil
banana_339,Banana,124,Yellow,Summer,Costa Rica
banana_340,Banana,105,Yellow,Summer,Costa Rica
banana_341,Banana,137,Yellow,Summer,Brazil
banana_342,Banana,144,Yellow,Summer,Costa Rica
banana_343,Banana,107,Yellow,Summer,Brazil
banana_344,Banana,114,Yellow,Summer,Brazil
banana_345,Banana,109,Yellow,Summer,Ecuador
banana_346,Banana,131,Yellow,Summer,Costa Rica
banana_347,Banana,111,Yellow,Summer,Costa Rica
banana_348,Banana,149,Yellow,Summer,Costa Rica
banana_349,Banana,124,Yellow,Summer,Ecuador
banana_350,Banana,137,Yellow,Summer,Costa Rica
banana_351,Banana,120,Yellow,Summer,Brazil
banana_352,Banana,113,Yellow,Summer,Brazil
banana_353,Banana,123,Yellow,Summer,Costa Rica
banana_354,Banana,135,Yellow,Summer,Ecuador
banana_355,Banana,140,Yellow,Summer,Costa Rica
banana_356,Banana,108,Yellow,Summer,Brazil
banana_357,Banana,150,Yellow,Summer,Costa Rica
banana_358,Banana,113,Yellow,Summer,Brazil
banana_359,Banana,128,Yellow,Summer,Brazil
banana_360,Banana,108,Yellow,Summer,Costa Rica
banana_361,Banana,138,Yellow,Summer,Costa Rica
banana_362,Banana,146,Yellow,Summer,Ecuador
banana_363,Banana,144,Yellow,Summer,Costa Rica
banana_364,Banana,125,Yellow,Summer,Costa Rica
banana_365,Banana,111,Yellow,Summer,Ecuador
banana_366,Banana,123,Yellow,Summer,Costa Rica
banana_367,Banana,121,Yellow,Summer,Brazil
banana_368,Banana,117,Yellow,Summer,Brazil
banana_369,Banana,115,Yellow,Summer,Ecuador
banana_370,Banana,138,Yellow,Summer,Costa Rica
banana_371,Banana,113,Yellow,Summer,Ecuador
banana_372,Banana,101,Yellow,Summer,Brazil
banana_373,Banana,120,Yellow,Summer,Ecuador
banana_374,Banana,128,Yellow,Summer,Costa Rica
banana_375,Banana,112,Yellow,Summer,Ecuador
banana_376,Banana,132,Yellow,Summer,Brazil
banana_377,Banana,144,Yellow,Summer,Ecuador
banana_378,Banana,111,Yellow,Summer,Ecuador
banana_379,Banana,130,Yellow,Summer,Costa Rica
banana_380,Banana,148,Yellow,Summer,Ecuador
banana_381,Banana,108,Yellow,Summer,Brazil
banana_382,Banana,135,Yellow,Summer,Ecuador
banana_383,Banana,104,Yellow,Summer,Ecuador
banana_384,Banana,118,Yellow,Summer,Ecuador
banana_385,Banana,126,Yellow,Summer,Costa Rica
banana_386,Banana,123,Yellow,Summer,Brazil
banana_387,Banana,141,Yellow,Summer,Brazil
banana_388,Banana,103,Yellow,Summer,Ecuador
banana_389,Banana,110,Yellow,Summer,Ecuador
banana_390,Banana,128,Yellow,Summer,Costa Rica
banana_391,Banana,123,Yellow,Summer,Ecuador
banana_392,Banana,142,Yellow,Summer,Costa Rica
banana_393,Banana,145,Yellow,Summer,Brazil
banana_394,Banana,133,Yellow,Summer,Brazil
banana_395,Banana,103,Yellow,Summer,Brazil
banana_396,Banana,129,Yellow,Summer,Costa Rica
banana_397,Banana,109,Yellow,Summer,Ecuador
banana_398,Banana,120,Yellow,Summer,Costa Rica
banana_399,Banana,146,Yellow,Summer,Ecuador
banana_400,Banana,131,Yellow,Summer,Costa Rica
banana_401,Banana,132,Yellow,Summer,Ecuador
banana_402,Banana,129,Yellow,Summer,Ecuador
banana_403,Banana,110,Yellow,Summer,Brazil
banana_404,Banana,141,Yellow,Summer,Brazil
banana_405,Banana,142,Yellow,Summer,Brazil
banana_406,Banana,107,Yellow,Summer,Brazil
banana_407,Banana,105,Yellow,Summer,Ecuador
banana_408,Banana,149,Yellow,Summer,Ecuador
banana_409,Banana,150,Yellow,Summer,Costa Rica
banana_410,Banana,144,Yellow,Summer,Costa Rica
banana_411,Banana,118,Yellow,Summer,Costa Rica
banana_412,Banana,109,Yellow,Summer,Brazil
banana_413,Banana,100,Yellow,Summer,Brazil
banana_414,Banana,122,Yellow,Summer,Brazil
banana_415,Banana,146,Yellow,Summer,Ecuador
banana_416,Banana,142,Yellow,Summer,Costa Rica
banana_417,Banana,122,Yellow,Summer,Brazil
banana_418,Banana,120,Yellow,Summer,Brazil
banana_419,Banana,147,Yellow,Summer,Brazil
banana_420,Banana,133,Yellow,Summer,Costa Rica
banana_421,Banana,146,Yellow,Summer,Ecuador
banana_422,Banana,128,Yellow,Summer,Costa Rica
banana_423,Banana,111,Yellow,Summer,Costa Rica
banana_424,Banana,141,Yellow,Summer,Costa Rica
banana_425,Banana,127,Yellow,Summer,Brazil
banana_426,Banana,120,Yellow,Summer,Ecuador
banana_427,Banana,137,Yellow,Summer,Brazil
banana_428,Banana,102,Yellow,Summer,Ecuador
banana_429,Banana,121,Yellow,Summer,Brazil
banana_430,Banana,110,Yellow,Summer,Costa Rica
banana_431,Banana,111,Yellow,Summer,Costa Rica
banana_432,Banana,109,Yellow,Summer,Brazil
banana_433,Banana,107,Yellow,Summer,Ecuador
banana_434,Banana,150,Yellow,Summer,Brazil
banana_435,Banana,137,Yellow,Summer,Ecuador
banana_436,Banana,143,Yellow,Summer,Ecuador
banana_437,Banana,112,Yellow,Summer,Brazil
banana_438,Banana,144,Yellow,Summer,Costa Rica
banana_439,Banana,100,Yellow,Summer,Brazil
banana_440,Banana,149,Yellow,Summer,Brazil
banana_441,Banana,133,Yellow,Summer,Brazil
banana_442,Banana,124,Yellow,Summer,Costa Rica
banana_443,Banana,141,Yellow,Summer,Brazil
banana_444,Banana,125,Yellow,Summer,Costa Rica
banana_445,Banana,147,Yellow,Summer,Brazil
banana_446,Banana,128,Yellow,Summer,Ecuador
banana_447,Banana,120,Yellow,Summer,Costa Rica
banana_448,Banana,145,Yellow,Summer,Ecuador
banana_449,Banana,147,Yellow,Summer,Ecuador
banana_450,Banana,102,Yellow,Summer,Costa Rica
banana_451,Banana,148,Yellow,Summer,Brazil
banana_452,Banana,129,Yellow,Summer,Brazil
banana_453,Banana,102,Yellow,Summer,Ecuador
banana_454,Banana,121,Yellow,Summer,Ecuador
banana_455,Banana,130,Yellow,Summer,Brazil
banana_456,Banana,105,Yellow,Summer,Brazil
banana_457,Banana,103,Yellow,Summer,Brazil
banana_458,Banana,138,Yellow,Summer,Ecuador
banana_459,Banana,113,Yellow,Summer,Costa Rica
banana_460,Banana,129,Yellow,Summer,Costa Rica
banana_461,Banana,129,Yellow,Summer,Costa Rica
banana_462,Banana,129,Yellow,Summer,Costa Rica
banana_463,Banana,120,Yellow,Summer,Brazil
banana_464,Banana,145,Yellow,Summer,Ecuador
banana_465,Banana,128,Yellow,Summer,Brazil
banana_466,Banana,101,Yellow,Summer,Costa Rica
banana_467,Banana,100,Yellow,Summer,Costa Rica
banana_468,Banana,100,Yellow,Summer,Costa Rica
banana_469,Banana,128,Yellow,Summer,Costa Rica
banana_470,Banana,135,Yellow,Summer,Costa Rica
banana_471,Banana,131,Yellow,Summer,Ecuador
banana_472,Banana,109,Yellow,Summer,Ecuador
banana_473,Banana,131,Yellow,Summer,Brazil
banana_474,Banana,140,Yellow,Summer,Ecuador
banana_475,Banana,148,Yellow,Summer,Costa Rica
banana_476,Banana,106,Yellow,Summer,Costa Rica
banana_477,Banana,140,Yellow,Summer,Brazil
banana_478,Banana,129,Yellow,Summer,Ecuador
banana_479,Banana,110,Yellow,Summer,Brazil
banana_480,Banana,126,Yellow,Summer,Costa Rica
banana_481,Banana,112,Yellow,Summer,Ecuador
banana_482,Banana,150,Yellow,Summer,Ecuador
banana_483,Banana,110,Yellow,Summer,Ecuador
banana_484,Banana,129,Yellow,Summer,Brazil
banana_485,Banana,128,Yellow,Summer,Costa Rica
banana_486,Banana,144,Yellow,Summer,Brazil
banana_487,Banana,102,Yellow,Summer,Costa Rica
banana_488,Banana,145,Yellow,Summer,Brazil
banana_489,Banana,145,Yellow,Summer,Ecuador
banana_490,Banana,146,Yellow,Summer,Brazil
banana_491,Banana,122,Yellow,Summer,Ecuador
banana_492,Banana,126,Yellow,Summer,Brazil
banana_493,Banana,122,Yellow,Summer,Brazil
banana_494,Banana,122,Yellow,Summer,Costa Rica
banana_495,Banana,117,Yellow,Summer,Costa Rica
banana_496,Banana,105,Yellow,Summer,Costa Rica
banana_497,Banana,108,Yellow,Summer,Ecuador
banana_498,Banana,141,Yellow,Summer,Brazil
banana_499,Banana,142,Yellow,Summer,Brazil
banana_500,Banana,142,Yellow,Summer,Brazil
banana_501,Banana,113,Yellow,Summer,Ecuador
banana_502,Banana,134,Yellow,Summer,Costa Rica
banana_503,Banana,150,Yellow,Summer,Ecuador
banana_504,Banana,130,Yellow,Summer,Costa Rica
banana_505,Banana,136,Yellow,Summer,Brazil
banana_506,Banana,139,Yellow,Summer,Ecuador
banana_507,Banana,106,Yellow,Summer,Brazil
banana_508,Banana,142,Yellow,Summer,Ecuador
banana_509,Banana,113,Yellow,Summer,Brazil
banana_510,Banana,104,Yellow,Summer,Costa Rica
banana_511,Banana,137,Yellow,Summer,Brazil
banana_512,Banana,118,Yellow,Summer,Ecuador
banana_513,Banana,124,Yellow,Summer,Ecuador
banana_514,Banana,120,Yellow,Summer,Ecuador
banana_515,Banana,121,Yellow,Summer,Costa Rica
banana_516,Banana,140,Yellow,Summer,Brazil
banana_517,Banana,111,Yellow,Summer,Brazil
banana_518,Banana,146,Yellow,Summer,Costa Rica
banana_519,Banana,137,Yellow,Summer,Brazil
banana_520,Banana,149,Yellow,Summer,Costa Rica
banana_521,Banana,112,Yellow,Summer,Ecuador
banana_522,Banana,118,Yellow,Summer,Costa Rica
banana_523,Banana,113,Yellow,Summer,Brazil
banana_524,Banana,134,Yellow,Summer,Costa Rica
banana_525,Banana,121,Yellow,Summer,Brazil
banana_526,Banana,149,Yellow,Summer,Ecuador
banana_527,Banana,150,Yellow,Summer,Ecuador
banana_528,Banana,110,Yellow,Summer,Brazil
banana_529,Banana,127,Yellow,Summer,Brazil
banana_530,Banana,106,Yellow,Summer,Brazil
banana_531,Banana,125,Yellow,Summer,Costa Rica
banana_532,Banana,118,Yellow,Summer,Brazil
banana_533,Banana,149,Yellow,Summer,Brazil
banana_534,Banana,104,Yellow,Summer,Ecuador
banana_535,Banana,106,Yellow,Summer,Ecuador
banana_536,Banana,137,Yellow,Summer,Ecuador
banana_537,Banana,114,Yellow,Summer,Ecuador
banana_538,Banana,103,Yellow,Summer,Ecuador
banana_539,Banana,150,Yellow,Summer,Costa Rica
banana_540,Banana,114,Yellow,Summer,Ecuador
banana_541,Banana,140,Yellow,Summer,Ecuador
banana_542,Banana,144,Yellow,Summer,Costa Rica
banana_543,Banana,120,Yellow,Summer,Costa Rica
banana_544,Banana,118,Yellow,Summer,Ecuador
banana_545,Banana,131,Yellow,Summer,Costa Rica
banana_546,Banana,119,Yellow,Summer,Brazil
banana_547,Banana,132,Yellow,Summer,Costa Rica
banana_548,Banana,113,Yellow,Summer,Ecuador
banana_549,Banana,115,Yellow,Summer,Ecuador
banana_550,Banana,131,Yellow,Summer,Brazil
banana_551,Banana,117,Yellow,Summer,Costa Rica
banana_552,Banana,136,Yellow,Summer,Brazil
banana_553,Banana,114,Yellow,Summer,Costa Rica
banana_554,Banana,144,Yellow,Summer,Ecuador
banana_555,Banana,131,Yellow,Summer,Costa Rica
banana_556,Banana,118,Yellow,Summer,Brazil
banana_557,Banana,107,Yellow,Summer,Ecuador
banana_558,Banana,110,Yellow,Summer,Brazil
banana_559,Banana,101,Yellow,Summer,Brazil
banana_560,Banana,123,Yellow,Summer,Ecuador
banana_561,Banana,139,Yellow,Summer,Brazil
banana_562,Banana,149,Yellow,Summer,Costa Rica
banana_563,Banana,141,Yellow,Summer,Brazil
banana_564,Banana,126,Yellow,Summer,Brazil
banana_565,Banana,134,Yellow,Summer,Ecuador
banana_566,Banana,102,Yellow,Summer,Brazil
banana_567,Banana,112,Yellow,Summer,Brazil
banana_568,Banana,126,Yellow,Summer,Costa Rica
banana_569,Banana,106,Yellow,Summer,Ecuador
banana_570,Banana,129,Yellow,Summer,Brazil
banana_571,Banana,146,Yellow,Summer,Costa Rica
banana_572,Banana,130,Yellow,Summer,Costa Rica
banana_573,Banana,121,Yellow,Summer,Ecuador
banana_574,Banana,150,Yellow,Summer,Brazil
banana_575,Banana,147,Yellow,Summer,Costa Rica
banana_576,Banana,108,Yellow,Summer,Costa Rica
banana_577,Banana,121,Yellow,Summer,Brazil
banana_578,Banana,141,Yellow,Summer,Brazil
banana_579,Banana,132,Yellow,Summer,Brazil
banana_580,Banana,132,Yellow,Summer,Brazil
banana_581,Banana,106,Yellow,Summer,Brazil
banana_582,Banana,135,Yellow,Summer,Brazil
banana_583,Banana,113,Yellow,Summer,Ecuador
banana_584,Banana,111,Yellow,Summer,Costa Rica
banana_585,Banana,149,Yellow,Summer,Costa Rica
banana_586,Banana,101,Yellow,Summer,Brazil
banana_587,Banana,102,Yellow,Summer,Ecuador
banana_588,Banana,129,Yellow,Summer,Costa Rica
banana_589,Banana,103,Yellow,Summer,Brazil
banana_590,Banana,147,Yellow,Summer,Costa Rica
banana_591,Banana,128,Yellow,Summer,Brazil
banana_592,Banana,108,Yellow,Summer,Brazil
banana_593,Banana,132,Yellow,Summer,Brazil
banana_594,Banana,107,Yellow,Summer,Costa Rica
banana_595,Banana,117,Yellow,Summer,Costa Rica
banana_596,Banana,145,Yellow,Summer,Ecuador
banana_597,Banana,121,Yellow,Summer,Costa Rica
banana_598,Banana,146,Yellow,Summer,Brazil
banana_599,Banana,150,Yellow,Summer,Ecuador
cucumber_000,Cucumber,163,Green,Summer,Greece
cucumber_001,Cucumber,122,Green,Spring,Spain
cucumber_002,Cucumber,153,Green,Spring,Turkey
cucumber_003,Cucumber,120,Green,Spring,Spain
cucumber_004,Cucumber,169,Green,Spring,Greece
cucumber_005,Cucumber,150,Green,Summer,Greece
cucumber_006,Cucumber,128,Green,Spring,Spain
cucumber_007,Cucumber,165,Green,Summer,Turkey
cucumber_008,Cucumber,167,Green,Summer,Turkey
cucumber_009,Cucumber,129,Green,Spring,Turkey
cucumber_010,Cucumber,131,Green,Summer,Turkey
cucumber_011,Cucumber,179,Green,Summer,Turkey
cucumber_012,Cucumber,169,Green,Spring,Turkey
cucumber_013,Cucumber,140,Green,Spring,Turkey
cucumber_014,Cucumber,153,Green,Spring,Greece
cucumber_015,Cucumber,138,Green,Spring,Turkey
cucumber_016,Cucumber,152,Green,Summer,Spain
cucumber_017,Cucumber,133,Green,Summer,Turkey
cucumber_018,Cucumber,122,Green,Summer,Greece
cucumber_019,Cucumber,128,Green,Spring,Spain
cucumber_020,Cucumber,170,Green,Summer,Greece
cucumber_021,Cucumber,122,Green,Spring,Greece
cucumber_022,Cucumber,137,Green,Summer,Spain
cucumber_023,Cucumber,168,Green,Summer,Spain
cucumber_024,Cucumber,178,Green,Spring,Spain
cucumber_025,Cucumber,138,Green,Summer,Spain
cucumber_026,Cucumber,153,Green,Summer,Turkey
cucumber_027,Cucumber,137,Green,Spring,Spain
cucumber_028,Cucumber,159,Green,Summer,Greece
cucumber_029,Cucumber,132,Green,Summer,Spain
cucumber_030,Cucumber,179,Green,Summer,Spain
cucumber_031,Cucumber,137,Green,Summer,Turkey
cucumber_032,Cucumber,164,Green,Summer,Greece
cucumber_033,Cucumber,138,Green,Summer,Spain
cucumber_034,Cucumber,130,Green,Spring,Spain
cucumber_035,Cucumber,123,Green,Spring,Turkey
cucumber_036,Cucumber,152,Green,Spring,Greece
cucumber_037,Cucumber,145,Green,Summer,Spain
cucumber_038,Cucumber,156,Green,Spring,Turkey
cucumber_039,Cucumber,175,Green,Spring,Spain
cucumber_040,Cucumber,162,Green,Spring,Spain
cucumber_041,Cucumber,135,Green,Summer,Turkey
cucumber_042,Cucumber,134,Green,Summer,Turkey
cucumber_043,Cucumber,162,Green,Summer,Turkey
cucumber_044,Cucumber,120,Green,Spring,Turkey
cucumber_045,Cucumber,147,Green,Summer,Spain
cucumber_046,Cucumber,141,Green,Spring,Greece
cucumber_047,Cucumber,126,Green,Summer,Turkey
cucumber_048,Cucumber,155,Green,Spring,Turkey
cucumber_049,Cucumber,124,Green,Spring,Spain
cucumber_050,Cucumber,175,Green,Spring,Greece
cucumber_051,Cucumber,126,Green,Spring,Spain
cucumber_052,Cucumber,154,Green,Summer,Spain
cucumber_053,Cucumber,146,Green,Spring,Turkey
cucumber_054,Cucumber,170,Green,Spring,Greece
cucumber_055,Cucumber,162,Green,Spring,Turkey
cucumber_056,Cucumber,157,Green,Spring,Turkey
cucumber_057,Cucumber,174,Green,Summer,Turkey
cucumber_058,Cucumber,130,Green,Summer,Greece
cucumber_059,Cucumber,180,Green,Summer,Spain
cucumber_060,Cucumber,165,Green,Spring,Spain
cucumber_061,Cucumber,137,Green,Summer,Turkey
cucumber_062,Cucumber,163,Green,Summer,Greece
cucumber_063,Cucumber,149,Green,Spring,Greece
cucumber_064,Cucumber,167,Green,Spring,Spain
cucumber_065,Cucumber,133,Green,Spring,Greece
cucumber_066,Cucumber,134,Green,Summer,Turkey
cucumber_067,Cucumber,168,Green,Summer,Greece
cucumber_068,Cucumber,137,Green,Spring,Turkey
cucumber_069,Cucumber,125,Green,Spring,Greece
cucumber_070,Cucumber,127,Green,Spring,Spain
cucumber_071,Cucumber,156,Green,Spring,Spain
cucumber_072,Cucumber,120,Green,Spring,Greece
cucumber_073,Cucumber,132,Green,Summer,Spain
cucumber_074,Cucumber,155,Green,Spring,Turkey
cucumber_075,Cucumber,133,Green,Summer,Greece
cucumber_076,Cucumber,163,Green,Spring,Spain
cucumber_077,Cucumber,125,Green,Spring,Turkey
cucumber_078,Cucumber,141,Green,Summer,Spain
cucumber_079,Cucumber,122,Green,Spring,Turkey
cucumber_080,Cucumber,124,Green,Spring,Greece
cucumber_081,Cucumber,156,Green,Spring,Turkey
cucumber_082,Cucumber,139,Green,Summer,Spain
cucumber_083,Cucumber,156,Green,Spring,Turkey
cucumber_084,Cucumber,125,Green,Spring,Spain
cucumber_085,Cucumber,172,Green,Spring,Spain
cucumber_086,Cucumber,126,Green,Spring,Greece
cucumber_087,Cucumber,168,Green,Spring,Spain
cucumber_088,Cucumber,133,Green,Summer,Turkey
cucumber_089,Cucumber,129,Green,Summer,Greece
cucumber_090,Cucumber,137,Green,Summer,Turkey
cucumber_091,Cucumber,168,Green,Spring,Greece
cucumber_092,Cucumber,137,Green,Spring,Greece
cucumber_093,Cucumber,137,Green,Summer,Greece
cucumber_094,Cucumber,171,Green,Spring,Turkey
cucumber_095,Cucumber,142,Green,Spring,Turkey
cucumber_096,Cucumber,132,Green,Summer,Spain
cucumber_097,Cucumber,165,Green,Spring,Spain
cucumber_098,Cucumber,159,Green,Spring,Greece
cucumber_099,Cucumber,135,Green,Spring,Greece
cucumber_100,Cucumber,152,Green,Spring,Greece
cucumber_101,Cucumber,133,Green,Spring,Turkey
cucumber_102,Cucumber,141,Green,Summer,Spain
cucumber_103,Cucumber,169,Green,Summer,Spain
cucumber_104,Cucumber,131,Green,Spring,Greece
cucumber_105,Cucumber,141,Green,Spring,Turkey
cucumber_106,Cucumber,128,Green,Spring,Greece
cucumber_107,Cucumber,125,Green,Spring,Greece
cucumber_108,Cucumber,144,Green,Spring,Greece
cucumber_109,Cucumber,126,Green,Summer,Greece
cucumber_110,Cucumber,132,Green,Summer,Spain
cucumber_111,Cucumber,149,Green,Spring,Greece
cucumber_112,Cucumber,160,Green,Summer,Turkey
cucumber_113,Cucumber,155,Green,Summer,Turkey
cucumber_114,Cucumber,122,Green,Summer,Greece
cucumber_115,Cucumber,172,Green,Spring,Turkey
cucumber_116,Cucumber,145,Green,Summer,Turkey
cucumber_117,Cucumber,175,Green,Spring,Turkey
cucumber_118,Cucumber,122,Green,Spring,Greece
cucumber_119,Cucumber,166,Green,Spring,Turkey
cucumber_120,Cucumber,122,Green,Summer,Spain
cucumber_121,Cucumber,173,Green,Summer,Turkey
cucumber_122,Cucumber,180,Green,Summer,Spain
cucumber_123,Cucumber,141,Green,Spring,Turkey
cucumber_124,Cucumber,156,Green,Summer,Turkey
cucumber_125,Cucumber,143,Green,Spring,Spain
cucumber_126,Cucumber,152,Green,Spring,Greece
cucumber_127,Cucumber,153,Green,Spring,Turkey
cucumber_128,Cucumber,160,Green,Spring,Greece
cucumber_129,Cucumber,174,Green,Summer,Spain
cucumber_130,Cucumber,127,Green,Spring,Spain
cucumber_131,Cucumber,122,Green,Summer,Turkey
cucumber_132,Cucumber,178,Green,Summer,Turkey
cucumber_133,Cucumber,144,Green,Spring,Turkey
cucumber_134,Cucumber,125,Green,Spring,Spain
cucumber_135,Cucumber,120,Green,Spring,Spain
cucumber_136,Cucumber,133,Green,Spring,Greece
cucumber_137,Cucumber,147,Green,Spring,Spain
cucumber_138,Cucumber,157,Green,Summer,Turkey
cucumber_139,Cucumber,175,Green,Summer,Spain
cucumber_140,Cucumber,175,Green,Summer,Greece
cucumber_141,Cucumber,133,Green,Spring,Turkey
cucumber_142,Cucumber,132,Green,Spring,Turkey
cucumber_143,Cucumber,173,Green,Summer,Greece
cucumber_144,Cucumber,164,Green,Spring,Greece
cucumber_145,Cucumber,156,Green,Summer,Greece
cucumber_146,Cucumber,120,Green,Spring,Turkey
cucumber_147,Cucumber,144,Green,Summer,Greece
cucumber_148,Cucumber,169,Green,Summer,Turkey
cucumber_149,Cucumber,177,Green,Summer,Greece
cucumber_150,Cucumber,158,Green,Summer,Spain
cucumber_151,Cucumber,133,Green,Spring,Turkey
cucumber_152,Cucumber,174,Green,Spring,Turkey
cucumber_153,Cucumber,125,Green,Spring,Spain
cucumber_154,Cucumber,166,Green,Spring,Spain
cucumber_155,Cucumber,124,Green,Spring,Turkey
cucumber_156,Cucumber,173,Green,Spring,Spain
cucumber_157,Cucumber,146,Green,Summer,Turkey
cucumber_158,Cucumber,150,Green,Spring,Spain
cucumber_159,Cucumber,152,Green,Summer,Spain
cucumber_160,Cucumber,120,Green,Spring,Greece
cucumber_161,Cucumber,121,Green,Spring,Greece
cucumber_162,Cucumber,123,Green,Summer,Greece
cucumber_163,Cucumber,128,Green,Summer,Turkey
cucumber_164,Cucumber,162,Green,Summer,Greece
cucumber_165,Cucumber,158,Green,Spring,Greece
cucumber_166,Cucumber,148,Green,Spring,Turkey
cucumber_167,Cucumber,149,Green,Summer,Spain
cucumber_168,Cucumber,154,Green,Summer,Spain
cucumber_169,Cucumber,161,Green,Summer,Greece
cucumber_170,Cucumber,144,Green,Summer,Spain
cucumber_171,Cucumber,125,Green,Spring,Spain
cucumber_172,Cucumber,170,Green,Summer,Greece
cucumber_173,Cucumber,123,Green,Spring,Turkey
cucumber_174,Cucumber,139,Green,Summer,Greece
cucumber_175,Cucumber,130,Green,Spring,Turkey
cucumber_176,Cucumber,161,Green,Spring,Spain
cucumber_177,Cucumber,160,Green,Summer,Turkey
cucumber_178,Cucumber,135,Green,Summer,Spain
cucumber_179,Cucumber,145,Green,Summer,Turkey
cucumber_180,Cucumber,171,Green,Summer,Turkey
cucumber_181,Cucumber,139,Green,Spring,Spain
cucumber_182,Cucumber,151,Green,Summer,Greece
cucumber_183,Cucumber,143,Green,Summer,Spain
cucumber_184,Cucumber,147,Green,Summer,Spain
cucumber_185,Cucumber,168,Green,Summer,Turkey
cucumber_186,Cucumber,143,Green,Summer,Greece
cucumber_187,Cucumber,179,Green,Spring,Greece
cucumber_188,Cucumber,133,Green,Summer,Greece
cucumber_189,Cucumber,150,Green,Spring,Greece
cucumber_190,Cucumber,121,Green,Spring,Spain
cucumber_191,Cucumber,145,Green,Spring,Turkey
cucumber_192,Cucumber,157,Green,Summer,Greece
cucumber_193,Cucumber,131,Green,Spring,Spain
cucumber_194,Cucumber,162,Green,Summer,Turkey
cucumber_195,Cucumber,141,Green,Spring,Spain
cucumber_196,Cucumber,129,Green,Spring,Spain
cucumber_197,Cucumber,169,Green,Summer,Spain
cucumber_198,Cucumber,179,Green,Summer,Turkey
cucumber_199,Cucumber,157,Green,Spring,Greece
cucumber_200,Cucumber,143,Green,Spring,Turkey
cucumber_201,Cucumber,173,Green,Summer,Turkey
cucumber_202,Cucumber,157,Green,Spring,Greece
cucumber_203,Cucumber,128,Green,Summer,Greece
cucumber_204,Cucumber,178,Green,Summer,Greece
cucumber_205,Cucumber,124,Green,Summer,Spain
cucumber_206,Cucumber,149,Green,Summer,Greece
cucumber_207,Cucumber,123,Green,Spring,Greece
cucumber_208,Cucumber,176,Green,Summer,Turkey
cucumber_209,Cucumber,171,Green,Spring,Spain
cucumber_210,Cucumber,134,Green,Spring,Spain
cucumber_211,Cucumber,173,Green,Spring,Greece
cucumber_212,Cucumber,158,Green,Spring,Turkey
cucumber_213,Cucumber,144,Green,Summer,Turkey
cucumber_214,Cucumber,164,Green,Summer,Spain
cucumber_215,Cucumber,175,Green,Summer,Spain
cucumber_216,Cucumber,151,Green,Spring,Greece
cucumber_217,Cucumber,141,Green,Spring,Turkey
cucumber_218,Cucumber,157,Green,Summer,Turkey
cucumber_219,Cucumber,143,Green,Spring,Greece
cucumber_220,Cucumber,163,Green,Summer,Greece
cucumber_221,Cucumber,123,Green,Summer,Spain
cucumber_222,Cucumber,175,Green,Summer,Turkey
cucumber_223,Cucumber,163,Green,Summer,Spain
cucumber_224,Cucumber,167,Green,Summer,Greece
cucumber_225,Cucumber,174,Green,Spring,Greece
cucumber_226,Cucumber,170,Green,Summer,Greece
cucumber_227,Cucumber,155,Green,Summer,Turkey
cucumber_228,Cucumber,127,Green,Summer,Greece
cucumber_229,Cucumber,128,Green,Summer,Greece
cucumber_230,Cucumber,160,Green,Summer,Spain
cucumber_231,Cucumber,134,Green,Spring,Spain
cucumber_232,Cucumber,177,Green,Spring,Turkey
cucumber_233,Cucumber,151,Green,Summer,Spain
cucumber_234,Cucumber,141,Green,Spring,Spain
cucumber_235,Cucumber,172,Green,Spring,Turkey
cucumber_236,Cucumber,126,Green,Summer,Turkey
cucumber_237,Cucumber,154,Green,Spring,Turkey
cucumber_238,Cucumber,179,Green,Spring,Turkey
cucumber_239,Cucumber,128,Green,Summer,Greece
cucumber_240,Cucumber,160,Green,Summer,Greece
cucumber_241,Cucumber,178,Green,Spring,Spain
cucumber_242,Cucumber,172,Green,Summer,Turkey
cucumber_243,Cucumber,165,Green,Spring,Greece
cucumber_244,Cucumber,121,Green,Spring,Turkey
cucumber_245,Cucumber,123,Green,Summer,Greece
cucumber_246,Cucumber,138,Green,Spring,Turkey
cucumber_247,Cucumber,151,Green,Summer,Turkey
cucumber_248,Cucumber,126,Green,Spring,Turkey
cucumber_249,Cucumber,127,Green,Summer,Turkey
cucumber_250,Cucumber,178,Green,Spring,Greece
cucumber_251,Cucumber,173,Green,Spring,Turkey
cucumber_252,Cucumber,137,Green,Summer,Spain
cucumber_253,Cucumber,124,Green,Summer,Turkey
cucumber_254,Cucumber,144,Green,Summer,Spain
cucumber_255,Cucumber,158,Green,Summer,Spain
cucumber_256,Cucumber,154,Green,Spring,Turkey
cucumber_257,Cucumber,176,Green,Summer,Spain
cucumber_258,Cucumber,156,Green,Spring,Turkey
cucumber_259,Cucumber,162,Green,Spring,Greece
cucumber_260,Cucumber,120,Green,Spring,Greece
cucumber_261,Cucumber,130,Green,Spring,Greece
cucumber_262,Cucumber,132,Green,Summer,Turkey
cucumber_263,Cucumber,140,Green,Summer,Greece
cucumber_264,Cucumber,141,Green,Summer,Spain
cucumber_265,Cucumber,121,Green,Spring,Greece
cucumber_266,Cucumber,170,Green,Spring,Turkey
cucumber_267,Cucumber,152,Green,Spring,Spain
cucumber_268,Cucumber,153,Green,Spring,Turkey
cucumber_269,Cucumber,152,Green,Summer,Greece
cucumber_270,Cucumber,154,Green,Spring,Turkey
cucumber_271,Cucumber,130,Green,Spring,Turkey
cucumber_272,Cucumber,139,Green,Spring,Turkey
cucumber_273,Cucumber,153,Green,Summer,Spain
cucumber_274,Cucumber,158,Green,Spring,Greece
cucumber_275,Cucumber,167,Green,Spring,Spain
cucumber_276,Cucumber,154,Green,Summer,Spain
cucumber_277,Cucumber,147,Green,Summer,Spain
cucumber_278,Cucumber,126,Green,Spring,Greece
cucumber_279,Cucumber,167,Green,Summer,Spain
cucumber_280,Cucumber,165,Green,Spring,Spain
cucumber_281,Cucumber,174,Green,Spring,Turkey
cucumber_282,Cucumber,178,Green,Summer,Greece
cucumber_283,Cucumber,171,Green,Summer,Spain
cucumber_284,Cucumber,141,Green,Spring,Greece
cucumber_285,Cucumber,157,Green,Spring,Greece
cucumber_286,Cucumber,144,Green,Spring,Greece
cucumber_287,Cucumber,124,Green,Spring,Spain
cucumber_288,Cucumber,134,Green,Summer,Spain
cucumber_289,Cucumber,123,Green,Spring,Spain
cucumber_290,Cucumber,125,Green,Spring,Greece
cucumber_291,Cucumber,166,Green,Summer,Turkey
cucumber_292,Cucumber,170,Green,Spring,Spain
cucumber_293,Cucumber,136,Green,Spring,Spain
cucumber_294,Cucumber,161,Green,Spring,Greece
cucumber_295,Cucumber,173,Green,Summer,Spain
cucumber_296,Cucumber,143,Green,Summer,Greece
cucumber_297,Cucumber,146,Green,Summer,Spain
cucumber_298,Cucumber,135,Green,Spring,Spain
cucumber_299,Cucumber,173,Green,Spring,Turkey
cucumber_300,Cucumber,163,Green,Spring,Greece
cucumber_301,Cucumber,131,Green,Spring,Turkey
cucumber_302,Cucumber,149,Green,Spring,Spain
cucumber_303,Cucumber,175,Green,Spring,Turkey
cucumber_304,Cucumber,130,Green,Spring,Greece
cucumber_305,Cucumber,169,Green,Summer,Turkey
cucumber_306,Cucumber,128,Green,Spring,Turkey
cucumber_307,Cucumber,156,Green,Spring,Greece
cucumber_308,Cucumber,170,Green,Summer,Greece
cucumber_309,Cucumber,176,Green,Spring,Spain
cucumber_310,Cucumber,125,Green,Spring,Greece
cucumber_311,Cucumber,153,Green,Spring,Turkey
cucumber_312,Cucumber,174,Green,Spring,Spain
cucumber_313,Cucumber,120,Green,Spring,Turkey
cucumber_314,Cucumber,139,Green,Spring,Greece
cucumber_315,Cucumber,160,Green,Spring,Greece
cucumber_316,Cucumber,156,Green,Summer,Spain
cucumber_317,Cucumber,133,Green,Spring,Greece
cucumber_318,Cucumber,144,Green,Summer,Turkey
cucumber_319,Cucumber,130,Green,Spring,Turkey
cucumber_320,Cucumber,171,Green,Summer,Turkey
cucumber_321,Cucumber,128,Green,Summer,Spain
cucumber_322,Cucumber,176,Green,Spring,Greece
cucumber_323,Cucumber,179,Green,Summer,Spain
cucumber_324,Cucumber,120,Green,Spring,Spain
cucumber_325,Cucumber,138,Green,Spring,Spain
cucumber_326,Cucumber,161,Green,Spring,Spain
cucumber_327,Cucumber,152,Green,Spring,Turkey
cucumber_328,Cucumber,138,Green,Summer,Spain
cucumber_329,Cucumber,167,Green,Spring,Spain
cucumber_330,Cucumber,168,Green,Summer,Turkey
cucumber_331,Cucumber,178,Green,Summer,Greece
cucumber_332,Cucumber,168,Green,Summer,Spain
cucumber_333,Cucumber,174,Green,Summer,Greece
cucumber_334,Cucumber,175,Green,Spring,Turkey
cucumber_335,Cucumber,166,Green,Spring,Greece
cucumber_336,Cucumber,143,Green,Summer,Greece
cucumber_337,Cucumber,151,Green,Summer,Turkey
cucumber_338,Cucumber,150,Green,Summer,Turkey
cucumber_339,Cucumber,168,Green,Summer,Turkey
cucumber_340,Cucumber,125,Green,Spring,Greece
cucumber_341,Cucumber,155,Green,Spring,Turkey
cucumber_342,Cucumber,165,Green,Spring,Turkey
cucumber_343,Cucumber,123,Green,Summer,Spain
cucumber_344,Cucumber,150,Green,Spring,Greece
cucumber_345,Cucumber,136,Green,Summer,Spain
cucumber_346,Cucumber,167,Green,Summer,Greece
cucumber_347,Cucumber,164,Green,Spring,Spain
cucumber_348,Cucumber,170,Green,Spring,Spain
cucumber_349,Cucumber,140,Green,Spring,Turkey
cucumber_350,Cucumber,159,Green,Summer,Greece
cucumber_351,Cucumber,131,Green,Summer,Spain
cucumber_352,Cucumber,137,Green,Spring,Turkey
cucumber_353,Cucumber,164,Green,Summer,Spain
cucumber_354,Cucumber,126,Green,Summer,Spain
cucumber_355,Cucumber,172,Green,Spring,Turkey
cucumber_356,Cucumber,178,Green,Summer,Greece
cucumber_357,Cucumber,120,Green,Summer,Spain
cucumber_358,Cucumber,167,Green,Summer,Greece
cucumber_359,Cucumber,131,Green,Spring,Spain
cucumber_360,Cucumber,168,Green,Summer,Spain
cucumber_361,Cucumber,132,Green,Summer,Spain
cucumber_362,Cucumber,131,Green,Spring,Turkey
cucumber_363,Cucumber,136,Green,Summer,Greece
cucumber_364,Cucumber,121,Green,Spring,Greece
cucumber_365,Cucumber,126,Green,Summer,Turkey
cucumber_366,Cucumber,159,Green,Summer,Greece
cucumber_367,Cucumber,169,Green,Spring,Greece
cucumber_368,Cucumber,162,Green,Spring,Greece
cucumber_369,Cucumber,180,Green,Spring,Turkey
cucumber_370,Cucumber,169,Green,Summer,Spain
cucumber_371,Cucumber,151,Green,Summer,Greece
cucumber_372,Cucumber,144,Green,Summer,Spain
cucumber_373,Cucumber,171,Green,Summer,Turkey
cucumber_374,Cucumber,124,Green,Summer,Greece
cucumber_375,Cucumber,137,Green,Spring,Spain
cucumber_376,Cucumber,141,Green,Spring,Spain
cucumber_377,Cucumber,142,Green,Spring,Spain
cucumber_378,Cucumber,160,Green,Spring,Spain
cucumber_379,Cucumber,173,Green,Spring,Greece
cucumber_380,Cucumber,147,Green,Summer,Greece
cucumber_381,Cucumber,142,Green,Summer,Spain
cucumber_382,Cucumber,147,Green,Summer,Spain
cucumber_383,Cucumber,179,Green,Summer,Greece
cucumber_384,Cucumber,167,Green,Spring,Turkey
cucumber_385,Cucumber,166,Green,Spring,Turkey
cucumber_386,Cucumber,171,Green,Summer,Turkey
cucumber_387,Cucumber,163,Green,Summer,Spain
cucumber_388,Cucumber,172,Green,Spring,Turkey
cucumber_389,Cucumber,176,Green,Summer,Greece
cucumber_390,Cucumber,176,Green,Spring,Turkey
cucumber_391,Cucumber,166,Green,Spring,Turkey
cucumber_392,Cucumber,140,Green,Summer,Greece
cucumber_393,Cucumber,174,Green,Spring,Greece
cucumber_394,Cucumber,155,Green,Spring,Turkey
cucumber_395,Cucumber,145,Green,Summer,Greece
cucumber_396,Cucumber,151,Green,Summer,Spain
cucumber_397,Cucumber,158,Green,Spring,Greece
cucumber_398,Cucumber,163,Green,Spring,Spain
cucumber_399,Cucumber,178,Green,Spring,Greece
cucumber_400,Cucumber,148,Green,Summer,Greece
cucumber_401,Cucumber,177,Green,Summer,Spain
cucumber_402,Cucumber,176,Green,Summer,Turkey
cucumber_403,Cucumber,122,Green,Summer,Turkey
cucumber_404,Cucumber,131,Green,Spring,Spain
cucumber_405,Cucumber,129,Green,Summer,Spain
cucumber_406,Cucumber,151,Green,Spring,Spain
cucumber_407,Cucumber,168,Green,Spring,Greece
cucumber_408,Cucumber,174,Green,Spring,Turkey
cucumber_409,Cucumber,123,Green,Spring,Greece
cucumber_410,Cucumber,162,Green,Summer,Turkey
cucumber_411,Cucumber,163,Green,Summer,Greece
cucumber_412,Cucumber,147,Green,Summer,Turkey
cucumber_413,Cucumber,141,Green,Summer,Spain
cucumber_414,Cucumber,179,Green,Summer,Turkey
cucumber_415,Cucumber,170,Green,Summer,Greece
cucumber_416,Cucumber,133,Green,Summer,Greece
cucumber_417,Cucumber,144,Green,Summer,Turkey
cucumber_418,Cucumber,148,Green,Summer,Turkey
cucumber_419,Cucumber,178,Green,Spring,Greece
cucumber_420,Cucumber,159,Green,Summer,Turkey
cucumber_421,Cucumber,147,Green,Spring,Turkey
cucumber_422,Cucumber,151,Green,Spring,Greece
cucumber_423,Cucumber,173,Green,Summer,Turkey
cucumber_424,Cucumber,123,Green,Summer,Turkey
cucumber_425,Cucumber,135,Green,Spring,Turkey
cucumber_426,Cucumber,158,Green,Summer,Turkey
cucumber_427,Cucumber,144,Green,Spring,Spain
cucumber_428,Cucumber,137,Green,Spring,Greece
cucumber_429,Cucumber,176,Green,Spring,Turkey
cucumber_430,Cucumber,153,Green,Summer,Greece
cucumber_431,Cucumber,130,Green,Spring,Greece
cucumber_432,Cucumber,167,Green,Spring,Spain
cucumber_433,Cucumber,141,Green,Summer,Spain
cucumber_434,Cucumber,131,Green,Spring,Turkey
cucumber_435,Cucumber,150,Green,Summer,Turkey
cucumber_436,Cucumber,141,Green,Spring,Greece
cucumber_437,Cucumber,142,Green,Spring,Spain
cucumber_438,Cucumber,144,Green,Summer,Turkey
cucumber_439,Cucumber,139,Green,Summer,Spain
cucumber_440,Cucumber,157,Green,Summer,Greece
cucumber_441,Cucumber,162,Green,Summer,Greece
cucumber_442,Cucumber,172,Green,Spring,Turkey
cucumber_443,Cucumber,134,Green,Summer,Spain
cucumber_444,Cucumber,142,Green,Summer,Greece
cucumber_445,Cucumber,173,Green,Summer,Turkey
cucumber_446,Cucumber,122,Green,Spring,Turkey
cucumber_447,Cucumber,169,Green,Spring,Turkey
cucumber_448,Cucumber,127,Green,Summer,Greece
cucumber_449,Cucumber,157,Green,Spring,Turkey
cucumber_450,Cucumber,126,Green,Summer,Greece
cucumber_451,Cucumber,179,Green,Summer,Turkey
cucumber_452,Cucumber,151,Green,Summer,Spain
cucumber_453,Cucumber,146,Green,Summer,Turkey
cucumber_454,Cucumber,124,Green,Summer,Spain
cucumber_455,Cucumber,135,Green,Spring,Spain
cucumber_456,Cucumber,138,Green,Spring,Greece
cucumber_457,Cucumber,123,Green,Summer,Greece
cucumber_458,Cucumber,134,Green,Summer,Spain
cucumber_459,Cucumber,126,Green,Summer,Spain
cucumber_460,Cucumber,138,Green,Summer,Greece
cucumber_461,Cucumber,151,Green,Summer,Spain
cucumber_462,Cucumber,127,Green,Spring,Turkey
cucumber_463,Cucumber,179,Green,Spring,Turkey
cucumber_464,Cucumber,158,Green,Spring,Greece
cucumber_465,Cucumber,150,Green,Summer,Greece
cucumber_466,Cucumber,132,Green,Summer,Spain
cucumber_467,Cucumber,144,Green,Summer,Spain
cucumber_468,Cucumber,174,Green,Spring,Spain
cucumber_469,Cucumber,153,Green,Summer,Greece
cucumber_470,Cucumber,125,Green,Spring,Greece
cucumber_471,Cucumber,134,Green,Summer,Spain
cucumber_472,Cucumber,158,Green,Spring,Turkey
cucumber_473,Cucumber,168,Green,Spring,Greece
cucumber_474,Cucumber,157,Green,Summer,Spain
cucumber_475,Cucumber,141,Green,Summer,Spain
cucumber_476,Cucumber,138,Green,Summer,Greece
cucumber_477,Cucumber,121,Green,Spring,Spain
cucumber_478,Cucumber,120,Green,Summer,Greece
cucumber_479,Cucumber,142,Green,Spring,Spain
cucumber_480,Cucumber,174,Green,Spring,Greece
cucumber_481,Cucumber,159,Green,Summer,Turkey
cucumber_482,Cucumber,122,Green,Spring,Turkey
cucumber_483,Cucumber,162,Green,Spring,Greece
cucumber_484,Cucumber,123,Green,Spring,Turkey
cucumber_485,Cucumber,173,Green,Summer,Spain
cucumber_486,Cucumber,165,Green,Summer,Spain
cucumber_487,Cucumber,168,Green,Summer,Turkey
cucumber_488,Cucumber,167,Green,Spring,Greece
cucumber_489,Cucumber,139,Green,Spring,Turkey
cucumber_490,Cucumber,134,Green,Spring,Turkey
cucumber_491,Cucumber,161,Green,Summer,Spain
cucumber_492,Cucumber,123,Green,Summer,Turkey
cucumber_493,Cucumber,174,Green,Summer,Greece
cucumber_494,Cucumber,129,Green,Spring,Turkey
cucumber_495,Cucumber,130,Green,Summer,Spain
cucumber_496,Cucumber,150,Green,Spring,Spain
cucumber_497,Cucumber,178,Green,Spring,Greece
cucumber_498,Cucumber,124,Green,Spring,Turkey
cucumber_499,Cucumber,163,Green,Summer,Spain
cucumber_500,Cucumber,150,Green,Spring,Spain
cucumber_501,Cucumber,175,Green,Spring,Spain
cucumber_502,Cucumber,143,Green,Spring,Greece
cucumber_503,Cucumber,129,Green,Summer,Spain
cucumber_504,Cucumber,164,Green,Summer,Greece
cucumber_505,Cucumber,126,Green,Spring,Spain
cucumber_506,Cucumber,150,Green,Summer,Turkey
cucumber_507,Cucumber,169,Green,Spring,Spain
cucumber_508,Cucumber,139,Green,Summer,Spain
cucumber_509,Cucumber,163,Green,Summer,Turkey
cucumber_510,Cucumber,165,Green,Spring,Turkey
cucumber_511,Cucumber,175,Green,Summer,Greece
cucumber_512,Cucumber,127,Green,Spring,Spain
cucumber_513,Cucumber,128,Green,Summer,Turkey
cucumber_514,Cucumber,159,Green,Summer,Greece
cucumber_515,Cucumber,143,Green,Summer,Turkey
cucumber_516,Cucumber,146,Green,Summer,Greece
cucumber_517,Cucumber,136,Green,Spring,Greece
cucumber_518,Cucumber,170,Green,Summer,Turkey
cucumber_519,Cucumber,140,Green,Spring,Greece
cucumber_520,Cucumber,174,Green,Summer,Turkey
cucumber_521,Cucumber,124,Green,Summer,Greece
cucumber_522,Cucumber,180,Green,Spring,Turkey
cucumber_523,Cucumber,173,Green,Summer,Turkey
cucumber_524,Cucumber,136,Green,Summer,Turkey
cucumber_525,Cucumber,152,Green,Summer,Turkey
cucumber_526,Cucumber,134,Green,Spring,Turkey
cucumber_527,Cucumber,154,Green,Spring,Greece
cucumber_528,Cucumber,150,Green,Spring,Turkey
cucumber_529,Cucumber,169,Green,Summer,Turkey
cucumber_530,Cucumber,125,Green,Summer,Turkey
cucumber_531,Cucumber,120,Green,Summer,Turkey
cucumber_532,Cucumber,156,Green,Summer,Spain
cucumber_533,Cucumber,120,Green,Spring,Spain
cucumber_534,Cucumber,134,Green,Spring,Greece
cucumber_535,Cucumber,165,Green,Spring,Spain
cucumber_536,Cucumber,129,Green,Summer,Spain
cucumber_537,Cucumber,140,Green,Spring,Turkey
cucumber_538,Cucumber,140,Green,Summer,Turkey
cucumber_539,Cucumber,167,Green,Spring,Spain
cucumber_540,Cucumber,150,Green,Spring,Greece
cucumber_541,Cucumber,173,Green,Spring,Greece
cucumber_542,Cucumber,122,Green,Summer,Spain
cucumber_543,Cucumber,142,Green,Spring,Greece
cucumber_544,Cucumber,131,Green,Summer,Turkey
cucumber_545,Cucumber,151,Green,Summer,Greece
cucumber_546,Cucumber,135,Green,Summer,Greece
cucumber_547,Cucumber,175,Green,Spring,Turkey
cucumber_548,Cucumber,165,Green,Spring,Turkey
cucumber_549,Cucumber,124,Green,Summer,Spain
cucumber_550,Cucumber,137,Green,Spring,Greece
cucumber_551,Cucumber,127,Green,Summer,Spain
cucumber_552,Cucumber,167,Green,Spring,Greece
cucumber_553,Cucumber,123,Green,Summer,Spain
cucumber_554,Cucumber,175,Green,Spring,Greece
cucumber_555,Cucumber,142,Green,Spring,Spain
cucumber_556,Cucumber,147,Green,Spring,Spain
cucumber_557,Cucumber,139,Green,Spring,Greece
cucumber_558,Cucumber,170,Green,Spring,Turkey
cucumber_559,Cucumber,143,Green,Spring,Greece
cucumber_560,Cucumber,156,Green,Summer,Turkey
cucumber_561,Cucumber,127,Green,Summer,Turkey
cucumber_562,Cucumber,168,Green,Spring,Spain
cucumber_563,Cucumber,121,Green,Summer,Turkey
cucumber_564,Cucumber,124,Green,Spring,Turkey
cucumber_565,Cucumber,140,Green,Summer,Greece
cucumber_566,Cucumber,127,Green,Summer,Spain
cucumber_567,Cucumber,136,Green,Spring,Turkey
cucumber_568,Cucumber,167,Green,Summer,Turkey
cucumber_569,Cucumber,157,Green,Spring,Spain
cucumber_570,Cucumber,143,Green,Summer,Turkey
cucumber_571,Cucumber,148,Green,Summer,Greece
cucumber_572,Cucumber,142,Green,Summer,Greece
cucumber_573,Cucumber,121,Green,Summer,Spain
cucumber_574,Cucumber,154,Green,Summer,Greece
cucumber_575,Cucumber,124,Green,Summer,Greece
cucumber_576,Cucumber,179,Green,Summer,Spain
cucumber_577,Cucumber,164,Green,Summer,Turkey
cucumber_578,Cucumber,146,Green,Spring,Greece
cucumber_579,Cucumber,155,Green,Spring,Turkey
cucumber_580,Cucumber,137,Green,Spring,Greece
cucumber_581,Cucumber,173,Green,Spring,Turkey
cucumber_582,Cucumber,147,Green,Summer,Greece
cucumber_583,Cucumber,179,Green,Summer,Greece
cucumber_584,Cucumber,178,Green,Summer,Greece
cucumber_585,Cucumber,167,Green,Summer,Greece
cucumber_586,Cucumber,160,Green,Spring,Greece
cucumber_587,Cucumber,156,Green,Spring,Spain
cucumber_588,Cucumber,173,Green,Summer,Turkey
cucumber_589,Cucumber,136,Green,Summer,Spain
cucumber_590,Cucumber,135,Green,Spring,Greece
cucumber_591,Cucumber,146,Green,Spring,Spain
cucumber_592,Cucumber,159,Green,Spring,Turkey
cucumber_593,Cucumber,133,Green,Summer,Turkey
cucumber_594,Cucumber,144,Green,Summer,Spain
cucumber_595,Cucumber,130,Green,Spring,Greece
cucumber_596,Cucumber,135,Green,Summer,Spain
cucumber_597,Cucumber,174,Green,Summer,Spain
cucumber_598,Cucumber,170,Green,Spring,Greece
cucumber_599,Cucumber,154,Green,Spring,Greece
mandarin_000,Mandarin,85,Orange,Winter,Turkey
mandarin_001,Mandarin,76,Orange,Fall,Turkey
mandarin_002,Mandarin,97,Orange,Winter,Spain
mandarin_003,Mandarin,77,Orange,Winter,Morocco
mandarin_004,Mandarin,81,Orange,Fall,Spain
mandarin_005,Mandarin,90,Orange,Winter,Turkey
mandarin_006,Mandarin,78,Orange,Winter,Turkey
mandarin_007,Mandarin,87,Orange,Fall,Spain
mandarin_008,Mandarin,97,Orange,Fall,Morocco
mandarin_009,Mandarin,84,Orange,Winter,Turkey
mandarin_010,Mandarin,98,Orange,Fall,Spain
mandarin_011,Mandarin,73,Orange,Winter,Morocco
mandarin_012,Mandarin,72,Orange,Fall,Spain
mandarin_013,Mandarin,77,Orange,Winter,Morocco
mandarin_014,Mandarin,81,Orange,Winter,Spain
mandarin_015,Mandarin,97,Orange,Fall,Spain
mandarin_016,Mandarin,89,Orange,Winter,Turkey
mandarin_017,Mandarin,75,Orange,Fall,Spain
mandarin_018,Mandarin,94,Orange,Winter,Turkey
mandarin_019,Mandarin,91,Orange,Winter,Turkey
mandarin_020,Mandarin,92,Orange,Winter,Morocco
mandarin_021,Mandarin,83,Orange,Fall,Morocco
mandarin_022,Mandarin,71,Orange,Winter,Spain
mandarin_023,Mandarin,82,Orange,Winter,Morocco
mandarin_024,Mandarin,88,Orange,Fall,Spain
mandarin_025,Mandarin,93,Orange,Winter,Morocco
mandarin_026,Mandarin,100,Orange,Winter,Turkey
mandarin_027,Mandarin,91,Orange,Winter,Turkey
mandarin_028,Mandarin,100,Orange,Fall,Turkey
mandarin_029,Mandarin,94,Orange,Fall,Turkey
mandarin_030,Mandarin,71,Orange,Fall,Turkey
mandarin_031,Mandarin,85,Orange,Winter,Spain
mandarin_032,Mandarin,80,Orange,Fall,Morocco
mandarin_033,Mandarin,99,Orange,Winter,Spain
mandarin_034,Mandarin,74,Orange,Fall,Turkey
mandarin_035,Mandarin,86,Orange,Fall,Spain
mandarin_036,Mandarin,88,Orange,Fall,Morocco
mandarin_037,Mandarin,83,Orange,Winter,Morocco
mandarin_038,Mandarin,97,Orange,Winter,Turkey
mandarin_039,Mandarin,76,Orange,Winter,Turkey
mandarin_040,Mandarin,96,Orange,Fall,Morocco
mandarin_041,Mandarin,85,Orange,Fall,Spain
mandarin_042,Mandarin,89,Orange,Winter,Spain
mandarin_043,Mandarin,71,Orange,Winter,Turkey
mandarin_044,Mandarin,98,Orange,Fall,Turkey
mandarin_045,Mandarin,75,Orange,Fall,Spain
mandarin_046,Mandarin,84,Orange,Winter,Spain
mandarin_047,Mandarin,77,Orange,Winter,Morocco
mandarin_048,Mandarin,99,Orange,Fall,Morocco
mandarin_049,Mandarin,89,Orange,Winter,Morocco
mandarin_050,Mandarin,84,Orange,Fall,Morocco
mandarin_051,Mandarin,93,Orange,Fall,Turkey
mandarin_052,Mandarin,74,Orange,Winter,Turkey
mandarin_053,Mandarin,74,Orange,Winter,Morocco
mandarin_054,Mandarin,87,Orange,Winter,Spain
mandarin_055,Mandarin,100,Orange,Winter,Spain
mandarin_056,Mandarin,81,Orange,Winter,Morocco
mandarin_057,Mandarin,88,Orange,Fall,Morocco
mandarin_058,Mandarin,86,Orange,Fall,Turkey
mandarin_059,Mandarin,78,Orange,Winter,Morocco
mandarin_060,Mandarin,72,Orange,Fall,Turkey
mandarin_061,Mandarin,83,Orange,Fall,Turkey
mandarin_062,Mandarin,85,Orange,Fall,Spain
mandarin_063,Mandarin,94,Orange,Winter,Morocco
mandarin_064,Mandarin,79,Orange,Winter,Turkey
mandarin_065,Mandarin,89,Orange,Winter,Spain
mandarin_066,Mandarin,72,Orange,Winter,Spain
mandarin_067,Mandarin,71,Orange,Fall,Spain
mandarin_068,Mandarin,80,Orange,Winter,Spain
mandarin_069,Mandarin,93,Orange,Winter,Turkey
mandarin_070,Mandarin,79,Orange,Fall,Spain
mandarin_071,Mandarin,87,Orange,Fall,Spain
mandarin_072,Mandarin,91,Orange,Fall,Morocco
mandarin_073,Mandarin,88,Orange,Fall,Spain
mandarin_074,Mandarin,82,Orange,Fall,Turkey
mandarin_075,Mandarin,99,Orange,Winter,Turkey
mandarin_076,Mandarin,83,Orange,Fall,Morocco
mandarin_077,Mandarin,70,Orange,Winter,Morocco
mandarin_078,Mandarin,76,Orange,Winter,Turkey
mandarin_079,Mandarin,93,Orange,Winter,Morocco
mandarin_080,Mandarin,83,Orange,Fall,Morocco
mandarin_081,Mandarin,72,Orange,Winter,Turkey
mandarin_082,Mandarin,73,Orange,Winter,Morocco
mandarin_083,Mandarin,100,Orange,Fall,Spain
mandarin_084,Mandarin,88,Orange,Fall,Spain
mandarin_085,Mandarin,74,Orange,Fall,Spain
mandarin_086,Mandarin,79,Orange,Winter,Morocco
mandarin_087,Mandarin,71,Orange,Winter,Morocco
mandarin_088,Mandarin,84,Orange,Fall,Spain
mandarin_089,Mandarin,98,Orange,Fall,Spain
mandarin_090,Mandarin,73,Orange,Fall,Morocco
mandarin_091,Mandarin,93,Orange,Winter,Morocco
mandarin_092,Mandarin,93,Orange,Winter,Turkey
mandarin_093,Mandarin,100,Orange,Winter,Morocco
mandarin_094,Mandarin,78,Orange,Fall,Spain
mandarin_095,Mandarin,100,Orange,Winter,Spain
mandarin_096,Mandarin,75,Orange,Fall,Spain
mandarin_097,Mandarin,78,Orange,Winter,Morocco
mandarin_098,Mandarin,83,Orange,Winter,Morocco
mandarin_099,Mandarin,75,Orange,Fall,Spain
mandarin_100,Mandarin,98,Orange,Fall,Morocco
mandarin_101,Mandarin,90,Orange,Fall,Spain
mandarin_102,Mandarin,70,Orange,Fall,Spain
mandarin_103,Mandarin,76,Orange,Fall,Morocco
mandarin_104,Mandarin,99,Orange,Fall,Morocco
mandarin_105,Mandarin,87,Orange,Winter,Spain
mandarin_106,Mandarin,88,Orange,Fall,Spain
mandarin_107,Mandarin,70,Orange,Winter,Morocco
mandarin_108,Mandarin,82,Orange,Fall,Turkey
mandarin_109,Mandarin,76,Orange,Winter,Morocco
mandarin_110,Mandarin,70,Orange,Fall,Turkey
mandarin_111,Mandarin,72,Orange,Fall,Turkey
mandarin_112,Mandarin,94,Orange,Fall,Turkey
mandarin_113,Mandarin,71,Orange,Winter,Spain
mandarin_114,Mandarin,81,Orange,Winter,Turkey
mandarin_115,Mandarin,94,Orange,Winter,Spain
mandarin_116,Mandarin,90,Orange,Fall,Spain
mandarin_117,Mandarin,72,Orange,Fall,Morocco
mandarin_118,Mandarin,78,Orange,Fall,Spain
mandarin_119,Mandarin,79,Orange,Fall,Morocco
mandarin_120,Mandarin,70,Orange,Winter,Morocco
mandarin_121,Mandarin,94,Orange,Fall,Spain
mandarin_122,Mandarin,85,Orange,Winter,Turkey
mandarin_123,Mandarin,93,Orange,Fall,Turkey
mandarin_124,Mandarin,88,Orange,Fall,Morocco
mandarin_125,Mandarin,75,Orange,Fall,Morocco
mandarin_126,Mandarin,72,Orange,Fall,Morocco
mandarin_127,Mandarin,75,Orange,Winter,Spain
mandarin_128,Mandarin,80,Orange,Winter,Morocco
mandarin_129,Mandarin,95,Orange,Fall,Spain
mandarin_130,Mandarin,90,Orange,Fall,Morocco
mandarin_131,Mandarin,95,Orange,Fall,Morocco
mandarin_132,Mandarin,72,Orange,Fall,Turkey
mandarin_133,Mandarin,87,Orange,Winter,Morocco
mandarin_134,Mandarin,73,Orange,Fall,Turkey
mandarin_135,Mandarin,91,Orange,Winter,Turkey
mandarin_136,Mandarin,88,Orange,Fall,Morocco
mandarin_137,Mandarin,75,Orange,Fall,Turkey
mandarin_138,Mandarin,83,Orange,Fall,Morocco
mandarin_139,Mandarin,77,Orange,Fall,Turkey
mandarin_140,Mandarin,78,Orange,Winter,Turkey
mandarin_141,Mandarin,90,Orange,Fall,Morocco
mandarin_142,Mandarin,84,Orange,Fall,Morocco
mandarin_143,Mandarin,85,Orange,Winter,Morocco
mandarin_144,Mandarin,98,Orange,Fall,Morocco
mandarin_145,Mandarin,76,Orange,Winter,Spain
mandarin_146,Mandarin,79,Orange,Winter,Turkey
mandarin_147,Mandarin,71,Orange,Winter,Spain
mandarin_148,Mandarin,81,Orange,Fall,Morocco
mandarin_149,Mandarin,89,Orange,Winter,Morocco
mandarin_150,Mandarin,93,Orange,Fall,Turkey
mandarin_151,Mandarin,89,Orange,Winter,Morocco
mandarin_152,Mandarin,87,Orange,Winter,Spain
mandarin_153,Mandarin,97,Orange,Fall,Morocco
mandarin_154,Mandarin,83,Orange,Fall,Turkey
mandarin_155,Mandarin,87,Orange,Winter,Morocco
mandarin_156,Mandarin,100,Orange,Fall,Turkey
mandarin_157,Mandarin,74,Orange,Winter,Morocco
mandarin_158,Mandarin,96,Orange,Fall,Morocco
mandarin_159,Mandarin,82,Orange,Winter,Spain
mandarin_160,Mandarin,95,Orange,Fall,Spain
mandarin_161,Mandarin,74,Orange,Winter,Turkey
mandarin_162,Mandarin,75,Orange,Fall,Turkey
mandarin_163,Mandarin,93,Orange,Fall,Spain
mandarin_164,Mandarin,84,Orange,Fall,Morocco
mandarin_165,Mandarin,72,Orange,Winter,Spain
mandarin_166,Mandarin,98,Orange,Winter,Turkey
mandarin_167,Mandarin,99,Orange,Winter,Morocco
mandarin_168,Mandarin,82,Orange,Fall,Morocco
mandarin_169,Mandarin,85,Orange,Winter,Spain
mandarin_170,Mandarin,83,Orange,Winter,Spain
mandarin_171,Mandarin,84,Orange,Fall,Morocco
mandarin_172,Mandarin,97,Orange,Winter,Turkey
mandarin_173,Mandarin,77,Orange,Fall,Morocco
mandarin_174,Mandarin,94,Orange,Winter,Turkey
mandarin_175,Mandarin,91,Orange,Winter,Turkey
mandarin_176,Mandarin,81,Orange,Fall,Spain
mandarin_177,Mandarin,80,Orange,Winter,Turkey
mandarin_178,Mandarin,78,Orange,Fall,Morocco
mandarin_179,Mandarin,97,Orange,Winter,Turkey
mandarin_180,Mandarin,91,Orange,Fall,Spain
mandarin_181,Mandarin,72,Orange,Fall,Turkey
mandarin_182,Mandarin,100,Orange,Winter,Spain
mandarin_183,Mandarin,99,Orange,Winter,Turkey
mandarin_184,Mandarin,91,Orange,Winter,Morocco
mandarin_185,Mandarin,99,Orange,Fall,Spain
mandarin_186,Mandarin,85,Orange,Fall,Spain
mandarin_187,Mandarin,97,Orange,Fall,Turkey
mandarin_188,Mandarin,85,Orange,Fall,Turkey
mandarin_189,Mandarin,72,Orange,Fall,Morocco
mandarin_190,Mandarin,96,Orange,Winter,Turkey
mandarin_191,Mandarin,76,Orange,Fall,Spain
mandarin_192,Mandarin,81,Orange,Fall,Morocco
mandarin_193,Mandarin,89,Orange,Winter,Turkey
mandarin_194,Mandarin,72,Orange,Fall,Turkey
mandarin_195,Mandarin,91,Orange,Fall,Morocco
mandarin_196,Mandarin,98,Orange,Winter,Spain
mandarin_197,Mandarin,92,Orange,Fall,Morocco
mandarin_198,Mandarin,91,Orange,Fall,Spain
mandarin_199,Mandarin,88,Orange,Winter,Morocco
mandarin_200,Mandarin,88,Orange,Winter,Spain
mandarin_201,Mandarin,85,Orange,Fall,Turkey
mandarin_202,Mandarin,72,Orange,Fall,Turkey
mandarin_203,Mandarin,78,Orange,Winter,Morocco
mandarin_204,Mandarin,79,Orange,Fall,Morocco
mandarin_205,Mandarin,93,Orange,Winter,Spain
mandarin_206,Mandarin,85,Orange,Fall,Turkey
mandarin_207,Mandarin,96,Orange,Fall,Spain
mandarin_208,Mandarin,75,Orange,Winter,Morocco
mandarin_209,Mandarin,75,Orange,Fall,Morocco
mandarin_210,Mandarin,83,Orange,Fall,Morocco
mandarin_211,Mandarin,73,Orange,Winter,Morocco
mandarin_212,Mandarin,74,Orange,Winter,Morocco
mandarin_213,Mandarin,77,Orange,Fall,Spain
mandarin_214,Mandarin,96,Orange,Winter,Spain
mandarin_215,Mandarin,83,Orange,Fall,Spain
mandarin_216,Mandarin,88,Orange,Fall,Morocco
mandarin_217,Mandarin,91,Orange,Winter,Turkey
mandarin_218,Mandarin,91,Orange,Fall,Morocco
mandarin_219,Mandarin,77,Orange,Winter,Spain
mandarin_220,Mandarin,90,Orange,Winter,Morocco
mandarin_221,Mandarin,74,Orange,Fall,Morocco
mandarin_222,Mandarin,85,Orange,Winter,Spain
mandarin_223,Mandarin,100,Orange,Winter,Morocco
mandarin_224,Mandarin,94,Orange,Fall,Turkey
mandarin_225,Mandarin,74,Orange,Winter,Spain
mandarin_226,Mandarin,87,Orange,Winter,Morocco
mandarin_227,Mandarin,71,Orange,Fall,Turkey
mandarin_228,Mandarin,70,Orange,Winter,Morocco
mandarin_229,Mandarin,95,Orange,Fall,Morocco
mandarin_230,Mandarin,92,Orange,Fall,Spain
mandarin_231,Mandarin,77,Orange,Winter,Spain
mandarin_232,Mandarin,82,Orange,Winter,Turkey
mandarin_233,Mandarin,98,Orange,Winter,Morocco
mandarin_234,Mandarin,87,Orange,Winter,Spain
mandarin_235,Mandarin,71,Orange,Fall,Spain
mandarin_236,Mandarin,98,Orange,Winter,Spain
mandarin_237,Mandarin,71,Orange,Fall,Morocco
mandarin_238,Mandarin,77,Orange,Winter,Morocco
mandarin_239,Mandarin,77,Orange,Winter,Turkey
mandarin_240,Mandarin,86,Orange,Fall,Turkey
mandarin_241,Mandarin,74,Orange,Winter,Morocco
mandarin_242,Mandarin,73,Orange,Fall,Morocco
mandarin_243,Mandarin,100,Orange,Winter,Morocco
mandarin_244,Mandarin,84,Orange,Winter,Spain
mandarin_245,Mandarin,95,Orange,Winter,Morocco
mandarin_246,Mandarin,100,Orange,Fall,Turkey
mandarin_247,Mandarin,87,Orange,Fall,Turkey
mandarin_248,Mandarin,78,Orange,Fall,Morocco
mandarin_249,Mandarin,95,Orange,Fall,Turkey
mandarin_250,Mandarin,89,Orange,Fall,Morocco
mandarin_251,Mandarin,100,Orange,Fall,Morocco
mandarin_252,Mandarin,92,Orange,Winter,Spain
mandarin_253,Mandarin,98,Orange,Winter,Morocco
mandarin_254,Mandarin,85,Orange,Fall,Morocco
mandarin_255,Mandarin,91,Orange,Winter,Spain
mandarin_256,Mandarin,94,Orange,Fall,Spain
mandarin_257,Mandarin,81,Orange,Winter,Turkey
mandarin_258,Mandarin,76,Orange,Winter,Spain
mandarin_259,Mandarin,80,Orange,Fall,Morocco
mandarin_260,Mandarin,81,Orange,Winter,Spain
mandarin_261,Mandarin,88,Orange,Winter,Turkey
mandarin_262,Mandarin,83,Orange,Winter,Morocco
mandarin_263,Mandarin,95,Orange,Winter,Morocco
mandarin_264,Mandarin,78,Orange,Winter,Spain
mandarin_265,Mandarin,70,Orange,Fall,Spain
mandarin_266,Mandarin,99,Orange,Fall,Morocco
mandarin_267,Mandarin,75,Orange,Fall,Morocco
mandarin_268,Mandarin,87,Orange,Winter,Morocco
mandarin_269,Mandarin,98,Orange,Winter,Turkey
mandarin_270,Mandarin,100,Orange,Winter,Morocco
mandarin_271,Mandarin,94,Orange,Winter,Spain
mandarin_272,Mandarin,97,Orange,Winter,Morocco
mandarin_273,Mandarin,83,Orange,Winter,Morocco
mandarin_274,Mandarin,85,Orange,Fall,Morocco
mandarin_275,Mandarin,81,Orange,Winter,Turkey
mandarin_276,Mandarin,84,Orange,Winter,Spain
mandarin_277,Mandarin,91,Orange,Winter,Spain
mandarin_278,Mandarin,80,Orange,Winter,Spain
mandarin_279,Mandarin,81,Orange,Winter,Spain
mandarin_280,Mandarin,70,Orange,Winter,Spain
mandarin_281,Mandarin,74,Orange,Fall,Morocco
mandarin_282,Mandarin,91,Orange,Fall,Turkey
mandarin_283,Mandarin,96,Orange,Winter,Turkey
mandarin_284,Mandarin,90,Orange,Winter,Spain
mandarin_285,Mandarin,73,Orange,Winter,Spain
mandarin_286,Mandarin,90,Orange,Winter,Morocco
mandarin_287,Mandarin,85,Orange,Winter,Morocco
mandarin_288,Mandarin,81,Orange,Winter,Spain
mandarin_289,Mandarin,71,Orange,Winter,Spain
mandarin_290,Mandarin,100,Orange,Winter,Morocco
mandarin_291,Mandarin,98,Orange,Winter,Spain
mandarin_292,Mandarin,72,Orange,Winter,Spain
mandarin_293,Mandarin,72,Orange,Winter,Morocco
mandarin_294,Mandarin,90,Orange,Fall,Turkey
mandarin_295,Mandarin,97,Orange,Fall,Turkey
mandarin_296,Mandarin,75,Orange,Fall,Morocco
mandarin_297,Mandarin,97,Orange,Fall,Turkey
mandarin_298,Mandarin,93,Orange,Winter,Morocco
mandarin_299,Mandarin,78,Orange,Fall,Morocco
mandarin_300,Mandarin,89,Orange,Winter,Turkey
mandarin_301,Mandarin,93,Orange,Fall,Morocco
mandarin_302,Mandarin,72,Orange,Fall,Morocco
mandarin_303,Mandarin,84,Orange,Winter,Spain
mandarin_304,Mandarin,93,Orange,Winter,Spain
mandarin_305,Mandarin,98,Orange,Fall,Morocco
mandarin_306,Mandarin,76,Orange,Fall,Morocco
mandarin_307,Mandarin,97,Orange,Winter,Spain
mandarin_308,Mandarin,92,Orange,Winter,Turkey
mandarin_309,Mandarin,80,Orange,Winter,Turkey
mandarin_310,Mandarin,97,Orange,Winter,Morocco
mandarin_311,Mandarin,73,Orange,Winter,Spain
mandarin_312,Mandarin,80,Orange,Fall,Morocco
mandarin_313,Mandarin,99,Orange,Winter,Turkey
mandarin_314,Mandarin,90,Orange,Winter,Morocco
mandarin_315,Mandarin,76,Orange,Fall,Morocco
mandarin_316,Mandarin,76,Orange,Fall,Turkey
mandarin_317,Mandarin,73,Orange,Winter,Spain
mandarin_318,Mandarin,79,Orange,Winter,Spain
mandarin_319,Mandarin,73,Orange,Fall,Turkey
mandarin_320,Mandarin,91,Orange,Winter,Turkey
mandarin_321,Mandarin,77,Orange,Winter,Spain
mandarin_322,Mandarin,71,Orange,Winter,Turkey
mandarin_323,Mandarin,81,Orange,Winter,Morocco
mandarin_324,Mandarin,84,Orange,Fall,Turkey
mandarin_325,Mandarin,90,Orange,Winter,Spain
mandarin_326,Mandarin,97,Orange,Winter,Turkey
mandarin_327,Mandarin,79,Orange,Winter,Morocco
mandarin_328,Mandarin,98,Orange,Fall,Turkey
mandarin_329,Mandarin,77,Orange,Winter,Morocco
mandarin_330,Mandarin,97,Orange,Winter,Turkey
mandarin_331,Mandarin,85,Orange,Fall,Spain
mandarin_332,Mandarin,72,Orange,Winter,Spain
mandarin_333,Mandarin,74,Orange,Winter,Spain
mandarin_334,Mandarin,98,Orange,Winter,Turkey
mandarin_335,Mandarin,72,Orange,Winter,Spain
mandarin_336,Mandarin,97,Orange,Winter,Morocco
mandarin_337,Mandarin,93,Orange,Fall,Morocco
mandarin_338,Mandarin,86,Orange,Winter,Turkey
mandarin_339,Mandarin,83,Orange,Fall,Morocco
mandarin_340,Mandarin,74,Orange,Winter,Morocco
mandarin_341,Mandarin,80,Orange,Winter,Spain
mandarin_342,Mandarin,71,Orange,Winter,Morocco
mandarin_343,Mandarin,100,Orange,Fall,Morocco
mandarin_344,Mandarin,90,Orange,Fall,Turkey
mandarin_345,Mandarin,94,Orange,Winter,Turkey
mandarin_346,Mandarin,70,Orange,Winter,Morocco
mandarin_347,Mandarin,89,Orange,Fall,Spain
mandarin_348,Mandarin,93,Orange,Fall,Turkey
mandarin_349,Mandarin,85,Orange,Fall,Spain
mandarin_350,Mandarin,76,Orange,Fall,Morocco
mandarin_351,Mandarin,70,Orange,Winter,Morocco
mandarin_352,Mandarin,78,Orange,Fall,Spain
mandarin_353,Mandarin,99,Orange,Fall,Morocco
mandarin_354,Mandarin,76,Orange,Winter,Morocco
mandarin_355,Mandarin,88,Orange,Fall,Spain
mandarin_356,Mandarin,71,Orange,Winter,Spain
mandarin_357,Mandarin,77,Orange,Fall,Morocco
mandarin_358,Mandarin,98,Orange,Winter,Morocco
mandarin_359,Mandarin,94,Orange,Fall,Spain
mandarin_360,Mandarin,91,Orange,Winter,Turkey
mandarin_361,Mandarin,92,Orange,Winter,Morocco
mandarin_362,Mandarin,73,Orange,Winter,Spain
mandarin_363,Mandarin,86,Orange,Winter,Spain
mandarin_364,Mandarin,91,Orange,Winter,Spain
mandarin_365,Mandarin,83,Orange,Fall,Turkey
mandarin_366,Mandarin,99,Orange,Winter,Turkey
mandarin_367,Mandarin,97,Orange,Fall,Turkey
mandarin_368,Mandarin,91,Orange,Fall,Turkey
mandarin_369,Mandarin,99,Orange,Winter,Turkey
mandarin_370,Mandarin,95,Orange,Fall,Morocco
mandarin_371,Mandarin,87,Orange,Fall,Spain
mandarin_372,Mandarin,96,Orange,Fall,Morocco
mandarin_373,Mandarin,74,Orange,Winter,Spain
mandarin_374,Mandarin,75,Orange,Winter,Morocco
mandarin_375,Mandarin,99,Orange,Winter,Morocco
mandarin_376,Mandarin,74,Orange,Fall,Morocco
mandarin_377,Mandarin,91,Orange,Winter,Turkey
mandarin_378,Mandarin,90,Orange,Winter,Turkey
mandarin_379,Mandarin,92,Orange,Fall,Turkey
mandarin_380,Mandarin,97,Orange,Fall,Turkey
mandarin_381,Mandarin,96,Orange,Fall,Spain
mandarin_382,Mandarin,96,Orange,Winter,Turkey
mandarin_383,Mandarin,94,Orange,Winter,Turkey
mandarin_384,Mandarin,87,Orange,Fall,Morocco
mandarin_385,Mandarin,96,Orange,Fall,Morocco
mandarin_386,Mandarin,80,Orange,Winter,Morocco
mandarin_387,Mandarin,71,Orange,Winter,Spain
mandarin_388,Mandarin,100,Orange,Winter,Morocco
mandarin_389,Mandarin,93,Orange,Winter,Turkey
mandarin_390,Mandarin,78,Orange,Winter,Morocco
mandarin_391,Mandarin,91,Orange,Winter,Spain
mandarin_392,Mandarin,84,Orange,Winter,Spain
mandarin_393,Mandarin,97,Orange,Fall,Spain
mandarin_394,Mandarin,77,Orange,Winter,Spain
mandarin_395,Mandarin,93,Orange,Fall,Turkey
mandarin_396,Mandarin,92,Orange,Winter,Turkey
mandarin_397,Mandarin,94,Orange,Winter,Spain
mandarin_398,Mandarin,83,Orange,Fall,Turkey
mandarin_399,Mandarin,93,Orange,Winter,Morocco
mandarin_400,Mandarin,79,Orange,Fall,Morocco
mandarin_401,Mandarin,76,Orange,Fall,Morocco
mandarin_402,Mandarin,83,Orange,Fall,Turkey
mandarin_403,Mandarin,75,Orange,Winter,Morocco
mandarin_404,Mandarin,81,Orange,Fall,Turkey
mandarin_405,Mandarin,99,Orange,Winter,Spain
mandarin_406,Mandarin,72,Orange,Fall,Turkey
mandarin_407,Mandarin,86,Orange,Fall,Spain
mandarin_408,Mandarin,91,Orange,Winter,Morocco
mandarin_409,Mandarin,81,Orange,Fall,Spain
mandarin_410,Mandarin,73,Orange,Winter,Morocco
mandarin_411,Mandarin,97,Orange,Fall,Morocco
mandarin_412,Mandarin,87,Orange,Fall,Spain
mandarin_413,Mandarin,79,Orange,Fall,Morocco
mandarin_414,Mandarin,97,Orange,Fall,Spain
mandarin_415,Mandarin,98,Orange,Winter,Turkey
mandarin_416,Mandarin,73,Orange,Winter,Morocco
mandarin_417,Mandarin,98,Orange,Fall,Spain
mandarin_418,Mandarin,98,Orange,Fall,Spain
mandarin_419,Mandarin,81,Orange,Winter,Turkey
mandarin_420,Mandarin,70,Orange,Fall,Morocco
mandarin_421,Mandarin,89,Orange,Winter,Turkey
mandarin_422,Mandarin,87,Orange,Fall,Turkey
mandarin_423,Mandarin,96,Orange,Fall,Spain
mandarin_424,Mandarin,88,Orange,Winter,Spain
mandarin_425,Mandarin,99,Orange,Winter,Morocco
mandarin_426,Mandarin,92,Orange,Fall,Spain
mandarin_427,Mandarin,88,Orange,Fall,Turkey
mandarin_428,Mandarin,94,Orange,Winter,Turkey
mandarin_429,Mandarin,89,Orange,Fall,Spain
mandarin_430,Mandarin,83,Orange,Fall,Turkey
mandarin_431,Mandarin,72,Orange,Fall,Spain
mandarin_432,Mandarin,97,Orange,Fall,Spain
mandarin_433,Mandarin,90,Orange,Winter,Turkey
mandarin_434,Mandarin,77,Orange,Winter,Morocco
mandarin_435,Mandarin,79,Orange,Winter,Morocco
mandarin_436,Mandarin,83,Orange,Fall,Morocco
mandarin_437,Mandarin,79,Orange,Winter,Turkey
mandarin_438,Mandarin,82,Orange,Winter,Turkey
mandarin_439,Mandarin,83,Orange,Fall,Spain
mandarin_440,Mandarin,94,Orange,Winter,Turkey
mandarin_441,Mandarin,70,Orange,Winter,Morocco
mandarin_442,Mandarin,84,Orange,Winter,Morocco
mandarin_443,Mandarin,93,Orange,Winter,Spain
mandarin_444,Mandarin,79,Orange,Fall,Morocco
mandarin_445,Mandarin,98,Orange,Fall,Morocco
mandarin_446,Mandarin,85,Orange,Winter,Morocco
mandarin_447,Mandarin,96,Orange,Winter,Morocco
mandarin_448,Mandarin,89,Orange,Winter,Turkey
mandarin_449,Mandarin,76,Orange,Fall,Turkey
mandarin_450,Mandarin,79,Orange,Fall,Morocco
mandarin_451,Mandarin,89,Orange,Winter,Morocco
mandarin_452,Mandarin,79,Orange,Fall,Morocco
mandarin_453,Mandarin,100,Orange,Winter,Turkey
mandarin_454,Mandarin,80,Orange,Fall,Morocco
mandarin_455,Mandarin,74,Orange,Winter,Turkey
mandarin_456,Mandarin,85,Orange,Winter,Morocco
mandarin_457,Mandarin,100,Orange,Winter,Morocco
mandarin_458,Mandarin,85,Orange,Fall,Turkey
mandarin_459,Mandarin,71,Orange,Winter,Turkey
mandarin_460,Mandarin,98,Orange,Winter,Turkey
mandarin_461,Mandarin,100,Orange,Fall,Turkey
mandarin_462,Mandarin,94,Orange,Fall,Spain
mandarin_463,Mandarin,76,Orange,Winter,Morocco
mandarin_464,Mandarin,83,Orange,Fall,Morocco
mandarin_465,Mandarin,96,Orange,Winter,Morocco
mandarin_466,Mandarin,79,Orange,Fall,Turkey
mandarin_467,Mandarin,84,Orange,Winter,Morocco
mandarin_468,Mandarin,71,Orange,Fall,Spain
mandarin_469,Mandarin,85,Orange,Fall,Spain
mandarin_470,Mandarin,94,Orange,Winter,Turkey
mandarin_471,Mandarin,99,Orange,Fall,Spain
mandarin_472,Mandarin,99,Orange,Winter,Morocco
mandarin_473,Mandarin,78,Orange,Winter,Spain
mandarin_474,Mandarin,88,Orange,Fall,Turkey
mandarin_475,Mandarin,71,Orange,Winter,Turkey
mandarin_476,Mandarin,89,Orange,Winter,Spain
mandarin_477,Mandarin,96,Orange,Fall,Turkey
mandarin_478,Mandarin,80,Orange,Fall,Spain
mandarin_479,Mandarin,72,Orange,Fall,Morocco
mandarin_480,Mandarin,73,Orange,Winter,Spain
mandarin_481,Mandarin,83,Orange,Fall,Turkey
mandarin_482,Mandarin,73,Orange,Winter,Turkey
mandarin_483,Mandarin,100,Orange,Fall,Turkey
mandarin_484,Mandarin,90,Orange,Fall,Turkey
mandarin_485,Mandarin,91,Orange,Fall,Morocco
mandarin_486,Mandarin,73,Orange,Fall,Morocco
mandarin_487,Mandarin,86,Orange,Fall,Morocco
mandarin_488,Mandarin,98,Orange,Fall,Turkey
mandarin_489,Mandarin,72,Orange,Winter,Morocco
mandarin_490,Mandarin,71,Orange,Winter,Turkey
mandarin_491,Mandarin,84,Orange,Winter,Turkey
mandarin_492,Mandarin,94,Orange,Fall,Spain
mandarin_493,Mandarin,95,Orange,Winter,Spain
mandarin_494,Mandarin,97,Orange,Winter,Morocco
mandarin_495,Mandarin,73,Orange,Winter,Turkey
mandarin_496,Mandarin,77,Orange,Winter,Morocco
mandarin_497,Mandarin,84,Orange,Fall,Turkey
mandarin_498,Mandarin,85,Orange,Winter,Turkey
mandarin_499,Mandarin,86,Orange,Winter,Turkey
mandarin_500,Mandarin,78,Orange,Winter,Spain
mandarin_501,Mandarin,92,Orange,Winter,Morocco
mandarin_502,Mandarin,93,Orange,Fall,Morocco
mandarin_503,Mandarin,92,Orange,Winter,Turkey
mandarin_504,Mandarin,72,Orange,Winter,Morocco
mandarin_505,Mandarin,85,Orange,Winter,Morocco
mandarin_506,Mandarin,70,Orange,Fall,Spain
mandarin_507,Mandarin,76,Orange,Fall,Morocco
mandarin_508,Mandarin,89,Orange,Fall,Morocco
mandarin_509,Mandarin,83,Orange,Winter,Turkey
mandarin_510,Mandarin,100,Orange,Winter,Turkey
mandarin_511,Mandarin,93,Orange,Fall,Turkey
mandarin_512,Mandarin,78,Orange,Winter,Morocco
mandarin_513,Mandarin,91,Orange,Winter,Spain
mandarin_514,Mandarin,75,Orange,Fall,Spain
mandarin_515,Mandarin,85,Orange,Winter,Turkey
mandarin_516,Mandarin,90,Orange,Winter,Turkey
mandarin_517,Mandarin,85,Orange,Fall,Turkey
mandarin_518,Mandarin,73,Orange,Fall,Morocco
mandarin_519,Mandarin,95,Orange,Winter,Turkey
mandarin_520,Mandarin,86,Orange,Fall,Morocco
mandarin_521,Mandarin,75,Orange,Winter,Morocco
mandarin_522,Mandarin,95,Orange,Winter,Spain
mandarin_523,Mandarin,95,Orange,Fall,Morocco
mandarin_524,Mandarin,97,Orange,Fall,Spain
mandarin_525,Mandarin,84,Orange,Winter,Spain
mandarin_526,Mandarin,100,Orange,Fall,Turkey
mandarin_527,Mandarin,80,Orange,Winter,Spain
mandarin_528,Mandarin,95,Orange,Fall,Turkey
mandarin_529,Mandarin,73,Orange,Winter,Morocco
mandarin_530,Mandarin,82,Orange,Fall,Morocco
mandarin_531,Mandarin,94,Orange,Winter,Turkey
mandarin_532,Mandarin,83,Orange,Fall,Spain
mandarin_533,Mandarin,91,Orange,Winter,Spain
mandarin_534,Mandarin,74,Orange,Winter,Turkey
mandarin_535,Mandarin,72,Orange,Fall,Spain
mandarin_536,Mandarin,79,Orange,Fall,Spain
mandarin_537,Mandarin,97,Orange,Winter,Turkey
mandarin_538,Mandarin,80,Orange,Winter,Morocco
mandarin_539,Mandarin,88,Orange,Fall,Spain
mandarin_540,Mandarin,77,Orange,Fall,Spain
mandarin_541,Mandarin,81,Orange,Winter,Turkey
mandarin_542,Mandarin,75,Orange,Winter,Turkey
mandarin_543,Mandarin,84,Orange,Fall,Spain
mandarin_544,Mandarin,75,Orange,Winter,Morocco
mandarin_545,Mandarin,85,Orange,Fall,Morocco
mandarin_546,Mandarin,92,Orange,Winter,Turkey
mandarin_547,Mandarin,84,Orange,Fall,Morocco
mandarin_548,Mandarin,84,Orange,Fall,Morocco
mandarin_549,Mandarin,92,Orange,Winter,Morocco
mandarin_550,Mandarin,80,Orange,Winter,Morocco
mandarin_551,Mandarin,75,Orange,Winter,Morocco
mandarin_552,Mandarin,70,Orange,Fall,Morocco
mandarin_553,Mandarin,76,Orange,Winter,Spain
mandarin_554,Mandarin,95,Orange,Fall,Turkey
mandarin_555,Mandarin,70,Orange,Fall,Spain
mandarin_556,Mandarin,76,Orange,Winter,Turkey
mandarin_557,Mandarin,80,Orange,Winter,Spain
mandarin_558,Mandarin,86,Orange,Fall,Turkey
mandarin_559,Mandarin,78,Orange,Fall,Morocco
mandarin_560,Mandarin,71,Orange,Winter,Spain
mandarin_561,Mandarin,92,Orange,Fall,Morocco
mandarin_562,Mandarin,86,Orange,Fall,Turkey
mandarin_563,Mandarin,75,Orange,Winter,Turkey
mandarin_564,Mandarin,91,Orange,Winter,Spain
mandarin_565,Mandarin,73,Orange,Fall,Spain
mandarin_566,Mandarin,77,Orange,Winter,Morocco
mandarin_567,Mandarin,97,Orange,Winter,Spain
mandarin_568,Mandarin,76,Orange,Winter,Turkey
mandarin_569,Mandarin,96,Orange,Winter,Spain
mandarin_570,Mandarin,70,Orange,Fall,Morocco
mandarin_571,Mandarin,95,Orange,Fall,Morocco
mandarin_572,Mandarin,76,Orange,Fall,Morocco
mandarin_573,Mandarin,99,Orange,Fall,Turkey
mandarin_574,Mandarin,73,Orange,Winter,Morocco
mandarin_575,Mandarin,82,Orange,Fall,Morocco
mandarin_576,Mandarin,92,Orange,Fall,Spain
mandarin_577,Mandarin,100,Orange,Fall,Morocco
mandarin_578,Mandarin,99,Orange,Fall,Turkey
mandarin_579,Mandarin,76,Orange,Fall,Morocco
mandarin_580,Mandarin,88,Orange,Winter,Spain
mandarin_581,Mandarin,96,Orange,Winter,Morocco
mandarin_582,Mandarin,89,Orange,Winter,Morocco
mandarin_583,Mandarin,78,Orange,Fall,Turkey
mandarin_584,Mandarin,98,Orange,Winter,Turkey
mandarin_585,Mandarin,100,Orange,Fall,Spain
mandarin_586,Mandarin,91,Orange,Winter,Spain
mandarin_587,Mandarin,78,Orange,Winter,Spain
mandarin_588,Mandarin,86,Orange,Winter,Turkey
mandarin_589,Mandarin,82,Orange,Winter,Spain
mandarin_590,Mandarin,98,Orange,Winter,Morocco
mandarin_591,Mandarin,71,Orange,Winter,Turkey
mandarin_592,Mandarin,99,Orange,Fall,Turkey
mandarin_593,Mandarin,70,Orange,Winter,Turkey
mandarin_594,Mandarin,79,Orange,Fall,Spain
mandarin_595,Mandarin,89,Orange,Winter,Turkey
mandarin_596,Mandarin,72,Orange,Winter,Spain
mandarin_597,Mandarin,100,Orange,Winter,Spain
mandarin_598,Mandarin,88,Orange,Fall,Turkey
mandarin_599,Mandarin,94,Orange,Fall,Turkey
potato_000,Potato,241,Brown,Fall,Turkey
potato_001,Potato,151,Brown,Summer,USA
potato_002,Potato,229,Brown,Summer,Turkey
potato_003,Potato,161,Brown,Fall,Turkey
potato_004,Potato,153,Brown,Summer,Turkey
potato_005,Potato,151,Brown,Summer,Turkey
potato_006,Potato,196,Brown,Summer,Turkey
potato_007,Potato,224,Brown,Fall,USA
potato_008,Potato,218,Brown,Fall,Turkey
potato_009,Potato,190,Brown,Fall,Turkey
potato_010,Potato,202,Brown,Summer,USA
potato_011,Potato,240,Brown,Summer,USA
potato_012,Potato,232,Brown,Fall,USA
potato_013,Potato,220,Brown,Fall,USA
potato_014,Potato,156,Brown,Fall,USA
potato_015,Potato,210,Brown,Fall,USA
potato_016,Potato,242,Brown,Summer,Germany
potato_017,Potato,238,Brown,Fall,Germany
potato_018,Potato,215,Brown,Summer,Germany
potato_019,Potato,192,Brown,Summer,Germany
potato_020,Potato,214,Brown,Summer,Germany
potato_021,Potato,247,Brown,Summer,USA
potato_022,Potato,231,Brown,Summer,Germany
potato_023,Potato,172,Brown,Summer,Germany
potato_024,Potato,194,Brown,Fall,USA
potato_025,Potato,210,Brown,Summer,Turkey
potato_026,Potato,184,Brown,Summer,Germany
potato_027,Potato,203,Brown,Summer,USA
potato_028,Potato,242,Brown,Summer,USA
potato_029,Potato,243,Brown,Summer,Germany
potato_030,Potato,183,Brown,Summer,USA
potato_031,Potato,169,Brown,Fall,Germany
potato_032,Potato,211,Brown,Fall,Germany
potato_033,Potato,206,Brown,Summer,Germany
potato_034,Potato,182,Brown,Fall,USA
potato_035,Potato,193,Brown,Summer,Turkey
potato_036,Potato,177,Brown,Fall,USA
potato_037,Potato,210,Brown,Summer,USA
potato_038,Potato,212,Brown,Fall,Germany
potato_039,Potato,174,Brown,Fall,USA
potato_040,Potato,179,Brown,Summer,Turkey
potato_041,Potato,154,Brown,Fall,USA
potato_042,Potato,179,Brown,Fall,USA
potato_043,Potato,234,Brown,Fall,Germany
potato_044,Potato,158,Brown,Summer,Turkey
potato_045,Potato,223,Brown,Summer,USA
potato_046,Potato,212,Brown,Fall,Germany
potato_047,Potato,160,Brown,Summer,USA
potato_048,Potato,166,Brown,Fall,Germany
potato_049,Potato,179,Brown,Fall,Germany
potato_050,Potato,163,Brown,Fall,USA
potato_051,Potato,205,Brown,Summer,Turkey
potato_052,Potato,229,Brown,Fall,Turkey
potato_053,Potato,204,Brown,Fall,USA
potato_054,Potato,171,Brown,Fall,USA
potato_055,Potato,177,Brown,Summer,Turkey
potato_056,Potato,224,Brown,Summer,USA
potato_057,Potato,169,Brown,Fall,USA
potato_058,Potato,194,Brown,Fall,USA
potato_059,Potato,239,Brown,Summer,Germany
potato_060,Potato,150,Brown,Fall,Germany
potato_061,Potato,246,Brown,Summer,Germany
potato_062,Potato,198,Brown,Summer,USA
potato_063,Potato,177,Brown,Summer,USA
potato_064,Potato,229,Brown,Summer,Germany
potato_065,Potato,194,Brown,Fall,Turkey
potato_066,Potato,208,Brown,Summer,Turkey
potato_067,Potato,229,Brown,Fall,Germany
potato_068,Potato,171,Brown,Fall,Turkey
potato_069,Potato,180,Brown,Fall,USA
potato_070,Potato,202,Brown,Summer,USA
potato_071,Potato,169,Brown,Fall,Turkey
potato_072,Potato,171,Brown,Summer,Germany
potato_073,Potato,218,Brown,Summer,USA
potato_074,Potato,151,Brown,Fall,Turkey
potato_075,Potato,156,Brown,Fall,Turkey
potato_076,Potato,180,Brown,Fall,USA
potato_077,Potato,237,Brown,Summer,Turkey
potato_078,Potato,248,Brown,Fall,USA
potato_079,Potato,173,Brown,Summer,USA
potato_080,Potato,189,Brown,Fall,Turkey
potato_081,Potato,181,Brown,Fall,Germany
potato_082,Potato,175,Brown,Fall,USA
potato_083,Potato,226,Brown,Summer,USA
potato_084,Potato,165,Brown,Fall,Germany
potato_085,Potato,247,Brown,Summer,USA
potato_086,Potato,167,Brown,Fall,Turkey
potato_087,Potato,199,Brown,Summer,USA
potato_088,Potato,176,Brown,Fall,USA
potato_089,Potato,163,Brown,Fall,Turkey
potato_090,Potato,186,Brown,Fall,Turkey
potato_091,Potato,249,Brown,Summer,USA
potato_092,Potato,227,Brown,Summer,USA
potato_093,Potato,189,Brown,Fall,Turkey
potato_094,Potato,185,Brown,Fall,USA
potato_095,Potato,246,Brown,Summer,Germany
potato_096,Potato,223,Brown,Summer,Germany
potato_097,Potato,163,Brown,Fall,Turkey
potato_098,Potato,203,Brown,Fall,Turkey
potato_099,Potato,165,Brown,Fall,USA
potato_100,Potato,239,Brown,Summer,Germany
potato_101,Potato,223,Brown,Fall,USA
potato_102,Potato,192,Brown,Fall,Germany
potato_103,Potato,195,Brown,Summer,USA
potato_104,Potato,209,Brown,Fall,Germany
potato_105,Potato,204,Brown,Fall,USA
potato_106,Potato,159,Brown,Summer,Turkey
potato_107,Potato,248,Brown,Fall,Germany
potato_108,Potato,206,Brown,Fall,Germany
potato_109,Potato,230,Brown,Fall,Turkey
potato_110,Potato,174,Brown,Summer,USA
potato_111,Potato,234,Brown,Fall,USA
potato_112,Potato,214,Brown,Summer,Turkey
potato_113,Potato,190,Brown,Fall,Turkey
potato_114,Potato,165,Brown,Summer,Germany
potato_115,Potato,186,Brown,Summer,USA
potato_116,Potato,202,Brown,Summer,USA
potato_117,Potato,192,Brown,Summer,Turkey
potato_118,Potato,244,Brown,Summer,Turkey
potato_119,Potato,154,Brown,Fall,USA
potato_120,Potato,244,Brown,Summer,Turkey
potato_121,Potato,183,Brown,Fall,Germany
potato_122,Potato,239,Brown,Fall,USA
potato_123,Potato,180,Brown,Fall,USA
potato_124,Potato,166,Brown,Summer,USA
potato_125,Potato,200,Brown,Summer,Turkey
potato_126,Potato,157,Brown,Summer,USA
potato_127,Potato,225,Brown,Fall,Germany
potato_128,Potato,224,Brown,Summer,Turkey
potato_129,Potato,173,Brown,Fall,Germany
potato_130,Potato,200,Brown,Fall,USA
potato_131,Potato,154,Brown,Summer,Germany
potato_132,Potato,218,Brown,Summer,Germany
potato_133,Potato,227,Brown,Summer,Turkey
potato_134,Potato,203,Brown,Summer,Turkey
potato_135,Potato,155,Brown,Summer,Turkey
potato_136,Potato,200,Brown,Fall,Turkey
potato_137,Potato,156,Brown,Fall,USA
potato_138,Potato,150,Brown,Fall,Germany
potato_139,Potato,193,Brown,Summer,USA
potato_140,Potato,249,Brown,Fall,Germany
potato_141,Potato,188,Brown,Fall,Turkey
potato_142,Potato,165,Brown,Summer,Germany
potato_143,Potato,178,Brown,Summer,USA
potato_144,Potato,174,Brown,Fall,Germany
potato_145,Potato,179,Brown,Summer,USA
potato_146,Potato,186,Brown,Fall,Turkey
potato_147,Potato,172,Brown,Fall,Germany
potato_148,Potato,204,Brown,Summer,Germany
potato_149,Potato,226,Brown,Summer,USA
potato_150,Potato,229,Brown,Fall,USA
potato_151,Potato,186,Brown,Fall,Germany
potato_152,Potato,183,Brown,Summer,USA
potato_153,Potato,186,Brown,Fall,Turkey
potato_154,Potato,208,Brown,Summer,Germany
potato_155,Potato,179,Brown,Fall,Turkey
potato_156,Potato,173,Brown,Summer,USA
potato_157,Potato,188,Brown,Fall,Turkey
potato_158,Potato,162,Brown,Summer,USA
potato_159,Potato,179,Brown,Fall,Germany
potato_160,Potato,200,Brown,Summer,USA
potato_161,Potato,194,Brown,Summer,Germany
potato_162,Potato,172,Brown,Fall,Turkey
potato_163,Potato,208,Brown,Summer,Germany
potato_164,Potato,211,Brown,Summer,Germany
potato_165,Potato,168,Brown,Fall,Germany
potato_166,Potato,220,Brown,Fall,Germany
potato_167,Potato,217,Brown,Fall,USA
potato_168,Potato,152,Brown,Fall,Germany
potato_169,Potato,166,Brown,Summer,USA
potato_170,Potato,164,Brown,Summer,USA
potato_171,Potato,191,Brown,Fall,Germany
potato_172,Potato,163,Brown,Fall,Turkey
potato_173,Potato,215,Brown,Fall,Germany
potato_174,Potato,205,Brown,Fall,Germany
potato_175,Potato,202,Brown,Summer,Turkey
potato_176,Potato,197,Brown,Fall,Turkey
potato_177,Potato,230,Brown,Fall,Germany
potato_178,Potato,157,Brown,Fall,Turkey
potato_179,Potato,202,Brown,Fall,USA
potato_180,Potato,168,Brown,Summer,Germany
potato_181,Potato,228,Brown,Fall,Germany
potato_182,Potato,209,Brown,Summer,Turkey
potato_183,Potato,176,Brown,Fall,Turkey
potato_184,Potato,169,Brown,Summer,USA
potato_185,Potato,180,Brown,Fall,Turkey
potato_186,Potato,237,Brown,Summer,Germany
potato_187,Potato,235,Brown,Fall,USA
potato_188,Potato,231,Brown,Summer,USA
potato_189,Potato,234,Brown,Summer,Turkey
potato_190,Potato,172,Brown,Fall,Germany
potato_191,Potato,159,Brown,Fall,Turkey
potato_192,Potato,231,Brown,Fall,Turkey
potato_193,Potato,191,Brown,Summer,USA
potato_194,Potato,154,Brown,Fall,Germany
potato_195,Potato,204,Brown,Fall,Germany
potato_196,Potato,157,Brown,Fall,Germany
potato_197,Potato,224,Brown,Summer,Germany
potato_198,Potato,165,Brown,Fall,Germany
potato_199,Potato,227,Brown,Summer,Turkey
potato_200,Potato,194,Brown,Summer,Turkey
potato_201,Potato,158,Brown,Fall,USA
potato_202,Potato,192,Brown,Summer,Turkey
potato_203,Potato,198,Brown,Summer,Turkey
potato_204,Potato,238,Brown,Fall,Turkey
potato_205,Potato,224,Brown,Fall,USA
potato_206,Potato,215,Brown,Fall,USA
potato_207,Potato,203,Brown,Fall,Turkey
potato_208,Potato,229,Brown,Summer,Germany
potato_209,Potato,247,Brown,Fall,Turkey
potato_210,Potato,203,Brown,Summer,USA
potato_211,Potato,224,Brown,Summer,USA
potato_212,Potato,181,Brown,Fall,Germany
potato_213,Potato,199,Brown,Fall,Germany
potato_214,Potato,160,Brown,Summer,Germany
potato_215,Potato,195,Brown,Fall,USA
potato_216,Potato,189,Brown,Fall,Turkey
potato_217,Potato,170,Brown,Summer,Turkey
potato_218,Potato,200,Brown,Fall,Turkey
potato_219,Potato,210,Brown,Fall,Germany
potato_220,Potato,161,Brown,Summer,Germany
potato_221,Potato,200,Brown,Summer,USA
potato_222,Potato,166,Brown,Fall,Germany
potato_223,Potato,184,Brown,Fall,USA
potato_224,Potato,159,Brown,Summer,Germany
potato_225,Potato,182,Brown,Fall,USA
potato_226,Potato,193,Brown,Summer,Germany
potato_227,Potato,249,Brown,Fall,Germany
potato_228,Potato,194,Brown,Fall,Germany
potato_229,Potato,241,Brown,Summer,Germany
potato_230,Potato,163,Brown,Summer,Germany
potato_231,Potato,224,Brown,Summer,Turkey
potato_232,Potato,241,Brown,Summer,Turkey
potato_233,Potato,194,Brown,Fall,USA
potato_234,Potato,245,Brown,Summer,USA
potato_235,Potato,240,Brown,Summer,USA
potato_236,Potato,225,Brown,Summer,Germany
potato_237,Potato,195,Brown,Summer,Germany
potato_238,Potato,226,Brown,Fall,Germany
potato_239,Potato,221,Brown,Fall,Turkey
potato_240,Potato,167,Brown,Summer,Germany
potato_241,Potato,176,Brown,Fall,USA
potato_242,Potato,222,Brown,Summer,USA
potato_243,Potato,157,Brown,Summer,Turkey
potato_244,Potato,182,Brown,Fall,USA
potato_245,Potato,215,Brown,Summer,Turkey
potato_246,Potato,212,Brown,Fall,USA
potato_247,Potato,161,Brown,Fall,Turkey
potato_248,Potato,227,Brown,Fall,Germany
potato_249,Potato,244,Brown,Fall,Turkey
potato_250,Potato,210,Brown,Fall,Germany
potato_251,Potato,156,Brown,Summer,USA
potato_252,Potato,152,Brown,Summer,Germany
potato_253,Potato,173,Brown,Fall,Turkey
potato_254,Potato,187,Brown,Summer,USA
potato_255,Potato,184,Brown,Fall,Turkey
potato_256,Potato,186,Brown,Summer,Germany
potato_257,Potato,203,Brown,Summer,Turkey
potato_258,Potato,178,Brown,Fall,Turkey
potato_259,Potato,184,Brown,Summer,Germany
potato_260,Potato,179,Brown,Fall,Turkey
potato_261,Potato,193,Brown,Summer,Turkey
potato_262,Potato,205,Brown,Summer,USA
potato_263,Potato,168,Brown,Summer,Germany
potato_264,Potato,206,Brown,Fall,Germany
potato_265,Potato,204,Brown,Fall,USA
potato_266,Potato,249,Brown,Summer,Germany
potato_267,Potato,168,Brown,Summer,Turkey
potato_268,Potato,232,Brown,Summer,Turkey
potato_269,Potato,236,Brown,Summer,USA
potato_270,Potato,243,Brown,Summer,USA
potato_271,Potato,164,Brown,Fall,Turkey
potato_272,Potato,224,Brown,Summer,Turkey
potato_273,Potato,175,Brown,Fall,Turkey
potato_274,Potato,195,Brown,Fall,Germany
potato_275,Potato,173,Brown,Fall,Turkey
potato_276,Potato,221,Brown,Fall,USA
potato_277,Potato,200,Brown,Summer,Turkey
potato_278,Potato,220,Brown,Summer,USA
potato_279,Potato,217,Brown,Summer,Turkey
potato_280,Potato,183,Brown,Fall,Turkey
potato_281,Potato,227,Brown,Summer,Germany
potato_282,Potato,194,Brown,Summer,Germany
potato_283,Potato,192,Brown,Fall,Germany
potato_284,Potato,159,Brown,Fall,Turkey
potato_285,Potato,213,Brown,Summer,Turkey
potato_286,Potato,230,Brown,Summer,Turkey
potato_287,Potato,166,Brown,Fall,USA
potato_288,Potato,216,Brown,Fall,USA
potato_289,Potato,244,Brown,Summer,USA
potato_290,Potato,163,Brown,Summer,USA
potato_291,Potato,150,Brown,Fall,Germany
potato_292,Potato,248,Brown,Fall,USA
potato_293,Potato,152,Brown,Fall,USA
potato_294,Potato,150,Brown,Summer,USA
potato_295,Potato,239,Brown,Summer,USA
potato_296,Potato,243,Brown,Fall,USA
potato_297,Potato,182,Brown,Summer,Turkey
potato_298,Potato,226,Brown,Fall,USA
potato_299,Potato,180,Brown,Summer,Germany
potato_300,Potato,208,Brown,Fall,Germany
potato_301,Potato,228,Brown,Fall,Germany
potato_302,Potato,180,Brown,Fall,USA
potato_303,Potato,156,Brown,Summer,Germany
potato_304,Potato,152,Brown,Fall,Turkey
potato_305,Potato,172,Brown,Fall,Turkey
potato_306,Potato,217,Brown,Summer,Turkey
potato_307,Potato,220,Brown,Fall,Turkey
potato_308,Potato,210,Brown,Fall,Turkey
potato_309,Potato,202,Brown,Fall,Germany
potato_310,Potato,152,Brown,Fall,Germany
potato_311,Potato,187,Brown,Summer,USA
potato_312,Potato,186,Brown,Fall,Germany
potato_313,Potato,185,Brown,Fall,USA
potato_314,Potato,220,Brown,Summer,Germany
potato_315,Potato,236,Brown,Summer,Germany
potato_316,Potato,223,Brown,Fall,Germany
potato_317,Potato,168,Brown,Fall,Turkey
potato_318,Potato,247,Brown,Fall,USA
potato_319,Potato,233,Brown,Fall,Turkey
potato_320,Potato,166,Brown,Summer,Germany
potato_321,Potato,224,Brown,Fall,Germany
potato_322,Potato,233,Brown,Summer,USA
potato_323,Potato,192,Brown,Fall,USA
potato_324,Potato,213,Brown,Summer,Germany
potato_325,Potato,159,Brown,Fall,Turkey
potato_326,Potato,175,Brown,Fall,USA
potato_327,Potato,233,Brown,Summer,Germany
potato_328,Potato,166,Brown,Fall,Germany
potato_329,Potato,210,Brown,Summer,Turkey
potato_330,Potato,198,Brown,Fall,Germany
potato_331,Potato,234,Brown,Fall,USA
potato_332,Potato,150,Brown,Summer,USA
potato_333,Potato,190,Brown,Summer,Germany
potato_334,Potato,215,Brown,Fall,Turkey
potato_335,Potato,241,Brown,Fall,USA
potato_336,Potato,188,Brown,Summer,Turkey
potato_337,Potato,237,Brown,Fall,Turkey
potato_338,Potato,153,Brown,Fall,Turkey
potato_339,Potato,248,Brown,Fall,USA
potato_340,Potato,224,Brown,Fall,USA
potato_341,Potato,207,Brown,Fall,USA
potato_342,Potato,175,Brown,Fall,USA
potato_343,Potato,183,Brown,Fall,USA
potato_344,Potato,218,Brown,Summer,Germany
potato_345,Potato,238,Brown,Fall,USA
potato_346,Potato,166,Brown,Fall,USA
potato_347,Potato,188,Brown,Summer,Germany
potato_348,Potato,250,Brown,Summer,Turkey
potato_349,Potato,228,Brown,Fall,Turkey
potato_350,Potato,245,Brown,Fall,Germany
potato_351,Potato,214,Brown,Fall,USA
potato_352,Potato,186,Brown,Summer,Turkey
potato_353,Potato,216,Brown,Summer,USA
potato_354,Potato,233,Brown,Fall,Germany
potato_355,Potato,176,Brown,Summer,USA
potato_356,Potato,171,Brown,Fall,Turkey
potato_357,Potato,199,Brown,Summer,Turkey
potato_358,Potato,185,Brown,Fall,Germany
potato_359,Potato,239,Brown,Summer,Turkey
potato_360,Potato,212,Brown,Fall,Germany
potato_361,Potato,187,Brown,Summer,Germany
potato_362,Potato,154,Brown,Summer,Germany
potato_363,Potato,203,Brown,Fall,USA
potato_364,Potato,221,Brown,Fall,Turkey
potato_365,Potato,229,Brown,Summer,Turkey
potato_366,Potato,245,Brown,Summer,USA
potato_367,Potato,170,Brown,Summer,Germany
potato_368,Potato,236,Brown,Fall,Turkey
potato_369,Potato,162,Brown,Fall,USA
potato_370,Potato,241,Brown,Fall,USA
potato_371,Potato,195,Brown,Summer,USA
potato_372,Potato,177,Brown,Summer,Turkey
potato_373,Potato,171,Brown,Summer,Germany
potato_374,Potato,239,Brown,Summer,Germany
potato_375,Potato,199,Brown,Fall,Germany
potato_376,Potato,194,Brown,Summer,USA
potato_377,Potato,229,Brown,Summer,USA
potato_378,Potato,237,Brown,Fall,Turkey
potato_379,Potato,188,Brown,Fall,Germany
potato_380,Potato,199,Brown,Fall,Germany
potato_381,Potato,195,Brown,Fall,Germany
potato_382,Potato,182,Brown,Fall,USA
potato_383,Potato,160,Brown,Summer,Germany
potato_384,Potato,174,Brown,Fall,Turkey
potato_385,Potato,237,Brown,Fall,Germany
potato_386,Potato,183,Brown,Fall,USA
potato_387,Potato,174,Brown,Summer,USA
potato_388,Potato,250,Brown,Summer,Turkey
potato_389,Potato,203,Brown,Fall,Turkey
potato_390,Potato,177,Brown,Summer,Germany
potato_391,Potato,214,Brown,Summer,Turkey
potato_392,Potato,158,Brown,Fall,Turkey
potato_393,Potato,225,Brown,Summer,Germany
potato_394,Potato,163,Brown,Summer,Germany
potato_395,Potato,157,Brown,Summer,Germany
potato_396,Potato,156,Brown,Fall,Turkey
potato_397,Potato,173,Brown,Fall,USA
potato_398,Potato,200,Brown,Summer,USA
potato_399,Potato,235,Brown,Summer,USA
potato_400,Potato,187,Brown,Fall,Turkey
potato_401,Potato,165,Brown,Summer,Germany
potato_402,Potato,198,Brown,Fall,Germany
potato_403,Potato,158,Brown,Fall,USA
potato_404,Potato,227,Brown,Summer,Germany
potato_405,Potato,243,Brown,Fall,Turkey
potato_406,Potato,165,Brown,Fall,Germany
potato_407,Potato,153,Brown,Summer,Germany
potato_408,Potato,156,Brown,Fall,Turkey
potato_409,Potato,176,Brown,Fall,Turkey
potato_410,Potato,233,Brown,Fall,USA
potato_411,Potato,214,Brown,Summer,Germany
potato_412,Potato,208,Brown,Fall,Germany
potato_413,Potato,202,Brown,Summer,Germany
potato_414,Potato,161,Brown,Summer,Turkey
potato_415,Potato,179,Brown,Summer,Germany
potato_416,Potato,238,Brown,Fall,Germany
potato_417,Potato,218,Brown,Summer,Turkey
potato_418,Potato,200,Brown,Fall,Turkey
potato_419,Potato,250,Brown,Summer,Turkey
potato_420,Potato,173,Brown,Fall,Turkey
potato_421,Potato,183,Brown,Summer,Germany
potato_422,Potato,167,Brown,Summer,Turkey
potato_423,Potato,189,Brown,Summer,Turkey
potato_424,Potato,232,Brown,Fall,Turkey
potato_425,Potato,214,Brown,Summer,Germany
potato_426,Potato,219,Brown,Fall,Turkey
potato_427,Potato,219,Brown,Fall,Germany
potato_428,Potato,186,Brown,Fall,Turkey
potato_429,Potato,234,Brown,Fall,Turkey
potato_430,Potato,198,Brown,Fall,USA
potato_431,Potato,209,Brown,Summer,USA
potato_432,Potato,242,Brown,Fall,Germany
potato_433,Potato,151,Brown,Summer,Germany
potato_434,Potato,209,Brown,Summer,Germany
potato_435,Potato,247,Brown,Fall,USA
potato_436,Potato,165,Brown,Fall,Turkey
potato_437,Potato,164,Brown,Fall,Germany
potato_438,Potato,176,Brown,Fall,USA
potato_439,Potato,185,Brown,Fall,USA
potato_440,Potato,161,Brown,Summer,USA
potato_441,Potato,225,Brown,Fall,Germany
potato_442,Potato,211,Brown,Fall,Germany
potato_443,Potato,228,Brown,Summer,Turkey
potato_444,Potato,171,Brown,Fall,Germany
potato_445,Potato,201,Brown,Summer,USA
potato_446,Potato,175,Brown,Fall,Turkey
potato_447,Potato,155,Brown,Summer,Germany
potato_448,Potato,243,Brown,Fall,Germany
potato_449,Potato,177,Brown,Fall,Germany
potato_450,Potato,235,Brown,Summer,Germany
potato_451,Potato,183,Brown,Summer,Turkey
potato_452,Potato,248,Brown,Summer,Turkey
potato_453,Potato,241,Brown,Fall,Germany
potato_454,Potato,181,Brown,Summer,Turkey
potato_455,Potato,216,Brown,Summer,USA
potato_456,Potato,169,Brown,Summer,Turkey
potato_457,Potato,156,Brown,Summer,Turkey
potato_458,Potato,153,Brown,Fall,Turkey
potato_459,Potato,227,Brown,Fall,USA
potato_460,Potato,221,Brown,Summer,USA
potato_461,Potato,161,Brown,Summer,Germany
potato_462,Potato,192,Brown,Summer,Germany
potato_463,Potato,153,Brown,Summer,Germany
potato_464,Potato,223,Brown,Summer,Turkey
potato_465,Potato,216,Brown,Summer,Turkey
potato_466,Potato,228,Brown,Fall,USA
potato_467,Potato,194,Brown,Summer,Turkey
potato_468,Potato,181,Brown,Fall,USA
potato_469,Potato,174,Brown,Fall,USA
potato_470,Potato,159,Brown,Summer,USA
potato_471,Potato,247,Brown,Fall,Germany
potato_472,Potato,209,Brown,Summer,Turkey
potato_473,Potato,175,Brown,Fall,Germany
potato_474,Potato,201,Brown,Summer,Turkey
potato_475,Potato,190,Brown,Summer,Germany
potato_476,Potato,247,Brown,Fall,Turkey
potato_477,Potato,158,Brown,Fall,Germany
potato_478,Potato,152,Brown,Fall,USA
potato_479,Potato,225,Brown,Fall,Turkey
potato_480,Potato,165,Brown,Summer,Germany
potato_481,Potato,193,Brown,Fall,Germany
potato_482,Potato,231,Brown,Fall,Germany
potato_483,Potato,168,Brown,Fall,USA
potato_484,Potato,192,Brown,Summer,USA
potato_485,Potato,172,Brown,Summer,USA
potato_486,Potato,213,Brown,Fall,Turkey
potato_487,Potato,173,Brown,Fall,USA
potato_488,Potato,168,Brown,Summer,Germany
potato_489,Potato,207,Brown,Fall,USA
potato_490,Potato,228,Brown,Fall,Turkey
potato_491,Potato,223,Brown,Fall,Germany
potato_492,Potato,213,Brown,Fall,Germany
potato_493,Potato,238,Brown,Summer,Germany
potato_494,Potato,172,Brown,Summer,Germany
potato_495,Potato,181,Brown,Fall,Turkey
potato_496,Potato,179,Brown,Summer,Turkey
potato_497,Potato,175,Brown,Summer,Turkey
potato_498,Potato,155,Brown,Summer,USA
potato_499,Potato,246,Brown,Summer,Turkey
potato_500,Potato,241,Brown,Fall,Germany
potato_501,Potato,196,Brown,Summer,USA
potato_502,Potato,206,Brown,Summer,USA
potato_503,Potato,231,Brown,Summer,USA
potato_504,Potato,214,Brown,Fall,Germany
potato_505,Potato,236,Brown,Fall,Germany
potato_506,Potato,235,Brown,Fall,Germany
potato_507,Potato,248,Brown,Fall,Turkey
potato_508,Potato,248,Brown,Summer,Germany
potato_509,Potato,185,Brown,Summer,USA
potato_510,Potato,210,Brown,Fall,USA
potato_511,Potato,244,Brown,Fall,USA
potato_512,Potato,235,Brown,Fall,USA
potato_513,Potato,239,Brown,Summer,USA
potato_514,Potato,188,Brown,Fall,Germany
potato_515,Potato,154,Brown,Fall,Germany
potato_516,Potato,249,Brown,Summer,Turkey
potato_517,Potato,235,Brown,Summer,USA
potato_518,Potato,160,Brown,Fall,Turkey
potato_519,Potato,202,Brown,Fall,USA
potato_520,Potato,211,Brown,Fall,Turkey
potato_521,Potato,166,Brown,Summer,Turkey
potato_522,Potato,165,Brown,Summer,Turkey
potato_523,Potato,230,Brown,Summer,Germany
potato_524,Potato,188,Brown,Fall,Turkey
potato_525,Potato,215,Brown,Fall,Turkey
potato_526,Potato,187,Brown,Fall,Germany
potato_527,Potato,164,Brown,Summer,USA
potato_528,Potato,236,Brown,Fall,Germany
potato_529,Potato,167,Brown,Summer,Germany
potato_530,Potato,190,Brown,Fall,Turkey
potato_531,Potato,180,Brown,Summer,Germany
potato_532,Potato,170,Brown,Summer,Germany
potato_533,Potato,240,Brown,Fall,USA
potato_534,Potato,156,Brown,Summer,USA
potato_535,Potato,155,Brown,Fall,Turkey
potato_536,Potato,158,Brown,Summer,Germany
potato_537,Potato,248,Brown,Fall,USA
potato_538,Potato,205,Brown,Summer,Germany
potato_539,Potato,240,Brown,Fall,USA
potato_540,Potato,230,Brown,Summer,Germany
potato_541,Potato,219,Brown,Summer,USA
potato_542,Potato,249,Brown,Summer,Germany
potato_543,Potato,201,Brown,Fall,Germany
potato_544,Potato,230,Brown,Fall,Germany
potato_545,Potato,240,Brown,Fall,Turkey
potato_546,Potato,218,Brown,Fall,Germany
potato_547,Potato,190,Brown,Fall,USA
potato_548,Potato,194,Brown,Fall,USA
potato_549,Potato,199,Brown,Fall,Germany
potato_550,Potato,250,Brown,Fall,USA
potato_551,Potato,154,Brown,Fall,Turkey
potato_552,Potato,190,Brown,Summer,Germany
potato_553,Potato,230,Brown,Fall,Turkey
potato_554,Potato,202,Brown,Fall,Germany
potato_555,Potato,234,Brown,Fall,Turkey
potato_556,Potato,248,Brown,Summer,Turkey
potato_557,Potato,172,Brown,Fall,USA
potato_558,Potato,185,Brown,Fall,Turkey
potato_559,Potato,241,Brown,Summer,Germany
potato_560,Potato,204,Brown,Fall,USA
potato_561,Potato,240,Brown,Summer,USA
potato_562,Potato,184,Brown,Fall,Turkey
potato_563,Potato,239,Brown,Fall,USA
potato_564,Potato,212,Brown,Summer,Germany
potato_565,Potato,223,Brown,Fall,Germany
potato_566,Potato,197,Brown,Fall,USA
potato_567,Potato,198,Brown,Fall,Germany
potato_568,Potato,192,Brown,Summer,Germany
potato_569,Potato,159,Brown,Summer,USA
potato_570,Potato,248,Brown,Summer,USA
potato_571,Potato,207,Brown,Summer,USA
potato_572,Potato,179,Brown,Fall,USA
potato_573,Potato,245,Brown,Fall,Turkey
potato_574,Potato,248,Brown,Fall,Turkey
potato_575,Potato,199,Brown,Fall,Turkey
potato_576,Potato,248,Brown,Summer,USA
potato_577,Potato,162,Brown,Summer,USA
potato_578,Potato,159,Brown,Fall,Turkey
potato_579,Potato,225,Brown,Summer,Turkey
potato_580,Potato,226,Brown,Summer,Germany
potato_581,Potato,210,Brown,Fall,Turkey
potato_582,Potato,203,Brown,Summer,Turkey
potato_583,Potato,214,Brown,Summer,USA
potato_584,Potato,232,Brown,Summer,Turkey
potato_585,Potato,218,Brown,Summer,Turkey
potato_586,Potato,151,Brown,Summer,USA
potato_587,Potato,159,Brown,Summer,USA
potato_588,Potato,224,Brown,Summer,USA
potato_589,Potato,151,Brown,Summer,Germany
potato_590,Potato,153,Brown,Fall,Germany
potato_591,Potato,195,Brown,Fall,Germany
potato_592,Potato,168,Brown,Summer,USA
potato_593,Potato,243,Brown,Summer,USA
potato_594,Potato,233,Brown,Fall,USA
potato_595,Potato,186,Brown,Fall,USA
potato_596,Potato,171,Brown,Fall,USA
potato_597,Potato,194,Brown,Summer,Turkey
potato_598,Potato,240,Brown,Summer,Turkey
potato_599,Potato,151,Brown,Fall,USA
tomato_000,Tomato,115,Red,Spring,Spain
tomato_001,Tomato,147,Red,Summer,Spain
tomato_002,Tomato,98,Red,Summer,Spain
tomato_003,Tomato,125,Red,Spring,Italy
tomato_004,Tomato,130,Red,Summer,Italy
tomato_005,Tomato,120,Red,Spring,Turkey
tomato_006,Tomato,147,Red,Summer,Italy
tomato_007,Tomato,89,Red,Spring,Turkey
tomato_008,Tomato,150,Red,Spring,Turkey
tomato_009,Tomato,86,Red,Spring,Italy
tomato_010,Tomato,90,Red,Summer,Turkey
tomato_011,Tomato,135,Red,Spring,Spain
tomato_012,Tomato,132,Red,Summer,Italy
tomato_013,Tomato,113,Red,Spring,Spain
tomato_014,Tomato,93,Red,Summer,Turkey
tomato_015,Tomato,147,Red,Spring,Spain
tomato_016,Tomato,120,Red,Spring,Spain
tomato_017,Tomato,121,Red,Spring,Turkey
tomato_018,Tomato,99,Red,Summer,Spain
tomato_019,Tomato,122,Red,Summer,Italy
tomato_020,Tomato,143,Red,Spring,Turkey
tomato_021,Tomato,147,Red,Summer,Spain
tomato_022,Tomato,90,Red,Summer,Spain
tomato_023,Tomato,137,Red,Summer,Turkey
tomato_024,Tomato,136,Red,Spring,Italy
tomato_025,Tomato,148,Red,Spring,Turkey
tomato_026,Tomato,138,Red,Summer,Turkey
tomato_027,Tomato,113,Red,Spring,Turkey
tomato_028,Tomato,115,Red,Summer,Italy
tomato_029,Tomato,84,Red,Summer,Italy
tomato_030,Tomato,101,Red,Summer,Italy
tomato_031,Tomato,148,Red,Spring,Italy
tomato_032,Tomato,128,Red,Summer,Turkey
tomato_033,Tomato,85,Red,Spring,Italy
tomato_034,Tomato,123,Red,Spring,Spain
tomato_035,Tomato,133,Red,Summer,Italy
tomato_036,Tomato,89,Red,Summer,Spain
tomato_037,Tomato,146,Red,Spring,Spain
tomato_038,Tomato,107,Red,Summer,Italy
tomato_039,Tomato,148,Red,Spring,Spain
tomato_040,Tomato,85,Red,Summer,Italy
tomato_041,Tomato,118,Red,Summer,Spain
tomato_042,Tomato,133,Red,Summer,Spain
tomato_043,Tomato,118,Red,Spring,Spain
tomato_044,Tomato,106,Red,Spring,Italy
tomato_045,Tomato,131,Red,Spring,Turkey
tomato_046,Tomato,116,Red,Spring,Turkey
tomato_047,Tomato,121,Red,Spring,Spain
tomato_048,Tomato,109,Red,Spring,Italy
tomato_049,Tomato,137,Red,Summer,Spain
tomato_050,Tomato,131,Red,Spring,Italy
tomato_051,Tomato,94,Red,Spring,Italy
tomato_052,Tomato,102,Red,Spring,Spain
tomato_053,Tomato,140,Red,Summer,Spain
tomato_054,Tomato,150,Red,Summer,Spain
tomato_055,Tomato,137,Red,Spring,Spain
tomato_056,Tomato,102,Red,Summer,Italy
tomato_057,Tomato,91,Red,Summer,Turkey
tomato_058,Tomato,140,Red,Spring,Italy
tomato_059,Tomato,115,Red,Summer,Italy
tomato_060,Tomato,116,Red,Spring,Spain
tomato_061,Tomato,142,Red,Spring,Turkey
tomato_062,Tomato,107,Red,Summer,Spain
tomato_063,Tomato,148,Red,Spring,Spain
tomato_064,Tomato,123,Red,Summer,Turkey
tomato_065,Tomato,104,Red,Spring,Turkey
tomato_066,Tomato,86,Red,Summer,Turkey
tomato_067,Tomato,109,Red,Summer,Italy
tomato_068,Tomato,135,Red,Spring,Italy
tomato_069,Tomato,150,Red,Summer,Italy
tomato_070,Tomato,119,Red,Spring,Turkey
tomato_071,Tomato,97,Red,Spring,Italy
tomato_072,Tomato,109,Red,Spring,Italy
tomato_073,Tomato,149,Red,Summer,Turkey
tomato_074,Tomato,110,Red,Summer,Italy
tomato_075,Tomato,134,Red,Summer,Italy
tomato_076,Tomato,150,Red,Spring,Italy
tomato_077,Tomato,134,Red,Spring,Turkey
tomato_078,Tomato,84,Red,Summer,Turkey
tomato_079,Tomato,140,Red,Summer,Spain
tomato_080,Tomato,150,Red,Summer,Turkey
tomato_081,Tomato,100,Red,Spring,Italy
tomato_082,Tomato,116,Red,Spring,Italy
tomato_083,Tomato,129,Red,Spring,Spain
tomato_084,Tomato,139,Red,Summer,Turkey
tomato_085,Tomato,85,Red,Spring,Turkey
tomato_086,Tomato,105,Red,Spring,Turkey
tomato_087,Tomato,147,Red,Summer,Turkey
tomato_088,Tomato,114,Red,Spring,Spain
tomato_089,Tomato,129,Red,Summer,Turkey
tomato_090,Tomato,97,Red,Spring,Spain
tomato_091,Tomato,98,Red,Summer,Turkey
tomato_092,Tomato,113,Red,Summer,Turkey
tomato_093,Tomato,90,Red,Spring,Spain
tomato_094,Tomato,124,Red,Summer,Italy
tomato_095,Tomato,85,Red,Spring,Italy
tomato_096,Tomato,145,Red,Summer,Italy
tomato_097,Tomato,138,Red,Spring,Italy
tomato_098,Tomato,142,Red,Spring,Turkey
tomato_099,Tomato,126,Red,Spring,Turkey
tomato_100,Tomato,99,Red,Spring,Turkey
tomato_101,Tomato,112,Red,Spring,Spain
tomato_102,Tomato,118,Red,Spring,Italy
tomato_103,Tomato,102,Red,Spring,Turkey
tomato_104,Tomato,102,Red,Summer,Italy
tomato_105,Tomato,103,Red,Spring,Italy
tomato_106,Tomato,100,Red,Summer,Spain
tomato_107,Tomato,124,Red,Summer,Spain
tomato_108,Tomato,91,Red,Spring,Spain
tomato_109,Tomato,145,Red,Summer,Italy
tomato_110,Tomato,102,Red,Summer,Turkey
tomato_111,Tomato,102,Red,Spring,Turkey
tomato_112,Tomato,87,Red,Summer,Italy
tomato_113,Tomato,112,Red,Summer,Spain
tomato_114,Tomato,86,Red,Spring,Italy
tomato_115,Tomato,88,Red,Spring,Spain
tomato_116,Tomato,89,Red,Spring,Turkey
tomato_117,Tomato,83,Red,Summer,Spain
tomato_118,Tomato,137,Red,Spring,Turkey
tomato_119,Tomato,123,Red,Spring,Turkey
tomato_120,Tomato,112,Red,Summer,Turkey
tomato_121,Tomato,113,Red,Spring,Spain
tomato_122,Tomato,148,Red,Summer,Italy
tomato_123,Tomato,103,Red,Spring,Turkey
tomato_124,Tomato,122,Red,Summer,Spain
tomato_125,Tomato,126,Red,Spring,Italy
tomato_126,Tomato,114,Red,Summer,Italy
tomato_127,Tomato,136,Red,Summer,Italy
tomato_128,Tomato,105,Red,Summer,Spain
tomato_129,Tomato,112,Red,Spring,Italy
tomato_130,Tomato,117,Red,Spring,Italy
tomato_131,Tomato,86,Red,Summer,Spain
tomato_132,Tomato,109,Red,Summer,Spain
tomato_133,Tomato,136,Red,Spring,Spain
tomato_134,Tomato,97,Red,Spring,Spain
tomato_135,Tomato,107,Red,Spring,Turkey
tomato_136,Tomato,123,Red,Summer,Italy
tomato_137,Tomato,97,Red,Spring,Italy
tomato_138,Tomato,87,Red,Spring,Italy
tomato_139,Tomato,146,Red,Summer,Spain
tomato_140,Tomato,80,Red,Summer,Turkey
tomato_141,Tomato,118,Red,Spring,Turkey
tomato_142,Tomato,95,Red,Summer,Italy
tomato_143,Tomato,132,Red,Spring,Italy
tomato_144,Tomato,144,Red,Summer,Italy
tomato_145,Tomato,105,Red,Spring,Spain
tomato_146,Tomato,147,Red,Spring,Spain
tomato_147,Tomato,115,Red,Summer,Spain
tomato_148,Tomato,84,Red,Summer,Italy
tomato_149,Tomato,117,Red,Summer,Turkey
tomato_150,Tomato,146,Red,Summer,Turkey
tomato_151,Tomato,143,Red,Spring,Turkey
tomato_152,Tomato,148,Red,Spring,Spain
tomato_153,Tomato,81,Red,Spring,Italy
tomato_154,Tomato,136,Red,Spring,Italy
tomato_155,Tomato,105,Red,Spring,Turkey
tomato_156,Tomato,127,Red,Summer,Turkey
tomato_157,Tomato,146,Red,Spring,Spain
tomato_158,Tomato,150,Red,Summer,Spain
tomato_159,Tomato,124,Red,Summer,Turkey
tomato_160,Tomato,119,Red,Spring,Turkey
tomato_161,Tomato,108,Red,Spring,Spain
tomato_162,Tomato,86,Red,Summer,Italy
tomato_163,Tomato,128,Red,Spring,Italy
tomato_164,Tomato,129,Red,Summer,Italy
tomato_165,Tomato,120,Red,Summer,Spain
tomato_166,Tomato,92,Red,Spring,Spain
tomato_167,Tomato,134,Red,Spring,Spain
tomato_168,Tomato,91,Red,Summer,Spain
tomato_169,Tomato,125,Red,Spring,Italy
tomato_170,Tomato,120,Red,Summer,Spain
tomato_171,Tomato,107,Red,Summer,Spain
tomato_172,Tomato,89,Red,Spring,Turkey
tomato_173,Tomato,136,Red,Spring,Italy
tomato_174,Tomato,138,Red,Summer,Turkey
tomato_175,Tomato,118,Red,Spring,Turkey
tomato_176,Tomato,146,Red,Summer,Turkey
tomato_177,Tomato,119,Red,Summer,Turkey
tomato_178,Tomato,107,Red,Summer,Italy
tomato_179,Tomato,91,Red,Summer,Spain
tomato_180,Tomato,136,Red,Summer,Turkey
tomato_181,Tomato,99,Red,Spring,Italy
tomato_182,Tomato,86,Red,Summer,Spain
tomato_183,Tomato,143,Red,Spring,Spain
tomato_184,Tomato,130,Red,Spring,Spain
tomato_185,Tomato,88,Red,Summer,Italy
tomato_186,Tomato,147,Red,Spring,Spain
tomato_187,Tomato,148,Red,Summer,Spain
tomato_188,Tomato,129,Red,Summer,Spain
tomato_189,Tomato,148,Red,Summer,Italy
tomato_190,Tomato,94,Red,Spring,Turkey
tomato_191,Tomato,104,Red,Summer,Italy
tomato_192,Tomato,100,Red,Summer,Italy
tomato_193,Tomato,93,Red,Spring,Italy
tomato_194,Tomato,132,Red,Spring,Italy
tomato_195,Tomato,142,Red,Spring,Turkey
tomato_196,Tomato,91,Red,Spring,Turkey
tomato_197,Tomato,117,Red,Spring,Spain
tomato_198,Tomato,142,Red,Spring,Turkey
tomato_199,Tomato,115,Red,Spring,Turkey
tomato_200,Tomato,113,Red,Summer,Spain
tomato_201,Tomato,122,Red,Spring,Spain
tomato_202,Tomato,102,Red,Summer,Italy
tomato_203,Tomato,149,Red,Summer,Turkey
tomato_204,Tomato,88,Red,Summer,Turkey
tomato_205,Tomato,84,Red,Spring,Turkey
tomato_206,Tomato,141,Red,Summer,Spain
tomato_207,Tomato,103,Red,Spring,Spain
tomato_208,Tomato,121,Red,Summer,Italy
tomato_209,Tomato,95,Red,Summer,Spain
tomato_210,Tomato,134,Red,Spring,Spain
tomato_211,Tomato,133,Red,Summer,Turkey
tomato_212,Tomato,133,Red,Summer,Turkey
tomato_213,Tomato,143,Red,Summer,Spain
tomato_214,Tomato,108,Red,Summer,Turkey
tomato_215,Tomato,101,Red,Summer,Italy
tomato_216,Tomato,138,Red,Summer,Spain
tomato_217,Tomato,115,Red,Summer,Turkey
tomato_218,Tomato,138,Red,Spring,Italy
tomato_219,Tomato,142,Red,Summer,Spain
tomato_220,Tomato,93,Red,Summer,Spain
tomato_221,Tomato,91,Red,Spring,Italy
tomato_222,Tomato,127,Red,Summer,Spain
tomato_223,Tomato,113,Red,Summer,Italy
tomato_224,Tomato,138,Red,Summer,Italy
tomato_225,Tomato,117,Red,Summer,Turkey
tomato_226,Tomato,97,Red,Summer,Italy
tomato_227,Tomato,89,Red,Summer,Spain
tomato_228,Tomato,82,Red,Summer,Italy
tomato_229,Tomato,124,Red,Spring,Italy
tomato_230,Tomato,145,Red,Summer,Turkey
tomato_231,Tomato,138,Red,Spring,Turkey
tomato_232,Tomato,149,Red,Summer,Spain
tomato_233,Tomato,101,Red,Spring,Spain
tomato_234,Tomato,92,Red,Spring,Italy
tomato_235,Tomato,105,Red,Spring,Turkey
tomato_236,Tomato,147,Red,Summer,Italy
tomato_237,Tomato,124,Red,Summer,Italy
tomato_238,Tomato,124,Red,Spring,Spain
tomato_239,Tomato,143,Red,Summer,Turkey
tomato_240,Tomato,105,Red,Summer,Turkey
tomato_241,Tomato,122,Red,Summer,Spain
tomato_242,Tomato,150,Red,Spring,Turkey
tomato_243,Tomato,142,Red,Summer,Spain
tomato_244,Tomato,137,Red,Summer,Spain
tomato_245,Tomato,85,Red,Summer,Spain
tomato_246,Tomato,106,Red,Summer,Italy
tomato_247,Tomato,110,Red,Summer,Italy
tomato_248,Tomato,101,Red,Summer,Spain
tomato_249,Tomato,97,Red,Summer,Italy
tomato_250,Tomato,97,Red,Summer,Italy
tomato_251,Tomato,88,Red,Spring,Italy
tomato_252,Tomato,129,Red,Summer,Italy
tomato_253,Tomato,135,Red,Summer,Italy
tomato_254,Tomato,85,Red,Summer,Spain
tomato_255,Tomato,147,Red,Summer,Italy
tomato_256,Tomato,106,Red,Spring,Italy
tomato_257,Tomato,122,Red,Spring,Spain
tomato_258,Tomato,114,Red,Spring,Turkey
tomato_259,Tomato,109,Red,Summer,Spain
tomato_260,Tomato,148,Red,Spring,Spain
tomato_261,Tomato,132,Red,Spring,Spain
tomato_262,Tomato,132,Red,Summer,Italy
tomato_263,Tomato,143,Red,Spring,Spain
tomato_264,Tomato,103,Red,Spring,Spain
tomato_265,Tomato,96,Red,Summer,Spain
tomato_266,Tomato,121,Red,Summer,Italy
tomato_267,Tomato,85,Red,Spring,Turkey
tomato_268,Tomato,134,Red,Summer,Spain
tomato_269,Tomato,89,Red,Summer,Turkey
tomato_270,Tomato,80,Red,Summer,Turkey
tomato_271,Tomato,140,Red,Summer,Italy
tomato_272,Tomato,132,Red,Summer,Italy
tomato_273,Tomato,134,Red,Spring,Italy
tomato_274,Tomato,87,Red,Summer,Spain
tomato_275,Tomato,140,Red,Spring,Spain
tomato_276,Tomato,120,Red,Summer,Spain
tomato_277,Tomato,87,Red,Summer,Italy
tomato_278,Tomato,104,Red,Summer,Italy
tomato_279,Tomato,135,Red,Summer,Italy
tomato_280,Tomato,119,Red,Spring,Italy
tomato_281,Tomato,95,Red,Spring,Spain
tomato_282,Tomato,106,Red,Spring,Italy
tomato_283,Tomato,103,Red,Spring,Spain
tomato_284,Tomato,88,Red,Spring,Spain
tomato_285,Tomato,99,Red,Summer,Italy
tomato_286,Tomato,127,Red,Spring,Turkey
tomato_287,Tomato,127,Red,Spring,Italy
tomato_288,Tomato,130,Red,Summer,Spain
tomato_289,Tomato,124,Red,Spring,Spain
tomato_290,Tomato,134,Red,Summer,Spain
tomato_291,Tomato,116,Red,Summer,Italy
tomato_292,Tomato,118,Red,Spring,Spain
tomato_293,Tomato,106,Red,Spring,Italy
tomato_294,Tomato,134,Red,Spring,Turkey
tomato_295,Tomato,120,Red,Summer,Italy
tomato_296,Tomato,83,Red,Summer,Turkey
tomato_297,Tomato,142,Red,Spring,Spain
tomato_298,Tomato,101,Red,Summer,Turkey
tomato_299,Tomato,88,Red,Spring,Spain
tomato_300,Tomato,104,Red,Spring,Italy
tomato_301,Tomato,139,Red,Summer,Spain
tomato_302,Tomato,135,Red,Summer,Italy
tomato_303,Tomato,118,Red,Spring,Spain
tomato_304,Tomato,136,Red,Spring,Spain
tomato_305,Tomato,116,Red,Spring,Turkey
tomato_306,Tomato,113,Red,Summer,Spain
tomato_307,Tomato,107,Red,Summer,Italy
tomato_308,Tomato,145,Red,Spring,Italy
tomato_309,Tomato,128,Red,Spring,Italy
tomato_310,Tomato,107,Red,Summer,Turkey
tomato_311,Tomato,114,Red,Spring,Spain
tomato_312,Tomato,105,Red,Summer,Italy
tomato_313,Tomato,120,Red,Spring,Italy
tomato_314,Tomato,82,Red,Spring,Italy
tomato_315,Tomato,90,Red,Summer,Spain
tomato_316,Tomato,82,Red,Summer,Turkey
tomato_317,Tomato,146,Red,Spring,Italy
tomato_318,Tomato,118,Red,Spring,Spain
tomato_319,Tomato,84,Red,Spring,Spain
tomato_320,Tomato,104,Red,Spring,Italy
tomato_321,Tomato,131,Red,Spring,Turkey
tomato_322,Tomato,134,Red,Summer,Turkey
tomato_323,Tomato,87,Red,Spring,Turkey
tomato_324,Tomato,126,Red,Spring,Turkey
tomato_325,Tomato,150,Red,Spring,Turkey
tomato_326,Tomato,125,Red,Summer,Italy
tomato_327,Tomato,142,Red,Spring,Spain
tomato_328,Tomato,118,Red,Spring,Spain
tomato_329,Tomato,127,Red,Summer,Spain
tomato_330,Tomato,108,Red,Summer,Italy
tomato_331,Tomato,120,Red,Summer,Turkey
tomato_332,Tomato,136,Red,Spring,Spain
tomato_333,Tomato,88,Red,Spring,Spain
tomato_334,Tomato,110,Red,Spring,Spain
tomato_335,Tomato,116,Red,Summer,Spain
tomato_336,Tomato,150,Red,Summer,Spain
tomato_337,Tomato,86,Red,Spring,Spain
tomato_338,Tomato,99,Red,Spring,Turkey
tomato_339,Tomato,123,Red,Spring,Turkey
tomato_340,Tomato,83,Red,Summer,Italy
tomato_341,Tomato,134,Red,Spring,Italy
tomato_342,Tomato,128,Red,Summer,Turkey
tomato_343,Tomato,141,Red,Summer,Spain
tomato_344,Tomato,111,Red,Summer,Turkey
tomato_345,Tomato,137,Red,Spring,Spain
tomato_346,Tomato,116,Red,Summer,Turkey
tomato_347,Tomato,135,Red,Summer,Spain
tomato_348,Tomato,126,Red,Spring,Turkey
tomato_349,Tomato,124,Red,Spring,Turkey
tomato_350,Tomato,146,Red,Spring,Turkey
tomato_351,Tomato,80,Red,Summer,Spain
tomato_352,Tomato,121,Red,Spring,Turkey
tomato_353,Tomato,130,Red,Spring,Spain
tomato_354,Tomato,84,Red,Spring,Italy
tomato_355,Tomato,142,Red,Spring,Italy
tomato_356,Tomato,122,Red,Summer,Spain
tomato_357,Tomato,125,Red,Summer,Italy
tomato_358,Tomato,150,Red,Summer,Spain
tomato_359,Tomato,80,Red,Spring,Spain
tomato_360,Tomato,128,Red,Summer,Italy
tomato_361,Tomato,86,Red,Spring,Italy
tomato_362,Tomato,105,Red,Summer,Italy
tomato_363,Tomato,90,Red,Spring,Spain
tomato_364,Tomato,91,Red,Summer,Turkey
tomato_365,Tomato,144,Red,Spring,Spain
tomato_366,Tomato,143,Red,Summer,Spain
tomato_367,Tomato,148,Red,Summer,Turkey
tomato_368,Tomato,126,Red,Summer,Turkey
tomato_369,Tomato,143,Red,Spring,Turkey
tomato_370,Tomato,101,Red,Spring,Spain
tomato_371,Tomato,81,Red,Summer,Italy
tomato_372,Tomato,94,Red,Spring,Spain
tomato_373,Tomato,89,Red,Spring,Spain
tomato_374,Tomato,91,Red,Summer,Spain
tomato_375,Tomato,86,Red,Spring,Spain
tomato_376,Tomato,135,Red,Spring,Italy
tomato_377,Tomato,103,Red,Summer,Italy
tomato_378,Tomato,109,Red,Summer,Italy
tomato_379,Tomato,90,Red,Spring,Italy
tomato_380,Tomato,86,Red,Summer,Italy
tomato_381,Tomato,147,Red,Summer,Spain
tomato_382,Tomato,132,Red,Spring,Spain
tomato_383,Tomato,85,Red,Spring,Italy
tomato_384,Tomato,130,Red,Summer,Turkey
tomato_385,Tomato,122,Red,Spring,Turkey
tomato_386,Tomato,88,Red,Spring,Italy
tomato_387,Tomato,146,Red,Spring,Spain
tomato_388,Tomato,133,Red,Summer,Spain
tomato_389,Tomato,148,Red,Spring,Turkey
tomato_390,Tomato,105,Red,Summer,Turkey
tomato_391,Tomato,93,Red,Summer,Spain
tomato_392,Tomato,142,Red,Spring,Turkey
tomato_393,Tomato,126,Red,Spring,Spain
tomato_394,Tomato,97,Red,Spring,Spain
tomato_395,Tomato,126,Red,Summer,Spain
tomato_396,Tomato,106,Red,Spring,Spain
tomato_397,Tomato,130,Red,Spring,Turkey
tomato_398,Tomato,91,Red,Summer,Turkey
tomato_399,Tomato,127,Red,Spring,Italy
tomato_400,Tomato,143,Red,Summer,Turkey
tomato_401,Tomato,114,Red,Summer,Spain
tomato_402,Tomato,104,Red,Spring,Italy
tomato_403,Tomato,90,Red,Summer,Spain
tomato_404,Tomato,103,Red,Spring,Italy
tomato_405,Tomato,134,Red,Spring,Spain
tomato_406,Tomato,128,Red,Spring,Turkey
tomato_407,Tomato,110,Red,Spring,Spain
tomato_408,Tomato,125,Red,Spring,Spain
tomato_409,Tomato,88,Red,Summer,Turkey
tomato_410,Tomato,144,Red,Summer,Italy
tomato_411,Tomato,83,Red,Summer,Spain
tomato_412,Tomato,145,Red,Spring,Italy
tomato_413,Tomato,112,Red,Summer,Turkey
tomato_414,Tomato,131,Red,Spring,Spain
tomato_415,Tomato,139,Red,Spring,Spain
tomato_416,Tomato,129,Red,Spring,Spain
tomato_417,Tomato,96,Red,Spring,Spain
tomato_418,Tomato,86,Red,Spring,Italy
tomato_419,Tomato,145,Red,Spring,Turkey
tomato_420,Tomato,137,Red,Summer,Spain
tomato_421,Tomato,113,Red,Spring,Spain
tomato_422,Tomato,112,Red,Summer,Italy
tomato_423,Tomato,138,Red,Summer,Italy
tomato_424,Tomato,80,Red,Spring,Spain
tomato_425,Tomato,84,Red,Summer,Spain
tomato_426,Tomato,119,Red,Summer,Turkey
tomato_427,Tomato,112,Red,Summer,Turkey
tomato_428,Tomato,107,Red,Spring,Italy
tomato_429,Tomato,150,Red,Spring,Spain
tomato_430,Tomato,94,Red,Summer,Italy
tomato_431,Tomato,137,Red,Summer,Spain
tomato_432,Tomato,129,Red,Summer,Spain
tomato_433,Tomato,143,Red,Summer,Spain
tomato_434,Tomato,88,Red,Summer,Spain
tomato_435,Tomato,104,Red,Summer,Spain
tomato_436,Tomato,105,Red,Summer,Spain
tomato_437,Tomato,111,Red,Summer,Italy
tomato_438,Tomato,89,Red,Summer,Turkey
tomato_439,Tomato,130,Red,Summer,Spain
tomato_440,Tomato,113,Red,Spring,Spain
tomato_441,Tomato,124,Red,Summer,Italy
tomato_442,Tomato,96,Red,Summer,Spain
tomato_443,Tomato,122,Red,Spring,Turkey
tomato_444,Tomato,83,Red,Summer,Italy
tomato_445,Tomato,101,Red,Summer,Italy
tomato_446,Tomato,120,Red,Summer,Turkey
tomato_447,Tomato,107,Red,Summer,Italy
tomato_448,Tomato,92,Red,Summer,Turkey
tomato_449,Tomato,106,Red,Spring,Italy
tomato_450,Tomato,120,Red,Spring,Italy
tomato_451,Tomato,127,Red,Spring,Spain
tomato_452,Tomato,89,Red,Spring,Italy
tomato_453,Tomato,134,Red,Summer,Spain
tomato_454,Tomato,136,Red,Summer,Spain
tomato_455,Tomato,80,Red,Spring,Turkey
tomato_456,Tomato,105,Red,Summer,Spain
tomato_457,Tomato,98,Red,Summer,Spain
tomato_458,Tomato,82,Red,Summer,Italy
tomato_459,Tomato,98,Red,Spring,Turkey
tomato_460,Tomato,148,Red,Spring,Italy
tomato_461,Tomato,105,Red,Spring,Turkey
tomato_462,Tomato,130,Red,Summer,Turkey
tomato_463,Tomato,89,Red,Summer,Italy
tomato_464,Tomato,96,Red,Spring,Italy
tomato_465,Tomato,118,Red,Spring,Italy
tomato_466,Tomato,95,Red,Spring,Italy
tomato_467,Tomato,137,Red,Summer,Italy
tomato_468,Tomato,89,Red,Summer,Spain
tomato_469,Tomato,128,Red,Spring,Turkey
tomato_470,Tomato,87,Red,Summer,Turkey
tomato_471,Tomato,129,Red,Summer,Turkey
tomato_472,Tomato,148,Red,Summer,Turkey
tomato_473,Tomato,136,Red,Spring,Italy
tomato_474,Tomato,124,Red,Summer,Turkey
tomato_475,Tomato,84,Red,Spring,Spain
tomato_476,Tomato,102,Red,Spring,Turkey
tomato_477,Tomato,113,Red,Spring,Italy
tomato_478,Tomato,111,Red,Spring,Spain
tomato_479,Tomato,112,Red,Spring,Turkey
tomato_480,Tomato,99,Red,Summer,Turkey
tomato_481,Tomato,96,Red,Spring,Spain
tomato_482,Tomato,94,Red,Summer,Turkey
tomato_483,Tomato,138,Red,Spring,Italy
tomato_484,Tomato,105,Red,Spring,Turkey
tomato_485,Tomato,124,Red,Summer,Turkey
tomato_486,Tomato,115,Red,Summer,Italy
tomato_487,Tomato,80,Red,Spring,Turkey
tomato_488,Tomato,145,Red,Summer,Italy
tomato_489,Tomato,95,Red,Summer,Turkey
tomato_490,Tomato,125,Red,Summer,Spain
tomato_491,Tomato,115,Red,Summer,Turkey
tomato_492,Tomato,88,Red,Summer,Turkey
tomato_493,Tomato,118,Red,Spring,Italy
tomato_494,Tomato,83,Red,Summer,Turkey
tomato_495,Tomato,147,Red,Spring,Italy
tomato_496,Tomato,116,Red,Spring,Italy
tomato_497,Tomato,80,Red,Spring,Spain
tomato_498,Tomato,130,Red,Summer,Italy
tomato_499,Tomato,147,Red,Summer,Italy
tomato_500,Tomato,135,Red,Summer,Spain
tomato_501,Tomato,139,Red,Summer,Spain
tomato_502,Tomato,127,Red,Spring,Italy
tomato_503,Tomato,131,Red,Summer,Turkey
tomato_504,Tomato,92,Red,Spring,Turkey
tomato_505,Tomato,117,Red,Spring,Turkey
tomato_506,Tomato,92,Red,Spring,Italy
tomato_507,Tomato,106,Red,Summer,Turkey
tomato_508,Tomato,115,Red,Spring,Turkey
tomato_509,Tomato,128,Red,Spring,Italy
tomato_510,Tomato,86,Red,Summer,Italy
tomato_511,Tomato,94,Red,Summer,Italy
tomato_512,Tomato,134,Red,Summer,Turkey
tomato_513,Tomato,113,Red,Spring,Turkey
tomato_514,Tomato,98,Red,Spring,Turkey
tomato_515,Tomato,108,Red,Summer,Spain
tomato_516,Tomato,116,Red,Spring,Turkey
tomato_517,Tomato,145,Red,Summer,Italy
tomato_518,Tomato,88,Red,Summer,Spain
tomato_519,Tomato,144,Red,Spring,Italy
tomato_520,Tomato,111,Red,Summer,Spain
tomato_521,Tomato,149,Red,Summer,Spain
tomato_522,Tomato,103,Red,Summer,Italy
tomato_523,Tomato,89,Red,Summer,Spain
tomato_524,Tomato,123,Red,Summer,Turkey
tomato_525,Tomato,111,Red,Spring,Italy
tomato_526,Tomato,89,Red,Summer,Turkey
tomato_527,Tomato,113,Red,Summer,Spain
tomato_528,Tomato,91,Red,Summer,Italy
tomato_529,Tomato,130,Red,Spring,Turkey
tomato_530,Tomato,81,Red,Summer,Spain
tomato_531,Tomato,106,Red,Summer,Turkey
tomato_532,Tomato,127,Red,Summer,Italy
tomato_533,Tomato,87,Red,Summer,Spain
tomato_534,Tomato,100,Red,Summer,Turkey
tomato_535,Tomato,122,Red,Summer,Turkey
tomato_536,Tomato,82,Red,Summer,Italy
tomato_537,Tomato,80,Red,Spring,Turkey
tomato_538,Tomato,118,Red,Summer,Turkey
tomato_539,Tomato,135,Red,Summer,Turkey
tomato_540,Tomato,111,Red,Summer,Turkey
tomato_541,Tomato,141,Red,Summer,Spain
tomato_542,Tomato,113,Red,Summer,Turkey
tomato_543,Tomato,84,Red,Spring,Spain
tomato_544,Tomato,101,Red,Summer,Italy
tomato_545,Tomato,148,Red,Spring,Turkey
tomato_546,Tomato,146,Red,Spring,Spain
tomato_547,Tomato,87,Red,Spring,Spain
tomato_548,Tomato,135,Red,Spring,Turkey
tomato_549,Tomato,82,Red,Spring,Spain
tomato_550,Tomato,114,Red,Spring,Italy
tomato_551,Tomato,124,Red,Summer,Italy
tomato_552,Tomato,110,Red,Spring,Italy
tomato_553,Tomato,147,Red,Spring,Italy
tomato_554,Tomato,87,Red,Spring,Italy
tomato_555,Tomato,105,Red,Summer,Spain
tomato_556,Tomato,107,Red,Spring,Spain
tomato_557,Tomato,118,Red,Spring,Turkey
tomato_558,Tomato,148,Red,Summer,Italy
tomato_559,Tomato,124,Red,Summer,Turkey
tomato_560,Tomato,90,Red,Summer,Spain
tomato_561,Tomato,85,Red,Spring,Italy
tomato_562,Tomato,126,Red,Spring,Spain
tomato_563,Tomato,133,Red,Summer,Spain
tomato_564,Tomato,109,Red,Spring,Italy
tomato_565,Tomato,145,Red,Spring,Spain
tomato_566,Tomato,125,Red,Summer,Italy
tomato_567,Tomato,84,Red,Spring,Italy
tomato_568,Tomato,145,Red,Spring,Turkey
tomato_569,Tomato,149,Red,Summer,Turkey
tomato_570,Tomato,115,Red,Spring,Spain
tomato_571,Tomato,95,Red,Spring,Spain
tomato_572,Tomato,126,Red,Summer,Turkey
tomato_573,Tomato,105,Red,Spring,Italy
tomato_574,Tomato,95,Red,Summer,Turkey
tomato_575,Tomato,141,Red,Spring,Turkey
tomato_576,Tomato,112,Red,Spring,Turkey
tomato_577,Tomato,149,Red,Summer,Italy
tomato_578,Tomato,133,Red,Summer,Spain
tomato_579,Tomato,80,Red,Summer,Spain
tomato_580,Tomato,94,Red,Spring,Italy
tomato_581,Tomato,134,Red,Summer,Spain
tomato_582,Tomato,138,Red,Summer,Italy
tomato_583,Tomato,115,Red,Spring,Turkey
tomato_584,Tomato,108,Red,Summer,Turkey
tomato_585,Tomato,95,Red,Summer,Turkey
tomato_586,Tomato,138,Red,Spring,Italy
tomato_587,Tomato,128,Red,Summer,Italy
tomato_588,Tomato,100,Red,Spring,Italy
tomato_589,Tomato,143,Red,Spring,Spain
tomato_590,Tomato,126,Red,Summer,Turkey
tomato_591,Tomato,108,Red,Spring,Turkey
tomato_592,Tomato,93,Red,Summer,Spain
tomato_593,Tomato,99,Red,Summer,Spain
tomato_594,Tomato,115,Red,Summer,Italy
tomato_595,Tomato,83,Red,Spring,Turkey
tomato_596,Tomato,102,Red,Spring,Spain
tomato_597,Tomato,140,Red,Spring,Turkey
tomato_598,Tomato,88,Red,Spring,Turkey
tomato_599,Tomato,109,Red,Spring,Italy
