sample_id,category,description
banana_0000,banana,banana kategorisinde bir örnek.
banana_0001,banana,banana kategorisinde bir örnek.
banana_0002,banana,banana kategorisinde bir örnek.
banana_0003,banana,banana kategorisinde bir örnek.
banana_0004,banana,banana kategorisinde bir örnek.
banana_0005,banana,banana kategorisinde bir örnek.
banana_0006,banana,banana kategorisinde bir örnek.
banana_0007,banana,banana kategorisinde bir örnek.
banana_0008,banana,banana kategorisinde bir örnek.
banana_0009,banana,banana kategorisinde bir örnek.
banana_0010,banana,banana kategorisinde bir örnek.
banana_0011,banana,banana kategorisinde bir örnek.
banana_0012,banana,banana kategorisinde bir örnek.
banana_0013,banana,banana kategorisinde bir örnek.
banana_0014,banana,banana kategorisinde bir örnek.
banana_0015,banana,banana kategorisinde bir örnek.
banana_0016,banana,banana kategorisinde bir örnek.
banana_0017,banana,banana kategorisinde bir örnek.
banana_0018,banana,banana kategorisinde bir örnek.
banana_0019,banana,banana kategorisinde bir örnek.
banana_0020,banana,banana kategorisinde bir örnek.
banana_0021,banana,banana kategorisinde bir örnek.
banana_0022,banana,banana kategorisinde bir örnek.
banana_0023,banana,banana kategorisinde bir örnek.
banana_0024,banana,banana kategorisinde bir örnek.
banana_0025,banana,banana kategorisinde bir örnek.
banana_0026,banana,banana kategorisinde bir örnek.
banana_0027,banana,banana kategorisinde bir örnek.
banana_0028,banana,banana kategorisinde bir örnek.
banana_0029,banana,banana kategorisinde bir örnek.
banana_0030,banana,banana kategorisinde bir örnek.
banana_0031,banana,banana kategorisinde bir örnek.
banana_0032,banana,banana kategorisinde bir örnek.
banana_0033,banana,banana kategorisinde bir örnek.
banana_0034,banana,banana kategorisinde bir örnek.
banana_0035,banana,banana kategorisinde bir örnek.
banana_0036,banana,banana kategorisinde bir örnek.
banana_0037,banana,banana kategorisinde bir örnek.
banana_0038,banana,banana kategorisinde bir örnek.
banana_0039,banana,banana kategorisinde bir örnek.
banana_0040,banana,banana kategorisinde bir örnek.
banana_0041,banana,banana kategorisinde bir örnek.
banana_0042,banana,banana kategorisinde bir örnek.
banana_0043,banana,banana kategorisinde bir örnek.
banana_0044,banana,banana kategorisinde bir örnek.
banana_0045,banana,banana kategorisinde bir örnek.
banana_0046,banana,banana kategorisinde bir örnek.
banana_0047,banana,banana kategorisinde bir örnek.
banana_0048,banana,banana kategorisinde bir örnek.
banana_0049,banana,banana kategorisinde bir örnek.
banana_0050,banana,banana kategorisinde bir örnek.
banana_0051,banana,banana kategorisinde bir örnek.
banana_0052,banana,banana kategorisinde bir örnek.
banana_0053,banana,banana kategorisinde bir örnek.
banana_0054,banana,banana kategorisinde bir örnek.
banana_0055,banana,banana kategorisinde bir örnek.
banana_0056,banana,banana kategorisinde bir örnek.
banana_0057,banana,banana kategorisinde bir örnek.
banana_0058,banana,banana kategorisinde bir örnek.
banana_0059,banana,banana kategorisinde bir örnek.
banana_0060,banana,banana kategorisinde bir örnek.
banana_0061,banana,banana kategorisinde bir örnek.
banana_0062,banana,banana kategorisinde bir örnek.
banana_0063,banana,banana kategorisinde bir örnek.
banana_0064,banana,banana kategorisinde bir örnek.
banana_0065,banana,banana kategorisinde bir örnek.
banana_0066,banana,banana kategorisinde bir örnek.
banana_0067,banana,banana kategorisinde bir örnek.
banana_0068,banana,banana kategorisinde bir örnek.
banana_0069,banana,banana kategorisinde bir örnek.
banana_0070,banana,banana kategorisinde bir örnek.
banana_0071,banana,banana kategorisinde bir örnek.
banana_0072,banana,banana kategorisinde bir örnek.
banana_0073,banana,banana kategorisinde bir örnek.
banana_0074,banana,banana kategorisinde bir örnek.
banana_0075,banana,banana kategorisinde bir örnek.
banana_0076,banana,banana kategorisinde bir örnek.
banana_0077,banana,banana kategorisinde bir örnek.
banana_0078,banana,banana kategorisinde bir örnek.
banana_0079,banana,banana kategorisinde bir örnek.
banana_0080,banana,banana kategorisinde bir örnek.
banana_0081,banana,banana kategorisinde bir örnek.
banana_0082,banana,banana kategorisinde bir örnek.
banana_0083,banana,banana kategorisinde bir örnek.
banana_0084,banana,banana kategorisinde bir örnek.
banana_0085,banana,banana kategorisinde bir örnek.
banana_0086,banana,banana kategorisinde bir örnek.
banana_0087,banana,banana kategorisinde bir örnek.
banana_0088,banana,banana kategorisinde bir örnek.
banana_0089,banana,banana kategorisinde bir örnek.
banana_0090,banana,banana kategorisinde bir örnek.
banana_0091,banana,banana kategorisinde bir örnek.
banana_0092,banana,banana kategorisinde bir örnek.
banana_0093,banana,banana kategorisinde bir örnek.
banana_0094,banana,banana kategorisinde bir örnek.
banana_0095,banana,banana kategorisinde bir örnek.
banana_0096,banana,banana kategorisinde bir örnek.
banana_0097,banana,banana kategorisinde bir örnek.
banana_0098,banana,banana kategorisinde bir örnek.
banana_0099,banana,banana kategorisinde bir örnek.
banana_0100,banana,banana kategorisinde bir örnek.
banana_0101,banana,banana kategorisinde bir örnek.
banana_0102,banana,banana kategorisinde bir örnek.
banana_0103,banana,banana kategorisinde bir örnek.
banana_0104,banana,banana kategorisinde bir örnek.
banana_0105,banana,banana kategorisinde bir örnek.
banana_0106,banana,banana kategorisinde bir örnek.
banana_0107,banana,banana kategorisinde bir örnek.
banana_0108,banana,banana kategorisinde bir örnek.
banana_0109,banana,banana kategorisinde bir örnek.
banana_0110,banana,banana kategorisinde bir örnek.
banana_0111,banana,banana kategorisinde bir örnek.
banana_0112,banana,banana kategorisinde bir örnek.
banana_0113,banana,banana kategorisinde bir örnek.
banana_0114,banana,banana kategorisinde bir örnek.
banana_0115,banana,banana kategorisinde bir örnek.
banana_0116,banana,banana kategorisinde bir örnek.
banana_0117,banana,banana kategorisinde bir örnek.
banana_0118,banana,banana kategorisinde bir örnek.
banana_0119,banana,banana kategorisinde bir örnek.
banana_0120,banana,banana kategorisinde bir örnek.
banana_0121,banana,banana kategorisinde bir örnek.
banana_0122,banana,banana kategorisinde bir örnek.
banana_0123,banana,banana kategorisinde bir örnek.
banana_0124,banana,banana kategorisinde bir örnek.
banana_0125,banana,banana kategorisinde bir örnek.
banana_0126,banana,banana kategorisinde bir örnek.
banana_0127,banana,banana kategorisinde bir örnek.
banana_0128,banana,banana kategorisinde bir örnek.
banana_0129,banana,banana kategorisinde bir örnek.
banana_0130,banana,banana kategorisinde bir örnek.
banana_0131,banana,banana kategorisinde bir örnek.
banana_0132,banana,banana kategorisinde bir örnek.
banana_0133,banana,banana kategorisinde bir örnek.
banana_0134,banana,banana kategorisinde bir örnek.
banana_0135,banana,banana kategorisinde bir örnek.
banana_0136,banana,banana kategorisinde bir örnek.
banana_0137,banana,banana kategorisinde bir örnek.
banana_0138,banana,banana kategorisinde bir örnek.
banana_0139,banana,banana kategorisinde bir örnek.
banana_0140,banana,banana kategorisinde bir örnek.
banana_0141,banana,banana kategorisinde bir örnek.
banana_0142,banana,banana kategorisinde bir örnek.
banana_0143,banana,banana kategorisinde bir örnek.
banana_0144,banana,banana kategorisinde bir örnek.
banana_0145,banana,banana kategorisinde bir örnek.
banana_0146,banana,banana kategorisinde bir örnek.
banana_0147,banana,banana kategorisinde bir örnek.
banana_0148,banana,banana kategorisinde bir örnek.
banana_0149,banana,banana kategorisinde bir örnek.
banana_0150,banana,banana kategorisinde bir örnek.
banana_0151,banana,banana kategorisinde bir örnek.
banana_0152,banana,banana kategorisinde bir örnek.
banana_0153,banana,banana kategorisinde bir örnek.
banana_0154,banana,banana kategorisinde bir örnek.
banana_0155,banana,banana kategorisinde bir örnek.
banana_0156,banana,banana kategorisinde bir örnek.
banana_0157,banana,banana kategorisinde bir örnek.
banana_0158,banana,banana kategorisinde bir örnek.
banana_0159,banana,banana kategorisinde bir örnek.
banana_0160,banana,banana kategorisinde bir örnek.
banana_0161,banana,banana kategorisinde bir örnek.
banana_0162,banana,banana kategorisinde bir örnek.
banana_0163,banana,banana kategorisinde bir örnek.
banana_0164,banana,banana kategorisinde bir örnek.
banana_0165,banana,banana kategorisinde bir örnek.
banana_0166,banana,banana kategorisinde bir örnek.
banana_0167,banana,banana kategorisinde bir örnek.
banana_0168,banana,banana kategorisinde bir örnek.
banana_0169,banana,banana kategorisinde bir örnek.
banana_0170,banana,banana kategorisinde bir örnek.
banana_0171,banana,banana kategorisinde bir örnek.
banana_0172,banana,banana kategorisinde bir örnek.
banana_0173,banana,banana kategorisinde bir örnek.
banana_0174,banana,banana kategorisinde bir örnek.
banana_0175,banana,banana kategorisinde bir örnek.
banana_0176,banana,banana kategorisinde bir örnek.
banana_0177,banana,banana kategorisinde bir örnek.
banana_0178,banana,banana kategorisinde bir örnek.
banana_0179,banana,banana kategorisinde bir örnek.
banana_0180,banana,banana kategorisinde bir örnek.
banana_0181,banana,banana kategorisinde bir örnek.
banana_0182,banana,banana kategorisinde bir örnek.
banana_0183,banana,banana kategorisinde bir örnek.
banana_0184,banana,banana kategorisinde bir örnek.
banana_0185,banana,banana kategorisinde bir örnek.
banana_0186,banana,banana kategorisinde bir örnek.
banana_0187,banana,banana kategorisinde bir örnek.
banana_0188,banana,banana kategorisinde bir örnek.
banana_0189,banana,banana kategorisinde bir örnek.
banana_0190,banana,banana kategorisinde bir örnek.
banana_0191,banana,banana kategorisinde bir örnek.
banana_0192,banana,banana kategorisinde bir örnek.
banana_0193,banana,banana kategorisinde bir örnek.
banana_0194,banana,banana kategorisinde bir örnek.
banana_0195,banana,banana kategorisinde bir örnek.
banana_0196,banana,banana kategorisinde bir örnek.
banana_0197,banana,banana kategorisinde bir örnek.
banana_0198,banana,banana kategorisinde bir örnek.
banana_0199,banana,banana kategorisinde bir örnek.
banana_0200,banana,banana kategorisinde bir örnek.
banana_0201,banana,banana kategorisinde bir örnek.
banana_0202,banana,banana kategorisinde bir örnek.
banana_0203,banana,banana kategorisinde bir örnek.
banana_0204,banana,banana kategorisinde bir örnek.
banana_0205,banana,banana kategorisinde bir örnek.
banana_0206,banana,banana kategorisinde bir örnek.
banana_0207,banana,banana kategorisinde bir örnek.
banana_0208,banana,banana kategorisinde bir örnek.
banana_0209,banana,banana kategorisinde bir örnek.
banana_0210,banana,banana kategorisinde bir örnek.
banana_0211,banana,banana kategorisinde bir örnek.
banana_0212,banana,banana kategorisinde bir örnek.
banana_0213,banana,banana kategorisinde bir örnek.
banana_0214,banana,banana kategorisinde bir örnek.
banana_0215,banana,banana kategorisinde bir örnek.
banana_0216,banana,banana kategorisinde bir örnek.
banana_0217,banana,banana kategorisinde bir örnek.
banana_0218,banana,banana kategorisinde bir örnek.
banana_0219,banana,banana kategorisinde bir örnek.
banana_0220,banana,banana kategorisinde bir örnek.
banana_0221,banana,banana kategorisinde bir örnek.
banana_0222,banana,banana kategorisinde bir örnek.
banana_0223,banana,banana kategorisinde bir örnek.
banana_0224,banana,banana kategorisinde bir örnek.
banana_0225,banana,banana kategorisinde bir örnek.
banana_0226,banana,banana kategorisinde bir örnek.
banana_0227,banana,banana kategorisinde bir örnek.
banana_0228,banana,banana kategorisinde bir örnek.
banana_0229,banana,banana kategorisinde bir örnek.
banana_0230,banana,banana kategorisinde bir örnek.
banana_0231,banana,banana kategorisinde bir örnek.
banana_0232,banana,banana kategorisinde bir örnek.
banana_0233,banana,banana kategorisinde bir örnek.
banana_0234,banana,banana kategorisinde bir örnek.
banana_0235,banana,banana kategorisinde bir örnek.
banana_0236,banana,banana kategorisinde bir örnek.
banana_0237,banana,banana kategorisinde bir örnek.
banana_0238,banana,banana kategorisinde bir örnek.
banana_0239,banana,banana kategorisinde bir örnek.
banana_0240,banana,banana kategorisinde bir örnek.
banana_0241,banana,banana kategorisinde bir örnek.
banana_0242,banana,banana kategorisinde bir örnek.
banana_0243,banana,banana kategorisinde bir örnek.
banana_0244,banana,banana kategorisinde bir örnek.
banana_0245,banana,banana kategorisinde bir örnek.
banana_0246,banana,banana kategorisinde bir örnek.
banana_0247,banana,banana kategorisinde bir örnek.
banana_0248,banana,banana kategorisinde bir örnek.
banana_0249,banana,banana kategorisinde bir örnek.
banana_0250,banana,banana kategorisinde bir örnek.
banana_0251,banana,banana kategorisinde bir örnek.
banana_0252,banana,banana kategorisinde bir örnek.
banana_0253,banana,banana kategorisinde bir örnek.
banana_0254,banana,banana kategorisinde bir örnek.
banana_0255,banana,banana kategorisinde bir örnek.
banana_0256,banana,banana kategorisinde bir örnek.
banana_0257,banana,banana kategorisinde bir örnek.
banana_0258,banana,banana kategorisinde bir örnek.
banana_0259,banana,banana kategorisinde bir örnek.
banana_0260,banana,banana kategorisinde bir örnek.
banana_0261,banana,banana kategorisinde bir örnek.
banana_0262,banana,banana kategorisinde bir örnek.
banana_0263,banana,banana kategorisinde bir örnek.
banana_0264,banana,banana kategorisinde bir örnek.
banana_0265,banana,banana kategorisinde bir örnek.
banana_0266,banana,banana kategorisinde bir örnek.
banana_0267,banana,banana kategorisinde bir örnek.
banana_0268,banana,banana kategorisinde bir örnek.
banana_0269,banana,banana kategorisinde bir örnek.
banana_0270,banana,banana kategorisinde bir örnek.
banana_0271,banana,banana kategorisinde bir örnek.
banana_0272,banana,banana kategorisinde bir örnek.
banana_0273,banana,banana kategorisinde bir örnek.
banana_0274,banana,banana kategorisinde bir örnek.
banana_0275,banana,banana kategorisinde bir örnek.
banana_0276,banana,banana kategorisinde bir örnek.
banana_0277,banana,banana kategorisinde bir örnek.
banana_0278,banana,banana kategorisinde bir örnek.
banana_0279,banana,banana kategorisinde bir örnek.
banana_0280,banana,banana kategorisinde bir örnek.
banana_0281,banana,banana kategorisinde bir örnek.
banana_0282,banana,banana kategorisinde bir örnek.
banana_0283,banana,banana kategorisinde bir örnek.
banana_0284,banana,banana kategorisinde bir örnek.
banana_0285,banana,banana kategorisinde bir örnek.
banana_0286,banana,banana kategorisinde bir örnek.
banana_0287,banana,banana kategorisinde bir örnek.
banana_0288,banana,banana kategorisinde bir örnek.
banana_0289,banana,banana kategorisinde bir örnek.
banana_0290,banana,banana kategorisinde bir örnek.
banana_0291,banana,banana kategorisinde bir örnek.
banana_0292,banana,banana kategorisinde bir örnek.
banana_0293,banana,banana kategorisinde bir örnek.
banana_0294,banana,banana kategorisinde bir örnek.
banana_0295,banana,banana kategorisinde bir örnek.
banana_0296,banana,banana kategorisinde bir örnek.
banana_0297,banana,banana kategorisinde bir örnek.
banana_0298,banana,banana kategorisinde bir örnek.
banana_0299,banana,banana kategorisinde bir örnek.
banana_0300,banana,banana kategorisinde bir örnek.
banana_0301,banana,banana kategorisinde bir örnek.
banana_0302,banana,banana kategorisinde bir örnek.
banana_0303,banana,banana kategorisinde bir örnek.
banana_0304,banana,banana kategorisinde bir örnek.
banana_0305,banana,banana kategorisinde bir örnek.
banana_0306,banana,banana kategorisinde bir örnek.
banana_0307,banana,banana kategorisinde bir örnek.
banana_0308,banana,banana kategorisinde bir örnek.
banana_0309,banana,banana kategorisinde bir örnek.
banana_0310,banana,banana kategorisinde bir örnek.
banana_0311,banana,banana kategorisinde bir örnek.
banana_0312,banana,banana kategorisinde bir örnek.
banana_0313,banana,banana kategorisinde bir örnek.
banana_0314,banana,banana kategorisinde bir örnek.
banana_0315,banana,banana kategorisinde bir örnek.
banana_0316,banana,banana kategorisinde bir örnek.
banana_0317,banana,banana kategorisinde bir örnek.
banana_0318,banana,banana kategorisinde bir örnek.
banana_0319,banana,banana kategorisinde bir örnek.
banana_0320,banana,banana kategorisinde bir örnek.
banana_0321,banana,banana kategorisinde bir örnek.
banana_0322,banana,banana kategorisinde bir örnek.
banana_0323,banana,banana kategorisinde bir örnek.
banana_0324,banana,banana kategorisinde bir örnek.
banana_0325,banana,banana kategorisinde bir örnek.
banana_0326,banana,banana kategorisinde bir örnek.
banana_0327,banana,banana kategorisinde bir örnek.
banana_0328,banana,banana kategorisinde bir örnek.
banana_0329,banana,banana kategorisinde bir örnek.
banana_0330,banana,banana kategorisinde bir örnek.
banana_0331,banana,banana kategorisinde bir örnek.
banana_0332,banana,banana kategorisinde bir örnek.
banana_0333,banana,banana kategorisinde bir örnek.
banana_0334,banana,banana kategorisinde bir örnek.
banana_0335,banana,banana kategorisinde bir örnek.
banana_0336,banana,banana kategorisinde bir örnek.
banana_0337,banana,banana kategorisinde bir örnek.
banana_0338,banana,banana kategorisinde bir örnek.
banana_0339,banana,banana kategorisinde bir örnek.
banana_0340,banana,banana kategorisinde bir örnek.
banana_0341,banana,banana kategorisinde bir örnek.
banana_0342,banana,banana kategorisinde bir örnek.
banana_0343,banana,banana kategorisinde bir örnek.
banana_0344,banana,banana kategorisinde bir örnek.
banana_0345,banana,banana kategorisinde bir örnek.
banana_0346,banana,banana kategorisinde bir örnek.
banana_0347,banana,banana kategorisinde bir örnek.
banana_0348,banana,banana kategorisinde bir örnek.
banana_0349,banana,banana kategorisinde bir örnek.
banana_0350,banana,banana kategorisinde bir örnek.
banana_0351,banana,banana kategorisinde bir örnek.
banana_0352,banana,banana kategorisinde bir örnek.
banana_0353,banana,banana kategorisinde bir örnek.
banana_0354,banana,banana kategorisinde bir örnek.
banana_0355,banana,banana kategorisinde bir örnek.
banana_0356,banana,banana kategorisinde bir örnek.
banana_0357,banana,banana kategorisinde bir örnek.
banana_0358,banana,banana kategorisinde bir örnek.
banana_0359,banana,banana kategorisinde bir örnek.
banana_0360,banana,banana kategorisinde bir örnek.
banana_0361,banana,banana kategorisinde bir örnek.
banana_0362,banana,banana kategorisinde bir örnek.
banana_0363,banana,banana kategorisinde bir örnek.
banana_0364,banana,banana kategorisinde bir örnek.
banana_0365,banana,banana kategorisinde bir örnek.
banana_0366,banana,banana kategorisinde bir örnek.
banana_0367,banana,banana kategorisinde bir örnek.
banana_0368,banana,banana kategorisinde bir örnek.
banana_0369,banana,banana kategorisinde bir örnek.
banana_0370,banana,banana kategorisinde bir örnek.
banana_0371,banana,banana kategorisinde bir örnek.
banana_0372,banana,banana kategorisinde bir örnek.
banana_0373,banana,banana kategorisinde bir örnek.
banana_0374,banana,banana kategorisinde bir örnek.
banana_0375,banana,banana kategorisinde bir örnek.
banana_0376,banana,banana kategorisinde bir örnek.
banana_0377,banana,banana kategorisinde bir örnek.
banana_0378,banana,banana kategorisinde bir örnek.
banana_0379,banana,banana kategorisinde bir örnek.
banana_0380,banana,banana kategorisinde bir örnek.
banana_0381,banana,banana kategorisinde bir örnek.
banana_0382,banana,banana kategorisinde bir örnek.
banana_0383,banana,banana kategorisinde bir örnek.
banana_0384,banana,banana kategorisinde bir örnek.
banana_0385,banana,banana kategorisinde bir örnek.
banana_0386,banana,banana kategorisinde bir örnek.
banana_0387,banana,banana kategorisinde bir örnek.
banana_0388,banana,banana kategorisinde bir örnek.
banana_0389,banana,banana kategorisinde bir örnek.
banana_0390,banana,banana kategorisinde bir örnek.
banana_0391,banana,banana kategorisinde bir örnek.
banana_0392,banana,banana kategorisinde bir örnek.
banana_0393,banana,banana kategorisinde bir örnek.
banana_0394,banana,banana kategorisinde bir örnek.
banana_0395,banana,banana kategorisinde bir örnek.
banana_0396,banana,banana kategorisinde bir örnek.
banana_0397,banana,banana kategorisinde bir örnek.
banana_0398,banana,banana kategorisinde bir örnek.
banana_0399,banana,banana kategorisinde bir örnek.
banana_0400,banana,banana kategorisinde bir örnek.
banana_0401,banana,banana kategorisinde bir örnek.
banana_0402,banana,banana kategorisinde bir örnek.
banana_0403,banana,banana kategorisinde bir örnek.
banana_0404,banana,banana kategorisinde bir örnek.
banana_0405,banana,banana kategorisinde bir örnek.
banana_0406,banana,banana kategorisinde bir örnek.
banana_0407,banana,banana kategorisinde bir örnek.
banana_0408,banana,banana kategorisinde bir örnek.
banana_0409,banana,banana kategorisinde bir örnek.
banana_0410,banana,banana kategorisinde bir örnek.
banana_0411,banana,banana kategorisinde bir örnek.
banana_0412,banana,banana kategorisinde bir örnek.
banana_0413,banana,banana kategorisinde bir örnek.
banana_0414,banana,banana kategorisinde bir örnek.
banana_0415,banana,banana kategorisinde bir örnek.
banana_0416,banana,banana kategorisinde bir örnek.
banana_0417,banana,banana kategorisinde bir örnek.
banana_0418,banana,banana kategorisinde bir örnek.
banana_0419,banana,banana kategorisinde bir örnek.
banana_0420,banana,banana kategorisinde bir örnek.
banana_0421,banana,banana kategorisinde bir örnek.
banana_0422,banana,banana kategorisinde bir örnek.
banana_0423,banana,banana kategorisinde bir örnek.
banana_0424,banana,banana kategorisinde bir örnek.
banana_0425,banana,banana kategorisinde bir örnek.
banana_0426,banana,banana kategorisinde bir örnek.
banana_0427,banana,banana kategorisinde bir örnek.
banana_0428,banana,banana kategorisinde bir örnek.
banana_0429,banana,banana kategorisinde bir örnek.
banana_0430,banana,banana kategorisinde bir örnek.
banana_0431,banana,banana kategorisinde bir örnek.
banana_0432,banana,banana kategorisinde bir örnek.
banana_0433,banana,banana kategorisinde bir örnek.
banana_0434,banana,banana kategorisinde bir örnek.
banana_0435,banana,banana kategorisinde bir örnek.
banana_0436,banana,banana kategorisinde bir örnek.
banana_0437,banana,banana kategorisinde bir örnek.
banana_0438,banana,banana kategorisinde bir örnek.
banana_0439,banana,banana kategorisinde bir örnek.
banana_0440,banana,banana kategorisinde bir örnek.
banana_0441,banana,banana kategorisinde bir örnek.
banana_0442,banana,banana kategorisinde bir örnek.
banana_0443,banana,banana kategorisinde bir örnek.
banana_0444,banana,banana kategorisinde bir örnek.
banana_0445,banana,banana kategorisinde bir örnek.
banana_0446,banana,banana kategorisinde bir örnek.
banana_0447,banana,banana kategorisinde bir örnek.
banana_0448,banana,banana kategorisinde bir örnek.
banana_0449,banana,banana kategorisinde bir örnek.
banana_0450,banana,banana kategorisinde bir örnek.
banana_0451,banana,banana kategorisinde bir örnek.
banana_0452,banana,banana kategorisinde bir örnek.
banana_0453,banana,banana kategorisinde bir örnek.
banana_0454,banana,banana kategorisinde bir örnek.
banana_0455,banana,banana kategorisinde bir örnek.
banana_0456,banana,banana kategorisinde bir örnek.
banana_0457,banana,banana kategorisinde bir örnek.
banana_0458,banana,banana kategorisinde bir örnek.
banana_0459,banana,banana kategorisinde bir örnek.
banana_0460,banana,banana kategorisinde bir örnek.
banana_0461,banana,banana kategorisinde bir örnek.
banana_0462,banana,banana kategorisinde bir örnek.
banana_0463,banana,banana kategorisinde bir örnek.
banana_0464,banana,banana kategorisinde bir örnek.
banana_0465,banana,banana kategorisinde bir örnek.
banana_0466,banana,banana kategorisinde bir örnek.
banana_0467,banana,banana kategorisinde bir örnek.
banana_0468,banana,banana kategorisinde bir örnek.
banana_0469,banana,banana kategorisinde bir örnek.
banana_0470,banana,banana kategorisinde bir örnek.
banana_0471,banana,banana kategorisinde bir örnek.
banana_0472,banana,banana kategorisinde bir örnek.
banana_0473,banana,banana kategorisinde bir örnek.
banana_0474,banana,banana kategorisinde bir örnek.
banana_0475,banana,banana kategorisinde bir örnek.
banana_0476,banana,banana kategorisinde bir örnek.
banana_0477,banana,banana kategorisinde bir örnek.
banana_0478,banana,banana kategorisinde bir örnek.
banana_0479,banana,banana kategorisinde bir örnek.
banana_0480,banana,banana kategorisinde bir örnek.
banana_0481,banana,banana kategorisinde bir örnek.
banana_0482,banana,banana kategorisinde bir örnek.
banana_0483,banana,banana kategorisinde bir örnek.
banana_0484,banana,banana kategorisinde bir örnek.
banana_0485,banana,banana kategorisinde bir örnek.
banana_0486,banana,banana kategorisinde bir örnek.
banana_0487,banana,banana kategorisinde bir örnek.
banana_0488,banana,banana kategorisinde bir örnek.
banana_0489,banana,banana kategorisinde bir örnek.
banana_0490,banana,banana kategorisinde bir örnek.
banana_0491,banana,banana kategorisinde bir örnek.
banana_0492,banana,banana kategorisinde bir örnek.
banana_0493,banana,banana kategorisinde bir örnek.
banana_0494,banana,banana kategorisinde bir örnek.
banana_0495,banana,banana kategorisinde bir örnek.
banana_0496,banana,banana kategorisinde bir örnek.
banana_0497,banana,banana kategorisinde bir örnek.
banana_0498,banana,banana kategorisinde bir örnek.
banana_0499,banana,banana kategorisinde bir örnek.
banana_0500,banana,banana kategorisinde bir örnek.
banana_0501,banana,banana kategorisinde bir örnek.
banana_0502,banana,banana kategorisinde bir örnek.
banana_0503,banana,banana kategorisinde bir örnek.
banana_0504,banana,banana kategorisinde bir örnek.
banana_0505,banana,banana kategorisinde bir örnek.
banana_0506,banana,banana kategorisinde bir örnek.
banana_0507,banana,banana kategorisinde bir örnek.
banana_0508,banana,banana kategorisinde bir örnek.
banana_0509,banana,banana kategorisinde bir örnek.
banana_0510,banana,banana kategorisinde bir örnek.
banana_0511,banana,banana kategorisinde bir örnek.
banana_0512,banana,banana kategorisinde bir örnek.
banana_0513,banana,banana kategorisinde bir örnek.
banana_0514,banana,banana kategorisinde bir örnek.
banana_0515,banana,banana kategorisinde bir örnek.
banana_0516,banana,banana kategorisinde bir örnek.
banana_0517,banana,banana kategorisinde bir örnek.
banana_0518,banana,banana kategorisinde bir örnek.
banana_0519,banana,banana kategorisinde bir örnek.
banana_0520,banana,banana kategorisinde bir örnek.
banana_0521,banana,banana kategorisinde bir örnek.
banana_0522,banana,banana kategorisinde bir örnek.
banana_0523,banana,banana kategorisinde bir örnek.
banana_0524,banana,banana kategorisinde bir örnek.
banana_0525,banana,banana kategorisinde bir örnek.
banana_0526,banana,banana kategorisinde bir örnek.
banana_0527,banana,banana kategorisinde bir örnek.
banana_0528,banana,banana kategorisinde bir örnek.
banana_0529,banana,banana kategorisinde bir örnek.
banana_0530,banana,banana kategorisinde bir örnek.
banana_0531,banana,banana kategorisinde bir örnek.
banana_0532,banana,banana kategorisinde bir örnek.
banana_0533,banana,banana kategorisinde bir örnek.
banana_0534,banana,banana kategorisinde bir örnek.
banana_0535,banana,banana kategorisinde bir örnek.
banana_0536,banana,banana kategorisinde bir örnek.
banana_0537,banana,banana kategorisinde bir örnek.
banana_0538,banana,banana kategorisinde bir örnek.
banana_0539,banana,banana kategorisinde bir örnek.
banana_0540,banana,banana kategorisinde bir örnek.
banana_0541,banana,banana kategorisinde bir örnek.
banana_0542,banana,banana kategorisinde bir örnek.
banana_0543,banana,banana kategorisinde bir örnek.
banana_0544,banana,banana kategorisinde bir örnek.
banana_0545,banana,banana kategorisinde bir örnek.
banana_0546,banana,banana kategorisinde bir örnek.
banana_0547,banana,banana kategorisinde bir örnek.
banana_0548,banana,banana kategorisinde bir örnek.
banana_0549,banana,banana kategorisinde bir örnek.
banana_0550,banana,banana kategorisinde bir örnek.
banana_0551,banana,banana kategorisinde bir örnek.
banana_0552,banana,banana kategorisinde bir örnek.
banana_0553,banana,banana kategorisinde bir örnek.
banana_0554,banana,banana kategorisinde bir örnek.
banana_0555,banana,banana kategorisinde bir örnek.
banana_0556,banana,banana kategorisinde bir örnek.
banana_0557,banana,banana kategorisinde bir örnek.
banana_0558,banana,banana kategorisinde bir örnek.
banana_0559,banana,banana kategorisinde bir örnek.
banana_0560,banana,banana kategorisinde bir örnek.
banana_0561,banana,banana kategorisinde bir örnek.
banana_0562,banana,banana kategorisinde bir örnek.
banana_0563,banana,banana kategorisinde bir örnek.
banana_0564,banana,banana kategorisinde bir örnek.
banana_0565,banana,banana kategorisinde bir örnek.
banana_0566,banana,banana kategorisinde bir örnek.
banana_0567,banana,banana kategorisinde bir örnek.
banana_0568,banana,banana kategorisinde bir örnek.
banana_0569,banana,banana kategorisinde bir örnek.
banana_0570,banana,banana kategorisinde bir örnek.
banana_0571,banana,banana kategorisinde bir örnek.
banana_0572,banana,banana kategorisinde bir örnek.
banana_0573,banana,banana kategorisinde bir örnek.
banana_0574,banana,banana kategorisinde bir örnek.
banana_0575,banana,banana kategorisinde bir örnek.
banana_0576,banana,banana kategorisinde bir örnek.
banana_0577,banana,banana kategorisinde bir örnek.
banana_0578,banana,banana kategorisinde bir örnek.
banana_0579,banana,banana kategorisinde bir örnek.
banana_0580,banana,banana kategorisinde bir örnek.
banana_0581,banana,banana kategorisinde bir örnek.
banana_0582,banana,banana kategorisinde bir örnek.
banana_0583,banana,banana kategorisinde bir örnek.
banana_0584,banana,banana kategorisinde bir örnek.
banana_0585,banana,banana kategorisinde bir örnek.
banana_0586,banana,banana kategorisinde bir örnek.
banana_0587,banana,banana kategorisinde bir örnek.
banana_0588,banana,banana kategorisinde bir örnek.
banana_0589,banana,banana kategorisinde bir örnek.
banana_0590,banana,banana kategorisinde bir örnek.
banana_0591,banana,banana kategorisinde bir örnek.
banana_0592,banana,banana kategorisinde bir örnek.
banana_0593,banana,banana kategorisinde bir örnek.
banana_0594,banana,banana kategorisinde bir örnek.
banana_0595,banana,banana kategorisinde bir örnek.
banana_0596,banana,banana kategorisinde bir örnek.
banana_0597,banana,banana kategorisinde bir örnek.
banana_0598,banana,banana kategorisinde bir örnek.
banana_0599,banana,banana kategorisinde bir örnek.
tomato_0000,tomato,tomato kategorisinde bir örnek.
tomato_0001,tomato,tomato kategorisinde bir örnek.
tomato_0002,tomato,tomato kategorisinde bir örnek.
tomato_0003,tomato,tomato kategorisinde bir örnek.
tomato_0004,tomato,tomato kategorisinde bir örnek.
tomato_0005,tomato,tomato kategorisinde bir örnek.
tomato_0006,tomato,tomato kategorisinde bir örnek.
tomato_0007,tomato,tomato kategorisinde bir örnek.
tomato_0008,tomato,tomato kategorisinde bir örnek.
tomato_0009,tomato,tomato kategorisinde bir örnek.
tomato_0010,tomato,tomato kategorisinde bir örnek.
tomato_0011,tomato,tomato kategorisinde bir örnek.
tomato_0012,tomato,tomato kategorisinde bir örnek.
tomato_0013,tomato,tomato kategorisinde bir örnek.
tomato_0014,tomato,tomato kategorisinde bir örnek.
tomato_0015,tomato,tomato kategorisinde bir örnek.
tomato_0016,tomato,tomato kategorisinde bir örnek.
tomato_0017,tomato,tomato kategorisinde bir örnek.
tomato_0018,tomato,tomato kategorisinde bir örnek.
tomato_0019,tomato,tomato kategorisinde bir örnek.
tomato_0020,tomato,tomato kategorisinde bir örnek.
tomato_0021,tomato,tomato kategorisinde bir örnek.
tomato_0022,tomato,tomato kategorisinde bir örnek.
tomato_0023,tomato,tomato kategorisinde bir örnek.
tomato_0024,tomato,tomato kategorisinde bir örnek.
tomato_0025,tomato,tomato kategorisinde bir örnek.
tomato_0026,tomato,tomato kategorisinde bir örnek.
tomato_0027,tomato,tomato kategorisinde bir örnek.
tomato_0028,tomato,tomato kategorisinde bir örnek.
tomato_0029,tomato,tomato kategorisinde bir örnek.
tomato_0030,tomato,tomato kategorisinde bir örnek.
tomato_0031,tomato,tomato kategorisinde bir örnek.
tomato_0032,tomato,tomato kategorisinde bir örnek.
tomato_0033,tomato,tomato kategorisinde bir örnek.
tomato_0034,tomato,tomato kategorisinde bir örnek.
tomato_0035,tomato,tomato kategorisinde bir örnek.
tomato_0036,tomato,tomato kategorisinde bir örnek.
tomato_0037,tomato,tomato kategorisinde bir örnek.
tomato_0038,tomato,tomato kategorisinde bir örnek.
tomato_0039,tomato,tomato kategorisinde bir örnek.
tomato_0040,tomato,tomato kategorisinde bir örnek.
tomato_0041,tomato,tomato kategorisinde bir örnek.
tomato_0042,tomato,tomato kategorisinde bir örnek.
tomato_0043,tomato,tomato kategorisinde bir örnek.
tomato_0044,tomato,tomato kategorisinde bir örnek.
tomato_0045,tomato,tomato kategorisinde bir örnek.
tomato_0046,tomato,tomato kategorisinde bir örnek.
tomato_0047,tomato,tomato kategorisinde bir örnek.
tomato_0048,tomato,tomato kategorisinde bir örnek.
tomato_0049,tomato,tomato kategorisinde bir örnek.
tomato_0050,tomato,tomato kategorisinde bir örnek.
tomato_0051,tomato,tomato kategorisinde bir örnek.
tomato_0052,tomato,tomato kategorisinde bir örnek.
tomato_0053,tomato,tomato kategorisinde bir örnek.
tomato_0054,tomato,tomato kategorisinde bir örnek.
tomato_0055,tomato,tomato kategorisinde bir örnek.
tomato_0056,tomato,tomato kategorisinde bir örnek.
tomato_0057,tomato,tomato kategorisinde bir örnek.
tomato_0058,tomato,tomato kategorisinde bir örnek.
tomato_0059,tomato,tomato kategorisinde bir örnek.
tomato_0060,tomato,tomato kategorisinde bir örnek.
tomato_0061,tomato,tomato kategorisinde bir örnek.
tomato_0062,tomato,tomato kategorisinde bir örnek.
tomato_0063,tomato,tomato kategorisinde bir örnek.
tomato_0064,tomato,tomato kategorisinde bir örnek.
tomato_0065,tomato,tomato kategorisinde bir örnek.
tomato_0066,tomato,tomato kategorisinde bir örnek.
tomato_0067,tomato,tomato kategorisinde bir örnek.
tomato_0068,tomato,tomato kategorisinde bir örnek.
tomato_0069,tomato,tomato kategorisinde bir örnek.
tomato_0070,tomato,tomato kategorisinde bir örnek.
tomato_0071,tomato,tomato kategorisinde bir örnek.
tomato_0072,tomato,tomato kategorisinde bir örnek.
tomato_0073,tomato,tomato kategorisinde bir örnek.
tomato_0074,tomato,tomato kategorisinde bir örnek.
tomato_0075,tomato,tomato kategorisinde bir örnek.
tomato_0076,tomato,tomato kategorisinde bir örnek.
tomato_0077,tomato,tomato kategorisinde bir örnek.
tomato_0078,tomato,tomato kategorisinde bir örnek.
tomato_0079,tomato,tomato kategorisinde bir örnek.
tomato_0080,tomato,tomato kategorisinde bir örnek.
tomato_0081,tomato,tomato kategorisinde bir örnek.
tomato_0082,tomato,tomato kategorisinde bir örnek.
tomato_0083,tomato,tomato kategorisinde bir örnek.
tomato_0084,tomato,tomato kategorisinde bir örnek.
tomato_0085,tomato,tomato kategorisinde bir örnek.
tomato_0086,tomato,tomato kategorisinde bir örnek.
tomato_0087,tomato,tomato kategorisinde bir örnek.
tomato_0088,tomato,tomato kategorisinde bir örnek.
tomato_0089,tomato,tomato kategorisinde bir örnek.
tomato_0090,tomato,tomato kategorisinde bir örnek.
tomato_0091,tomato,tomato kategorisinde bir örnek.
tomato_0092,tomato,tomato kategorisinde bir örnek.
tomato_0093,tomato,tomato kategorisinde bir örnek.
tomato_0094,tomato,tomato kategorisinde bir örnek.
tomato_0095,tomato,tomato kategorisinde bir örnek.
tomato_0096,tomato,tomato kategorisinde bir örnek.
tomato_0097,tomato,tomato kategorisinde bir örnek.
tomato_0098,tomato,tomato kategorisinde bir örnek.
tomato_0099,tomato,tomato kategorisinde bir örnek.
tomato_0100,tomato,tomato kategorisinde bir örnek.
tomato_0101,tomato,tomato kategorisinde bir örnek.
tomato_0102,tomato,tomato kategorisinde bir örnek.
tomato_0103,tomato,tomato kategorisinde bir örnek.
tomato_0104,tomato,tomato kategorisinde bir örnek.
tomato_0105,tomato,tomato kategorisinde bir örnek.
tomato_0106,tomato,tomato kategorisinde bir örnek.
tomato_0107,tomato,tomato kategorisinde bir örnek.
tomato_0108,tomato,tomato kategorisinde bir örnek.
tomato_0109,tomato,tomato kategorisinde bir örnek.
tomato_0110,tomato,tomato kategorisinde bir örnek.
tomato_0111,tomato,tomato kategorisinde bir örnek.
tomato_0112,tomato,tomato kategorisinde bir örnek.
tomato_0113,tomato,tomato kategorisinde bir örnek.
tomato_0114,tomato,tomato kategorisinde bir örnek.
tomato_0115,tomato,tomato kategorisinde bir örnek.
tomato_0116,tomato,tomato kategorisinde bir örnek.
tomato_0117,tomato,tomato kategorisinde bir örnek.
tomato_0118,tomato,tomato kategorisinde bir örnek.
tomato_0119,tomato,tomato kategorisinde bir örnek.
tomato_0120,tomato,tomato kategorisinde bir örnek.
tomato_0121,tomato,tomato kategorisinde bir örnek.
tomato_0122,tomato,tomato kategorisinde bir örnek.
tomato_0123,tomato,tomato kategorisinde bir örnek.
tomato_0124,tomato,tomato kategorisinde bir örnek.
tomato_0125,tomato,tomato kategorisinde bir örnek.
tomato_0126,tomato,tomato kategorisinde bir örnek.
tomato_0127,tomato,tomato kategorisinde bir örnek.
tomato_0128,tomato,tomato kategorisinde bir örnek.
tomato_0129,tomato,tomato kategorisinde bir örnek.
tomato_0130,tomato,tomato kategorisinde bir örnek.
tomato_0131,tomato,tomato kategorisinde bir örnek.
tomato_0132,tomato,tomato kategorisinde bir örnek.
tomato_0133,tomato,tomato kategorisinde bir örnek.
tomato_0134,tomato,tomato kategorisinde bir örnek.
tomato_0135,tomato,tomato kategorisinde bir örnek.
tomato_0136,tomato,tomato kategorisinde bir örnek.
tomato_0137,tomato,tomato kategorisinde bir örnek.
tomato_0138,tomato,tomato kategorisinde bir örnek.
tomato_0139,tomato,tomato kategorisinde bir örnek.
tomato_0140,tomato,tomato kategorisinde bir örnek.
tomato_0141,tomato,tomato kategorisinde bir örnek.
tomato_0142,tomato,tomato kategorisinde bir örnek.
tomato_0143,tomato,tomato kategorisinde bir örnek.
tomato_0144,tomato,tomato kategorisinde bir örnek.
tomato_0145,tomato,tomato kategorisinde bir örnek.
tomato_0146,tomato,tomato kategorisinde bir örnek.
tomato_0147,tomato,tomato kategorisinde bir örnek.
tomato_0148,tomato,tomato kategorisinde bir örnek.
tomato_0149,tomato,tomato kategorisinde bir örnek.
tomato_0150,tomato,tomato kategorisinde bir örnek.
tomato_0151,tomato,tomato kategorisinde bir örnek.
tomato_0152,tomato,tomato kategorisinde bir örnek.
tomato_0153,tomato,tomato kategorisinde bir örnek.
tomato_0154,tomato,tomato kategorisinde bir örnek.
tomato_0155,tomato,tomato kategorisinde bir örnek.
tomato_0156,tomato,tomato kategorisinde bir örnek.
tomato_0157,tomato,tomato kategorisinde bir örnek.
tomato_0158,tomato,tomato kategorisinde bir örnek.
tomato_0159,tomato,tomato kategorisinde bir örnek.
tomato_0160,tomato,tomato kategorisinde bir örnek.
tomato_0161,tomato,tomato kategorisinde bir örnek.
tomato_0162,tomato,tomato kategorisinde bir örnek.
tomato_0163,tomato,tomato kategorisinde bir örnek.
tomato_0164,tomato,tomato kategorisinde bir örnek.
tomato_0165,tomato,tomato kategorisinde bir örnek.
tomato_0166,tomato,tomato kategorisinde bir örnek.
tomato_0167,tomato,tomato kategorisinde bir örnek.
tomato_0168,tomato,tomato kategorisinde bir örnek.
tomato_0169,tomato,tomato kategorisinde bir örnek.
tomato_0170,tomato,tomato kategorisinde bir örnek.
tomato_0171,tomato,tomato kategorisinde bir örnek.
tomato_0172,tomato,tomato kategorisinde bir örnek.
tomato_0173,tomato,tomato kategorisinde bir örnek.
tomato_0174,tomato,tomato kategorisinde bir örnek.
tomato_0175,tomato,tomato kategorisinde bir örnek.
tomato_0176,tomato,tomato kategorisinde bir örnek.
tomato_0177,tomato,tomato kategorisinde bir örnek.
tomato_0178,tomato,tomato kategorisinde bir örnek.
tomato_0179,tomato,tomato kategorisinde bir örnek.
tomato_0180,tomato,tomato kategorisinde bir örnek.
tomato_0181,tomato,tomato kategorisinde bir örnek.
tomato_0182,tomato,tomato kategorisinde bir örnek.
tomato_0183,tomato,tomato kategorisinde bir örnek.
tomato_0184,tomato,tomato kategorisinde bir örnek.
tomato_0185,tomato,tomato kategorisinde bir örnek.
tomato_0186,tomato,tomato kategorisinde bir örnek.
tomato_0187,tomato,tomato kategorisinde bir örnek.
tomato_0188,tomato,tomato kategorisinde bir örnek.
tomato_0189,tomato,tomato kategorisinde bir örnek.
tomato_0190,tomato,tomato kategorisinde bir örnek.
tomato_0191,tomato,tomato kategorisinde bir örnek.
tomato_0192,tomato,tomato kategorisinde bir örnek.
tomato_0193,tomato,tomato kategorisinde bir örnek.
tomato_0194,tomato,tomato kategorisinde bir örnek.
tomato_0195,tomato,tomato kategorisinde bir örnek.
tomato_0196,tomato,tomato kategorisinde bir örnek.
tomato_0197,tomato,tomato kategorisinde bir örnek.
tomato_0198,tomato,tomato kategorisinde bir örnek.
tomato_0199,tomato,tomato kategorisinde bir örnek.
tomato_0200,tomato,tomato kategorisinde bir örnek.
tomato_0201,tomato,tomato kategorisinde bir örnek.
tomato_0202,tomato,tomato kategorisinde bir örnek.
tomato_0203,tomato,tomato kategorisinde bir örnek.
tomato_0204,tomato,tomato kategorisinde bir örnek.
tomato_0205,tomato,tomato kategorisinde bir örnek.
tomato_0206,tomato,tomato kategorisinde bir örnek.
tomato_0207,tomato,tomato kategorisinde bir örnek.
tomato_0208,tomato,tomato kategorisinde bir örnek.
tomato_0209,tomato,tomato kategorisinde bir örnek.
tomato_0210,tomato,tomato kategorisinde bir örnek.
tomato_0211,tomato,tomato kategorisinde bir örnek.
tomato_0212,tomato,tomato kategorisinde bir örnek.
tomato_0213,tomato,tomato kategorisinde bir örnek.
tomato_0214,tomato,tomato kategorisinde bir örnek.
tomato_0215,tomato,tomato kategorisinde bir örnek.
tomato_0216,tomato,tomato kategorisinde bir örnek.
tomato_0217,tomato,tomato kategorisinde bir örnek.
tomato_0218,tomato,tomato kategorisinde bir örnek.
tomato_0219,tomato,tomato kategorisinde bir örnek.
tomato_0220,tomato,tomato kategorisinde bir örnek.
tomato_0221,tomato,tomato kategorisinde bir örnek.
tomato_0222,tomato,tomato kategorisinde bir örnek.
tomato_0223,tomato,tomato kategorisinde bir örnek.
tomato_0224,tomato,tomato kategorisinde bir örnek.
tomato_0225,tomato,tomato kategorisinde bir örnek.
tomato_0226,tomato,tomato kategorisinde bir örnek.
tomato_0227,tomato,tomato kategorisinde bir örnek.
tomato_0228,tomato,tomato kategorisinde bir örnek.
tomato_0229,tomato,tomato kategorisinde bir örnek.
tomato_0230,tomato,tomato kategorisinde bir örnek.
tomato_0231,tomato,tomato kategorisinde bir örnek.
tomato_0232,tomato,tomato kategorisinde bir örnek.
tomato_0233,tomato,tomato kategorisinde bir örnek.
tomato_0234,tomato,tomato kategorisinde bir örnek.
tomato_0235,tomato,tomato kategorisinde bir örnek.
tomato_0236,tomato,tomato kategorisinde bir örnek.
tomato_0237,tomato,tomato kategorisinde bir örnek.
tomato_0238,tomato,tomato kategorisinde bir örnek.
tomato_0239,tomato,tomato kategorisinde bir örnek.
tomato_0240,tomato,tomato kategorisinde bir örnek.
tomato_0241,tomato,tomato kategorisinde bir örnek.
tomato_0242,tomato,tomato kategorisinde bir örnek.
tomato_0243,tomato,tomato kategorisinde bir örnek.
tomato_0244,tomato,tomato kategorisinde bir örnek.
tomato_0245,tomato,tomato kategorisinde bir örnek.
tomato_0246,tomato,tomato kategorisinde bir örnek.
tomato_0247,tomato,tomato kategorisinde bir örnek.
tomato_0248,tomato,tomato kategorisinde bir örnek.
tomato_0249,tomato,tomato kategorisinde bir örnek.
tomato_0250,tomato,tomato kategorisinde bir örnek.
tomato_0251,tomato,tomato kategorisinde bir örnek.
tomato_0252,tomato,tomato kategorisinde bir örnek.
tomato_0253,tomato,tomato kategorisinde bir örnek.
tomato_0254,tomato,tomato kategorisinde bir örnek.
tomato_0255,tomato,tomato kategorisinde bir örnek.
tomato_0256,tomato,tomato kategorisinde bir örnek.
tomato_0257,tomato,tomato kategorisinde bir örnek.
tomato_0258,tomato,tomato kategorisinde bir örnek.
tomato_0259,tomato,tomato kategorisinde bir örnek.
tomato_0260,tomato,tomato kategorisinde bir örnek.
tomato_0261,tomato,tomato kategorisinde bir örnek.
tomato_0262,tomato,tomato kategorisinde bir örnek.
tomato_0263,tomato,tomato kategorisinde bir örnek.
tomato_0264,tomato,tomato kategorisinde bir örnek.
tomato_0265,tomato,tomato kategorisinde bir örnek.
tomato_0266,tomato,tomato kategorisinde bir örnek.
tomato_0267,tomato,tomato kategorisinde bir örnek.
tomato_0268,tomato,tomato kategorisinde bir örnek.
tomato_0269,tomato,tomato kategorisinde bir örnek.
tomato_0270,tomato,tomato kategorisinde bir örnek.
tomato_0271,tomato,tomato kategorisinde bir örnek.
tomato_0272,tomato,tomato kategorisinde bir örnek.
tomato_0273,tomato,tomato kategorisinde bir örnek.
tomato_0274,tomato,tomato kategorisinde bir örnek.
tomato_0275,tomato,tomato kategorisinde bir örnek.
tomato_0276,tomato,tomato kategorisinde bir örnek.
tomato_0277,tomato,tomato kategorisinde bir örnek.
tomato_0278,tomato,tomato kategorisinde bir örnek.
tomato_0279,tomato,tomato kategorisinde bir örnek.
tomato_0280,tomato,tomato kategorisinde bir örnek.
tomato_0281,tomato,tomato kategorisinde bir örnek.
tomato_0282,tomato,tomato kategorisinde bir örnek.
tomato_0283,tomato,tomato kategorisinde bir örnek.
tomato_0284,tomato,tomato kategorisinde bir örnek.
tomato_0285,tomato,tomato kategorisinde bir örnek.
tomato_0286,tomato,tomato kategorisinde bir örnek.
tomato_0287,tomato,tomato kategorisinde bir örnek.
tomato_0288,tomato,tomato kategorisinde bir örnek.
tomato_0289,tomato,tomato kategorisinde bir örnek.
tomato_0290,tomato,tomato kategorisinde bir örnek.
tomato_0291,tomato,tomato kategorisinde bir örnek.
tomato_0292,tomato,tomato kategorisinde bir örnek.
tomato_0293,tomato,tomato kategorisinde bir örnek.
tomato_0294,tomato,tomato kategorisinde bir örnek.
tomato_0295,tomato,tomato kategorisinde bir örnek.
tomato_0296,tomato,tomato kategorisinde bir örnek.
tomato_0297,tomato,tomato kategorisinde bir örnek.
tomato_0298,tomato,tomato kategorisinde bir örnek.
tomato_0299,tomato,tomato kategorisinde bir örnek.
tomato_0300,tomato,tomato kategorisinde bir örnek.
tomato_0301,tomato,tomato kategorisinde bir örnek.
tomato_0302,tomato,tomato kategorisinde bir örnek.
tomato_0303,tomato,tomato kategorisinde bir örnek.
tomato_0304,tomato,tomato kategorisinde bir örnek.
tomato_0305,tomato,tomato kategorisinde bir örnek.
tomato_0306,tomato,tomato kategorisinde bir örnek.
tomato_0307,tomato,tomato kategorisinde bir örnek.
tomato_0308,tomato,tomato kategorisinde bir örnek.
tomato_0309,tomato,tomato kategorisinde bir örnek.
tomato_0310,tomato,tomato kategorisinde bir örnek.
tomato_0311,tomato,tomato kategorisinde bir örnek.
tomato_0312,tomato,tomato kategorisinde bir örnek.
tomato_0313,tomato,tomato kategorisinde bir örnek.
tomato_0314,tomato,tomato kategorisinde bir örnek.
tomato_0315,tomato,tomato kategorisinde bir örnek.
tomato_0316,tomato,tomato kategorisinde bir örnek.
tomato_0317,tomato,tomato kategorisinde bir örnek.
tomato_0318,tomato,tomato kategorisinde bir örnek.
tomato_0319,tomato,tomato kategorisinde bir örnek.
tomato_0320,tomato,tomato kategorisinde bir örnek.
tomato_0321,tomato,tomato kategorisinde bir örnek.
tomato_0322,tomato,tomato kategorisinde bir örnek.
tomato_0323,tomato,tomato kategorisinde bir örnek.
tomato_0324,tomato,tomato kategorisinde bir örnek.
tomato_0325,tomato,tomato kategorisinde bir örnek.
tomato_0326,tomato,tomato kategorisinde bir örnek.
tomato_0327,tomato,tomato kategorisinde bir örnek.
tomato_0328,tomato,tomato kategorisinde bir örnek.
tomato_0329,tomato,tomato kategorisinde bir örnek.
tomato_0330,tomato,tomato kategorisinde bir örnek.
tomato_0331,tomato,tomato kategorisinde bir örnek.
tomato_0332,tomato,tomato kategorisinde bir örnek.
tomato_0333,tomato,tomato kategorisinde bir örnek.
tomato_0334,tomato,tomato kategorisinde bir örnek.
tomato_0335,tomato,tomato kategorisinde bir örnek.
tomato_0336,tomato,tomato kategorisinde bir örnek.
tomato_0337,tomato,tomato kategorisinde bir örnek.
tomato_0338,tomato,tomato kategorisinde bir örnek.
tomato_0339,tomato,tomato kategorisinde bir örnek.
tomato_0340,tomato,tomato kategorisinde bir örnek.
tomato_0341,tomato,tomato kategorisinde bir örnek.
tomato_0342,tomato,tomato kategorisinde bir örnek.
tomato_0343,tomato,tomato kategorisinde bir örnek.
tomato_0344,tomato,tomato kategorisinde bir örnek.
tomato_0345,tomato,tomato kategorisinde bir örnek.
tomato_0346,tomato,tomato kategorisinde bir örnek.
tomato_0347,tomato,tomato kategorisinde bir örnek.
tomato_0348,tomato,tomato kategorisinde bir örnek.
tomato_0349,tomato,tomato kategorisinde bir örnek.
tomato_0350,tomato,tomato kategorisinde bir örnek.
tomato_0351,tomato,tomato kategorisinde bir örnek.
tomato_0352,tomato,tomato kategorisinde bir örnek.
tomato_0353,tomato,tomato kategorisinde bir örnek.
tomato_0354,tomato,tomato kategorisinde bir örnek.
tomato_0355,tomato,tomato kategorisinde bir örnek.
tomato_0356,tomato,tomato kategorisinde bir örnek.
tomato_0357,tomato,tomato kategorisinde bir örnek.
tomato_0358,tomato,tomato kategorisinde bir örnek.
tomato_0359,tomato,tomato kategorisinde bir örnek.
tomato_0360,tomato,tomato kategorisinde bir örnek.
tomato_0361,tomato,tomato kategorisinde bir örnek.
tomato_0362,tomato,tomato kategorisinde bir örnek.
tomato_0363,tomato,tomato kategorisinde bir örnek.
tomato_0364,tomato,tomato kategorisinde bir örnek.
tomato_0365,tomato,tomato kategorisinde bir örnek.
tomato_0366,tomato,tomato kategorisinde bir örnek.
tomato_0367,tomato,tomato kategorisinde bir örnek.
tomato_0368,tomato,tomato kategorisinde bir örnek.
tomato_0369,tomato,tomato kategorisinde bir örnek.
tomato_0370,tomato,tomato kategorisinde bir örnek.
tomato_0371,tomato,tomato kategorisinde bir örnek.
tomato_0372,tomato,tomato kategorisinde bir örnek.
tomato_0373,tomato,tomato kategorisinde bir örnek.
tomato_0374,tomato,tomato kategorisinde bir örnek.
tomato_0375,tomato,tomato kategorisinde bir örnek.
tomato_0376,tomato,tomato kategorisinde bir örnek.
tomato_0377,tomato,tomato kategorisinde bir örnek.
tomato_0378,tomato,tomato kategorisinde bir örnek.
tomato_0379,tomato,tomato kategorisinde bir örnek.
tomato_0380,tomato,tomato kategorisinde bir örnek.
tomato_0381,tomato,tomato kategorisinde bir örnek.
tomato_0382,tomato,tomato kategorisinde bir örnek.
tomato_0383,tomato,tomato kategorisinde bir örnek.
tomato_0384,tomato,tomato kategorisinde bir örnek.
tomato_0385,tomato,tomato kategorisinde bir örnek.
tomato_0386,tomato,tomato kategorisinde bir örnek.
tomato_0387,tomato,tomato kategorisinde bir örnek.
tomato_0388,tomato,tomato kategorisinde bir örnek.
tomato_0389,tomato,tomato kategorisinde bir örnek.
tomato_0390,tomato,tomato kategorisinde bir örnek.
tomato_0391,tomato,tomato kategorisinde bir örnek.
tomato_0392,tomato,tomato kategorisinde bir örnek.
tomato_0393,tomato,tomato kategorisinde bir örnek.
tomato_0394,tomato,tomato kategorisinde bir örnek.
tomato_0395,tomato,tomato kategorisinde bir örnek.
tomato_0396,tomato,tomato kategorisinde bir örnek.
tomato_0397,tomato,tomato kategorisinde bir örnek.
tomato_0398,tomato,tomato kategorisinde bir örnek.
tomato_0399,tomato,tomato kategorisinde bir örnek.
tomato_0400,tomato,tomato kategorisinde bir örnek.
tomato_0401,tomato,tomato kategorisinde bir örnek.
tomato_0402,tomato,tomato kategorisinde bir örnek.
tomato_0403,tomato,tomato kategorisinde bir örnek.
tomato_0404,tomato,tomato kategorisinde bir örnek.
tomato_0405,tomato,tomato kategorisinde bir örnek.
tomato_0406,tomato,tomato kategorisinde bir örnek.
tomato_0407,tomato,tomato kategorisinde bir örnek.
tomato_0408,tomato,tomato kategorisinde bir örnek.
tomato_0409,tomato,tomato kategorisinde bir örnek.
tomato_0410,tomato,tomato kategorisinde bir örnek.
tomato_0411,tomato,tomato kategorisinde bir örnek.
tomato_0412,tomato,tomato kategorisinde bir örnek.
tomato_0413,tomato,tomato kategorisinde bir örnek.
tomato_0414,tomato,tomato kategorisinde bir örnek.
tomato_0415,tomato,tomato kategorisinde bir örnek.
tomato_0416,tomato,tomato kategorisinde bir örnek.
tomato_0417,tomato,tomato kategorisinde bir örnek.
tomato_0418,tomato,tomato kategorisinde bir örnek.
tomato_0419,tomato,tomato kategorisinde bir örnek.
tomato_0420,tomato,tomato kategorisinde bir örnek.
tomato_0421,tomato,tomato kategorisinde bir örnek.
tomato_0422,tomato,tomato kategorisinde bir örnek.
tomato_0423,tomato,tomato kategorisinde bir örnek.
tomato_0424,tomato,tomato kategorisinde bir örnek.
tomato_0425,tomato,tomato kategorisinde bir örnek.
tomato_0426,tomato,tomato kategorisinde bir örnek.
tomato_0427,tomato,tomato kategorisinde bir örnek.
tomato_0428,tomato,tomato kategorisinde bir örnek.
tomato_0429,tomato,tomato kategorisinde bir örnek.
tomato_0430,tomato,tomato kategorisinde bir örnek.
tomato_0431,tomato,tomato kategorisinde bir örnek.
tomato_0432,tomato,tomato kategorisinde bir örnek.
tomato_0433,tomato,tomato kategorisinde bir örnek.
tomato_0434,tomato,tomato kategorisinde bir örnek.
tomato_0435,tomato,tomato kategorisinde bir örnek.
tomato_0436,tomato,tomato kategorisinde bir örnek.
tomato_0437,tomato,tomato kategorisinde bir örnek.
tomato_0438,tomato,tomato kategorisinde bir örnek.
tomato_0439,tomato,tomato kategorisinde bir örnek.
tomato_0440,tomato,tomato kategorisinde bir örnek.
tomato_0441,tomato,tomato kategorisinde bir örnek.
tomato_0442,tomato,tomato kategorisinde bir örnek.
tomato_0443,tomato,tomato kategorisinde bir örnek.
tomato_0444,tomato,tomato kategorisinde bir örnek.
tomato_0445,tomato,tomato kategorisinde bir örnek.
tomato_0446,tomato,tomato kategorisinde bir örnek.
tomato_0447,tomato,tomato kategorisinde bir örnek.
tomato_0448,tomato,tomato kategorisinde bir örnek.
tomato_0449,tomato,tomato kategorisinde bir örnek.
tomato_0450,tomato,tomato kategorisinde bir örnek.
tomato_0451,tomato,tomato kategorisinde bir örnek.
tomato_0452,tomato,tomato kategorisinde bir örnek.
tomato_0453,tomato,tomato kategorisinde bir örnek.
tomato_0454,tomato,tomato kategorisinde bir örnek.
tomato_0455,tomato,tomato kategorisinde bir örnek.
tomato_0456,tomato,tomato kategorisinde bir örnek.
tomato_0457,tomato,tomato kategorisinde bir örnek.
tomato_0458,tomato,tomato kategorisinde bir örnek.
tomato_0459,tomato,tomato kategorisinde bir örnek.
tomato_0460,tomato,tomato kategorisinde bir örnek.
tomato_0461,tomato,tomato kategorisinde bir örnek.
tomato_0462,tomato,tomato kategorisinde bir örnek.
tomato_0463,tomato,tomato kategorisinde bir örnek.
tomato_0464,tomato,tomato kategorisinde bir örnek.
tomato_0465,tomato,tomato kategorisinde bir örnek.
tomato_0466,tomato,tomato kategorisinde bir örnek.
tomato_0467,tomato,tomato kategorisinde bir örnek.
tomato_0468,tomato,tomato kategorisinde bir örnek.
tomato_0469,tomato,tomato kategorisinde bir örnek.
tomato_0470,tomato,tomato kategorisinde bir örnek.
tomato_0471,tomato,tomato kategorisinde bir örnek.
tomato_0472,tomato,tomato kategorisinde bir örnek.
tomato_0473,tomato,tomato kategorisinde bir örnek.
tomato_0474,tomato,tomato kategorisinde bir örnek.
tomato_0475,tomato,tomato kategorisinde bir örnek.
tomato_0476,tomato,tomato kategorisinde bir örnek.
tomato_0477,tomato,tomato kategorisinde bir örnek.
tomato_0478,tomato,tomato kategorisinde bir örnek.
tomato_0479,tomato,tomato kategorisinde bir örnek.
tomato_0480,tomato,tomato kategorisinde bir örnek.
tomato_0481,tomato,tomato kategorisinde bir örnek.
tomato_0482,tomato,tomato kategorisinde bir örnek.
tomato_0483,tomato,tomato kategorisinde bir örnek.
tomato_0484,tomato,tomato kategorisinde bir örnek.
tomato_0485,tomato,tomato kategorisinde bir örnek.
tomato_0486,tomato,tomato kategorisinde bir örnek.
tomato_0487,tomato,tomato kategorisinde bir örnek.
tomato_0488,tomato,tomato kategorisinde bir örnek.
tomato_0489,tomato,tomato kategorisinde bir örnek.
tomato_0490,tomato,tomato kategorisinde bir örnek.
tomato_0491,tomato,tomato kategorisinde bir örnek.
tomato_0492,tomato,tomato kategorisinde bir örnek.
tomato_0493,tomato,tomato kategorisinde bir örnek.
tomato_0494,tomato,tomato kategorisinde bir örnek.
tomato_0495,tomato,tomato kategorisinde bir örnek.
tomato_0496,tomato,tomato kategorisinde bir örnek.
tomato_0497,tomato,tomato kategorisinde bir örnek.
tomato_0498,tomato,tomato kategorisinde bir örnek.
tomato_0499,tomato,tomato kategorisinde bir örnek.
tomato_0500,tomato,tomato kategorisinde bir örnek.
tomato_0501,tomato,tomato kategorisinde bir örnek.
tomato_0502,tomato,tomato kategorisinde bir örnek.
tomato_0503,tomato,tomato kategorisinde bir örnek.
tomato_0504,tomato,tomato kategorisinde bir örnek.
tomato_0505,tomato,tomato kategorisinde bir örnek.
tomato_0506,tomato,tomato kategorisinde bir örnek.
tomato_0507,tomato,tomato kategorisinde bir örnek.
tomato_0508,tomato,tomato kategorisinde bir örnek.
tomato_0509,tomato,tomato kategorisinde bir örnek.
tomato_0510,tomato,tomato kategorisinde bir örnek.
tomato_0511,tomato,tomato kategorisinde bir örnek.
tomato_0512,tomato,tomato kategorisinde bir örnek.
tomato_0513,tomato,tomato kategorisinde bir örnek.
tomato_0514,tomato,tomato kategorisinde bir örnek.
tomato_0515,tomato,tomato kategorisinde bir örnek.
tomato_0516,tomato,tomato kategorisinde bir örnek.
tomato_0517,tomato,tomato kategorisinde bir örnek.
tomato_0518,tomato,tomato kategorisinde bir örnek.
tomato_0519,tomato,tomato kategorisinde bir örnek.
tomato_0520,tomato,tomato kategorisinde bir örnek.
tomato_0521,tomato,tomato kategorisinde bir örnek.
tomato_0522,tomato,tomato kategorisinde bir örnek.
tomato_0523,tomato,tomato kategorisinde bir örnek.
tomato_0524,tomato,tomato kategorisinde bir örnek.
tomato_0525,tomato,tomato kategorisinde bir örnek.
tomato_0526,tomato,tomato kategorisinde bir örnek.
tomato_0527,tomato,tomato kategorisinde bir örnek.
tomato_0528,tomato,tomato kategorisinde bir örnek.
tomato_0529,tomato,tomato kategorisinde bir örnek.
tomato_0530,tomato,tomato kategorisinde bir örnek.
tomato_0531,tomato,tomato kategorisinde bir örnek.
tomato_0532,tomato,tomato kategorisinde bir örnek.
tomato_0533,tomato,tomato kategorisinde bir örnek.
tomato_0534,tomato,tomato kategorisinde bir örnek.
tomato_0535,tomato,tomato kategorisinde bir örnek.
tomato_0536,tomato,tomato kategorisinde bir örnek.
tomato_0537,tomato,tomato kategorisinde bir örnek.
tomato_0538,tomato,tomato kategorisinde bir örnek.
tomato_0539,tomato,tomato kategorisinde bir örnek.
tomato_0540,tomato,tomato kategorisinde bir örnek.
tomato_0541,tomato,tomato kategorisinde bir örnek.
tomato_0542,tomato,tomato kategorisinde bir örnek.
tomato_0543,tomato,tomato kategorisinde bir örnek.
tomato_0544,tomato,tomato kategorisinde bir örnek.
tomato_0545,tomato,tomato kategorisinde bir örnek.
tomato_0546,tomato,tomato kategorisinde bir örnek.
tomato_0547,tomato,tomato kategorisinde bir örnek.
tomato_0548,tomato,tomato kategorisinde bir örnek.
tomato_0549,tomato,tomato kategorisinde bir örnek.
tomato_0550,tomato,tomato kategorisinde bir örnek.
tomato_0551,tomato,tomato kategorisinde bir örnek.
tomato_0552,tomato,tomato kategorisinde bir örnek.
tomato_0553,tomato,tomato kategorisinde bir örnek.
tomato_0554,tomato,tomato kategorisinde bir örnek.
tomato_0555,tomato,tomato kategorisinde bir örnek.
tomato_0556,tomato,tomato kategorisinde bir örnek.
tomato_0557,tomato,tomato kategorisinde bir örnek.
tomato_0558,tomato,tomato kategorisinde bir örnek.
tomato_0559,tomato,tomato kategorisinde bir örnek.
tomato_0560,tomato,tomato kategorisinde bir örnek.
tomato_0561,tomato,tomato kategorisinde bir örnek.
tomato_0562,tomato,tomato kategorisinde bir örnek.
tomato_0563,tomato,tomato kategorisinde bir örnek.
tomato_0564,tomato,tomato kategorisinde bir örnek.
tomato_0565,tomato,tomato kategorisinde bir örnek.
tomato_0566,tomato,tomato kategorisinde bir örnek.
tomato_0567,tomato,tomato kategorisinde bir örnek.
tomato_0568,tomato,tomato kategorisinde bir örnek.
tomato_0569,tomato,tomato kategorisinde bir örnek.
tomato_0570,tomato,tomato kategorisinde bir örnek.
tomato_0571,tomato,tomato kategorisinde bir örnek.
tomato_0572,tomato,tomato kategorisinde bir örnek.
tomato_0573,tomato,tomato kategorisinde bir örnek.
tomato_0574,tomato,tomato kategorisinde bir örnek.
tomato_0575,tomato,tomato kategorisinde bir örnek.
tomato_0576,tomato,tomato kategorisinde bir örnek.
tomato_0577,tomato,tomato kategorisinde bir örnek.
tomato_0578,tomato,tomato kategorisinde bir örnek.
tomato_0579,tomato,tomato kategorisinde bir örnek.
tomato_0580,tomato,tomato kategorisinde bir örnek.
tomato_0581,tomato,tomato kategorisinde bir örnek.
tomato_0582,tomato,tomato kategorisinde bir örnek.
tomato_0583,tomato,tomato kategorisinde bir örnek.
tomato_0584,tomato,tomato kategorisinde bir örnek.
tomato_0585,tomato,tomato kategorisinde bir örnek.
tomato_0586,tomato,tomato kategorisinde bir örnek.
tomato_0587,tomato,tomato kategorisinde bir örnek.
tomato_0588,tomato,tomato kategorisinde bir örnek.
tomato_0589,tomato,tomato kategorisinde bir örnek.
tomato_0590,tomato,tomato kategorisinde bir örnek.
tomato_0591,tomato,tomato kategorisinde bir örnek.
tomato_0592,tomato,tomato kategorisinde bir örnek.
tomato_0593,tomato,tomato kategorisinde bir örnek.
tomato_0594,tomato,tomato kategorisinde bir örnek.
tomato_0595,tomato,tomato kategorisinde bir örnek.
tomato_0596,tomato,tomato kategorisinde bir örnek.
tomato_0597,tomato,tomato kategorisinde bir örnek.
tomato_0598,tomato,tomato kategorisinde bir örnek.
tomato_0599,tomato,tomato kategorisinde bir örnek.
cucumber_0000,cucumber,cucumber kategorisinde bir örnek.
cucumber_0001,cucumber,cucumber kategorisinde bir örnek.
cucumber_0002,cucumber,cucumber kategorisinde bir örnek.
cucumber_0003,cucumber,cucumber kategorisinde bir örnek.
cucumber_0004,cucumber,cucumber kategorisinde bir örnek.
cucumber_0005,cucumber,cucumber kategorisinde bir örnek.
cucumber_0006,cucumber,cucumber kategorisinde bir örnek.
cucumber_0007,cucumber,cucumber kategorisinde bir örnek.
cucumber_0008,cucumber,cucumber kategorisinde bir örnek.
cucumber_0009,cucumber,cucumber kategorisinde bir örnek.
cucumber_0010,cucumber,cucumber kategorisinde bir örnek.
cucumber_0011,cucumber,cucumber kategorisinde bir örnek.
cucumber_0012,cucumber,cucumber kategorisinde bir örnek.
cucumber_0013,cucumber,cucumber kategorisinde bir örnek.
cucumber_0014,cucumber,cucumber kategorisinde bir örnek.
cucumber_0015,cucumber,cucumber kategorisinde bir örnek.
cucumber_0016,cucumber,cucumber kategorisinde bir örnek.
cucumber_0017,cucumber,cucumber kategorisinde bir örnek.
cucumber_0018,cucumber,cucumber kategorisinde bir örnek.
cucumber_0019,cucumber,cucumber kategorisinde bir örnek.
cucumber_0020,cucumber,cucumber kategorisinde bir örnek.
cucumber_0021,cucumber,cucumber kategorisinde bir örnek.
cucumber_0022,cucumber,cucumber kategorisinde bir örnek.
cucumber_0023,cucumber,cucumber kategorisinde bir örnek.
cucumber_0024,cucumber,cucumber kategorisinde bir örnek.
cucumber_0025,cucumber,cucumber kategorisinde bir örnek.
cucumber_0026,cucumber,cucumber kategorisinde bir örnek.
cucumber_0027,cucumber,cucumber kategorisinde bir örnek.
cucumber_0028,cucumber,cucumber kategorisinde bir örnek.
cucumber_0029,cucumber,cucumber kategorisinde bir örnek.
cucumber_0030,cucumber,cucumber kategorisinde bir örnek.
cucumber_0031,cucumber,cucumber kategorisinde bir örnek.
cucumber_0032,cucumber,cucumber kategorisinde bir örnek.
cucumber_0033,cucumber,cucumber kategorisinde bir örnek.
cucumber_0034,cucumber,cucumber kategorisinde bir örnek.
cucumber_0035,cucumber,cucumber kategorisinde bir örnek.
cucumber_0036,cucumber,cucumber kategorisinde bir örnek.
cucumber_0037,cucumber,cucumber kategorisinde bir örnek.
cucumber_0038,cucumber,cucumber kategorisinde bir örnek.
cucumber_0039,cucumber,cucumber kategorisinde bir örnek.
cucumber_0040,cucumber,cucumber kategorisinde bir örnek.
cucumber_0041,cucumber,cucumber kategorisinde bir örnek.
cucumber_0042,cucumber,cucumber kategorisinde bir örnek.
cucumber_0043,cucumber,cucumber kategorisinde bir örnek.
cucumber_0044,cucumber,cucumber kategorisinde bir örnek.
cucumber_0045,cucumber,cucumber kategorisinde bir örnek.
cucumber_0046,cucumber,cucumber kategorisinde bir örnek.
cucumber_0047,cucumber,cucumber kategorisinde bir örnek.
cucumber_0048,cucumber,cucumber kategorisinde bir örnek.
cucumber_0049,cucumber,cucumber kategorisinde bir örnek.
cucumber_0050,cucumber,cucumber kategorisinde bir örnek.
cucumber_0051,cucumber,cucumber kategorisinde bir örnek.
cucumber_0052,cucumber,cucumber kategorisinde bir örnek.
cucumber_0053,cucumber,cucumber kategorisinde bir örnek.
cucumber_0054,cucumber,cucumber kategorisinde bir örnek.
cucumber_0055,cucumber,cucumber kategorisinde bir örnek.
cucumber_0056,cucumber,cucumber kategorisinde bir örnek.
cucumber_0057,cucumber,cucumber kategorisinde bir örnek.
cucumber_0058,cucumber,cucumber kategorisinde bir örnek.
cucumber_0059,cucumber,cucumber kategorisinde bir örnek.
cucumber_0060,cucumber,cucumber kategorisinde bir örnek.
cucumber_0061,cucumber,cucumber kategorisinde bir örnek.
cucumber_0062,cucumber,cucumber kategorisinde bir örnek.
cucumber_0063,cucumber,cucumber kategorisinde bir örnek.
cucumber_0064,cucumber,cucumber kategorisinde bir örnek.
cucumber_0065,cucumber,cucumber kategorisinde bir örnek.
cucumber_0066,cucumber,cucumber kategorisinde bir örnek.
cucumber_0067,cucumber,cucumber kategorisinde bir örnek.
cucumber_0068,cucumber,cucumber kategorisinde bir örnek.
cucumber_0069,cucumber,cucumber kategorisinde bir örnek.
cucumber_0070,cucumber,cucumber kategorisinde bir örnek.
cucumber_0071,cucumber,cucumber kategorisinde bir örnek.
cucumber_0072,cucumber,cucumber kategorisinde bir örnek.
cucumber_0073,cucumber,cucumber kategorisinde bir örnek.
cucumber_0074,cucumber,cucumber kategorisinde bir örnek.
cucumber_0075,cucumber,cucumber kategorisinde bir örnek.
cucumber_0076,cucumber,cucumber kategorisinde bir örnek.
cucumber_0077,cucumber,cucumber kategorisinde bir örnek.
cucumber_0078,cucumber,cucumber kategorisinde bir örnek.
cucumber_0079,cucumber,cucumber kategorisinde bir örnek.
cucumber_0080,cucumber,cucumber kategorisinde bir örnek.
cucumber_0081,cucumber,cucumber kategorisinde bir örnek.
cucumber_0082,cucumber,cucumber kategorisinde bir örnek.
cucumber_0083,cucumber,cucumber kategorisinde bir örnek.
cucumber_0084,cucumber,cucumber kategorisinde bir örnek.
cucumber_0085,cucumber,cucumber kategorisinde bir örnek.
cucumber_0086,cucumber,cucumber kategorisinde bir örnek.
cucumber_0087,cucumber,cucumber kategorisinde bir örnek.
cucumber_0088,cucumber,cucumber kategorisinde bir örnek.
cucumber_0089,cucumber,cucumber kategorisinde bir örnek.
cucumber_0090,cucumber,cucumber kategorisinde bir örnek.
cucumber_0091,cucumber,cucumber kategorisinde bir örnek.
cucumber_0092,cucumber,cucumber kategorisinde bir örnek.
cucumber_0093,cucumber,cucumber kategorisinde bir örnek.
cucumber_0094,cucumber,cucumber kategorisinde bir örnek.
cucumber_0095,cucumber,cucumber kategorisinde bir örnek.
cucumber_0096,cucumber,cucumber kategorisinde bir örnek.
cucumber_0097,cucumber,cucumber kategorisinde bir örnek.
cucumber_0098,cucumber,cucumber kategorisinde bir örnek.
cucumber_0099,cucumber,cucumber kategorisinde bir örnek.
cucumber_0100,cucumber,cucumber kategorisinde bir örnek.
cucumber_0101,cucumber,cucumber kategorisinde bir örnek.
cucumber_0102,cucumber,cucumber kategorisinde bir örnek.
cucumber_0103,cucumber,cucumber kategorisinde bir örnek.
cucumber_0104,cucumber,cucumber kategorisinde bir örnek.
cucumber_0105,cucumber,cucumber kategorisinde bir örnek.
cucumber_0106,cucumber,cucumber kategorisinde bir örnek.
cucumber_0107,cucumber,cucumber kategorisinde bir örnek.
cucumber_0108,cucumber,cucumber kategorisinde bir örnek.
cucumber_0109,cucumber,cucumber kategorisinde bir örnek.
cucumber_0110,cucumber,cucumber kategorisinde bir örnek.
cucumber_0111,cucumber,cucumber kategorisinde bir örnek.
cucumber_0112,cucumber,cucumber kategorisinde bir örnek.
cucumber_0113,cucumber,cucumber kategorisinde bir örnek.
cucumber_0114,cucumber,cucumber kategorisinde bir örnek.
cucumber_0115,cucumber,cucumber kategorisinde bir örnek.
cucumber_0116,cucumber,cucumber kategorisinde bir örnek.
cucumber_0117,cucumber,cucumber kategorisinde bir örnek.
cucumber_0118,cucumber,cucumber kategorisinde bir örnek.
cucumber_0119,cucumber,cucumber kategorisinde bir örnek.
cucumber_0120,cucumber,cucumber kategorisinde bir örnek.
cucumber_0121,cucumber,cucumber kategorisinde bir örnek.
cucumber_0122,cucumber,cucumber kategorisinde bir örnek.
cucumber_0123,cucumber,cucumber kategorisinde bir örnek.
cucumber_0124,cucumber,cucumber kategorisinde bir örnek.
cucumber_0125,cucumber,cucumber kategorisinde bir örnek.
cucumber_0126,cucumber,cucumber kategorisinde bir örnek.
cucumber_0127,cucumber,cucumber kategorisinde bir örnek.
cucumber_0128,cucumber,cucumber kategorisinde bir örnek.
cucumber_0129,cucumber,cucumber kategorisinde bir örnek.
cucumber_0130,cucumber,cucumber kategorisinde bir örnek.
cucumber_0131,cucumber,cucumber kategorisinde bir örnek.
cucumber_0132,cucumber,cucumber kategorisinde bir örnek.
cucumber_0133,cucumber,cucumber kategorisinde bir örnek.
cucumber_0134,cucumber,cucumber kategorisinde bir örnek.
cucumber_0135,cucumber,cucumber kategorisinde bir örnek.
cucumber_0136,cucumber,cucumber kategorisinde bir örnek.
cucumber_0137,cucumber,cucumber kategorisinde bir örnek.
cucumber_0138,cucumber,cucumber kategorisinde bir örnek.
cucumber_0139,cucumber,cucumber kategorisinde bir örnek.
cucumber_0140,cucumber,cucumber kategorisinde bir örnek.
cucumber_0141,cucumber,cucumber kategorisinde bir örnek.
cucumber_0142,cucumber,cucumber kategorisinde bir örnek.
cucumber_0143,cucumber,cucumber kategorisinde bir örnek.
cucumber_0144,cucumber,cucumber kategorisinde bir örnek.
cucumber_0145,cucumber,cucumber kategorisinde bir örnek.
cucumber_0146,cucumber,cucumber kategorisinde bir örnek.
cucumber_0147,cucumber,cucumber kategorisinde bir örnek.
cucumber_0148,cucumber,cucumber kategorisinde bir örnek.
cucumber_0149,cucumber,cucumber kategorisinde bir örnek.
cucumber_0150,cucumber,cucumber kategorisinde bir örnek.
cucumber_0151,cucumber,cucumber kategorisinde bir örnek.
cucumber_0152,cucumber,cucumber kategorisinde bir örnek.
cucumber_0153,cucumber,cucumber kategorisinde bir örnek.
cucumber_0154,cucumber,cucumber kategorisinde bir örnek.
cucumber_0155,cucumber,cucumber kategorisinde bir örnek.
cucumber_0156,cucumber,cucumber kategorisinde bir örnek.
cucumber_0157,cucumber,cucumber kategorisinde bir örnek.
cucumber_0158,cucumber,cucumber kategorisinde bir örnek.
cucumber_0159,cucumber,cucumber kategorisinde bir örnek.
cucumber_0160,cucumber,cucumber kategorisinde bir örnek.
cucumber_0161,cucumber,cucumber kategorisinde bir örnek.
cucumber_0162,cucumber,cucumber kategorisinde bir örnek.
cucumber_0163,cucumber,cucumber kategorisinde bir örnek.
cucumber_0164,cucumber,cucumber kategorisinde bir örnek.
cucumber_0165,cucumber,cucumber kategorisinde bir örnek.
cucumber_0166,cucumber,cucumber kategorisinde bir örnek.
cucumber_0167,cucumber,cucumber kategorisinde bir örnek.
cucumber_0168,cucumber,cucumber kategorisinde bir örnek.
cucumber_0169,cucumber,cucumber kategorisinde bir örnek.
cucumber_0170,cucumber,cucumber kategorisinde bir örnek.
cucumber_0171,cucumber,cucumber kategorisinde bir örnek.
cucumber_0172,cucumber,cucumber kategorisinde bir örnek.
cucumber_0173,cucumber,cucumber kategorisinde bir örnek.
cucumber_0174,cucumber,cucumber kategorisinde bir örnek.
cucumber_0175,cucumber,cucumber kategorisinde bir örnek.
cucumber_0176,cucumber,cucumber kategorisinde bir örnek.
cucumber_0177,cucumber,cucumber kategorisinde bir örnek.
cucumber_0178,cucumber,cucumber kategorisinde bir örnek.
cucumber_0179,cucumber,cucumber kategorisinde bir örnek.
cucumber_0180,cucumber,cucumber kategorisinde bir örnek.
cucumber_0181,cucumber,cucumber kategorisinde bir örnek.
cucumber_0182,cucumber,cucumber kategorisinde bir örnek.
cucumber_0183,cucumber,cucumber kategorisinde bir örnek.
cucumber_0184,cucumber,cucumber kategorisinde bir örnek.
cucumber_0185,cucumber,cucumber kategorisinde bir örnek.
cucumber_0186,cucumber,cucumber kategorisinde bir örnek.
cucumber_0187,cucumber,cucumber kategorisinde bir örnek.
cucumber_0188,cucumber,cucumber kategorisinde bir örnek.
cucumber_0189,cucumber,cucumber kategorisinde bir örnek.
cucumber_0190,cucumber,cucumber kategorisinde bir örnek.
cucumber_0191,cucumber,cucumber kategorisinde bir örnek.
cucumber_0192,cucumber,cucumber kategorisinde bir örnek.
cucumber_0193,cucumber,cucumber kategorisinde bir örnek.
cucumber_0194,cucumber,cucumber kategorisinde bir örnek.
cucumber_0195,cucumber,cucumber kategorisinde bir örnek.
cucumber_0196,cucumber,cucumber kategorisinde bir örnek.
cucumber_0197,cucumber,cucumber kategorisinde bir örnek.
cucumber_0198,cucumber,cucumber kategorisinde bir örnek.
cucumber_0199,cucumber,cucumber kategorisinde bir örnek.
cucumber_0200,cucumber,cucumber kategorisinde bir örnek.
cucumber_0201,cucumber,cucumber kategorisinde bir örnek.
cucumber_0202,cucumber,cucumber kategorisinde bir örnek.
cucumber_0203,cucumber,cucumber kategorisinde bir örnek.
cucumber_0204,cucumber,cucumber kategorisinde bir örnek.
cucumber_0205,cucumber,cucumber kategorisinde bir örnek.
cucumber_0206,cucumber,cucumber kategorisinde bir örnek.
cucumber_0207,cucumber,cucumber kategorisinde bir örnek.
cucumber_0208,cucumber,cucumber kategorisinde bir örnek.
cucumber_0209,cucumber,cucumber kategorisinde bir örnek.
cucumber_0210,cucumber,cucumber kategorisinde bir örnek.
cucumber_0211,cucumber,cucumber kategorisinde bir örnek.
cucumber_0212,cucumber,cucumber kategorisinde bir örnek.
cucumber_0213,cucumber,cucumber kategorisinde bir örnek.
cucumber_0214,cucumber,cucumber kategorisinde bir örnek.
cucumber_0215,cucumber,cucumber kategorisinde bir örnek.
cucumber_0216,cucumber,cucumber kategorisinde bir örnek.
cucumber_0217,cucumber,cucumber kategorisinde bir örnek.
cucumber_0218,cucumber,cucumber kategorisinde bir örnek.
cucumber_0219,cucumber,cucumber kategorisinde bir örnek.
cucumber_0220,cucumber,cucumber kategorisinde bir örnek.
cucumber_0221,cucumber,cucumber kategorisinde bir örnek.
cucumber_0222,cucumber,cucumber kategorisinde bir örnek.
cucumber_0223,cucumber,cucumber kategorisinde bir örnek.
cucumber_0224,cucumber,cucumber kategorisinde bir örnek.
cucumber_0225,cucumber,cucumber kategorisinde bir örnek.
cucumber_0226,cucumber,cucumber kategorisinde bir örnek.
cucumber_0227,cucumber,cucumber kategorisinde bir örnek.
cucumber_0228,cucumber,cucumber kategorisinde bir örnek.
cucumber_0229,cucumber,cucumber kategorisinde bir örnek.
cucumber_0230,cucumber,cucumber kategorisinde bir örnek.
cucumber_0231,cucumber,cucumber kategorisinde bir örnek.
cucumber_0232,cucumber,cucumber kategorisinde bir örnek.
cucumber_0233,cucumber,cucumber kategorisinde bir örnek.
cucumber_0234,cucumber,cucumber kategorisinde bir örnek.
cucumber_0235,cucumber,cucumber kategorisinde bir örnek.
cucumber_0236,cucumber,cucumber kategorisinde bir örnek.
cucumber_0237,cucumber,cucumber kategorisinde bir örnek.
cucumber_0238,cucumber,cucumber kategorisinde bir örnek.
cucumber_0239,cucumber,cucumber kategorisinde bir örnek.
cucumber_0240,cucumber,cucumber kategorisinde bir örnek.
cucumber_0241,cucumber,cucumber kategorisinde bir örnek.
cucumber_0242,cucumber,cucumber kategorisinde bir örnek.
cucumber_0243,cucumber,cucumber kategorisinde bir örnek.
cucumber_0244,cucumber,cucumber kategorisinde bir örnek.
cucumber_0245,cucumber,cucumber kategorisinde bir örnek.
cucumber_0246,cucumber,cucumber kategorisinde bir örnek.
cucumber_0247,cucumber,cucumber kategorisinde bir örnek.
cucumber_0248,cucumber,cucumber kategorisinde bir örnek.
cucumber_0249,cucumber,cucumber kategorisinde bir örnek.
cucumber_0250,cucumber,cucumber kategorisinde bir örnek.
cucumber_0251,cucumber,cucumber kategorisinde bir örnek.
cucumber_0252,cucumber,cucumber kategorisinde bir örnek.
cucumber_0253,cucumber,cucumber kategorisinde bir örnek.
cucumber_0254,cucumber,cucumber kategorisinde bir örnek.
cucumber_0255,cucumber,cucumber kategorisinde bir örnek.
cucumber_0256,cucumber,cucumber kategorisinde bir örnek.
cucumber_0257,cucumber,cucumber kategorisinde bir örnek.
cucumber_0258,cucumber,cucumber kategorisinde bir örnek.
cucumber_0259,cucumber,cucumber kategorisinde bir örnek.
cucumber_0260,cucumber,cucumber kategorisinde bir örnek.
cucumber_0261,cucumber,cucumber kategorisinde bir örnek.
cucumber_0262,cucumber,cucumber kategorisinde bir örnek.
cucumber_0263,cucumber,cucumber kategorisinde bir örnek.
cucumber_0264,cucumber,cucumber kategorisinde bir örnek.
cucumber_0265,cucumber,cucumber kategorisinde bir örnek.
cucumber_0266,cucumber,cucumber kategorisinde bir örnek.
cucumber_0267,cucumber,cucumber kategorisinde bir örnek.
cucumber_0268,cucumber,cucumber kategorisinde bir örnek.
cucumber_0269,cucumber,cucumber kategorisinde bir örnek.
cucumber_0270,cucumber,cucumber kategorisinde bir örnek.
cucumber_0271,cucumber,cucumber kategorisinde bir örnek.
cucumber_0272,cucumber,cucumber kategorisinde bir örnek.
cucumber_0273,cucumber,cucumber kategorisinde bir örnek.
cucumber_0274,cucumber,cucumber kategorisinde bir örnek.
cucumber_0275,cucumber,cucumber kategorisinde bir örnek.
cucumber_0276,cucumber,cucumber kategorisinde bir örnek.
cucumber_0277,cucumber,cucumber kategorisinde bir örnek.
cucumber_0278,cucumber,cucumber kategorisinde bir örnek.
cucumber_0279,cucumber,cucumber kategorisinde bir örnek.
cucumber_0280,cucumber,cucumber kategorisinde bir örnek.
cucumber_0281,cucumber,cucumber kategorisinde bir örnek.
cucumber_0282,cucumber,cucumber kategorisinde bir örnek.
cucumber_0283,cucumber,cucumber kategorisinde bir örnek.
cucumber_0284,cucumber,cucumber kategorisinde bir örnek.
cucumber_0285,cucumber,cucumber kategorisinde bir örnek.
cucumber_0286,cucumber,cucumber kategorisinde bir örnek.
cucumber_0287,cucumber,cucumber kategorisinde bir örnek.
cucumber_0288,cucumber,cucumber kategorisinde bir örnek.
cucumber_0289,cucumber,cucumber kategorisinde bir örnek.
cucumber_0290,cucumber,cucumber kategorisinde bir örnek.
cucumber_0291,cucumber,cucumber kategorisinde bir örnek.
cucumber_0292,cucumber,cucumber kategorisinde bir örnek.
cucumber_0293,cucumber,cucumber kategorisinde bir örnek.
cucumber_0294,cucumber,cucumber kategorisinde bir örnek.
cucumber_0295,cucumber,cucumber kategorisinde bir örnek.
cucumber_0296,cucumber,cucumber kategorisinde bir örnek.
cucumber_0297,cucumber,cucumber kategorisinde bir örnek.
cucumber_0298,cucumber,cucumber kategorisinde bir örnek.
cucumber_0299,cucumber,cucumber kategorisinde bir örnek.
cucumber_0300,cucumber,cucumber kategorisinde bir örnek.
cucumber_0301,cucumber,cucumber kategorisinde bir örnek.
cucumber_0302,cucumber,cucumber kategorisinde bir örnek.
cucumber_0303,cucumber,cucumber kategorisinde bir örnek.
cucumber_0304,cucumber,cucumber kategorisinde bir örnek.
cucumber_0305,cucumber,cucumber kategorisinde bir örnek.
cucumber_0306,cucumber,cucumber kategorisinde bir örnek.
cucumber_0307,cucumber,cucumber kategorisinde bir örnek.
cucumber_0308,cucumber,cucumber kategorisinde bir örnek.
cucumber_0309,cucumber,cucumber kategorisinde bir örnek.
cucumber_0310,cucumber,cucumber kategorisinde bir örnek.
cucumber_0311,cucumber,cucumber kategorisinde bir örnek.
cucumber_0312,cucumber,cucumber kategorisinde bir örnek.
cucumber_0313,cucumber,cucumber kategorisinde bir örnek.
cucumber_0314,cucumber,cucumber kategorisinde bir örnek.
cucumber_0315,cucumber,cucumber kategorisinde bir örnek.
cucumber_0316,cucumber,cucumber kategorisinde bir örnek.
cucumber_0317,cucumber,cucumber kategorisinde bir örnek.
cucumber_0318,cucumber,cucumber kategorisinde bir örnek.
cucumber_0319,cucumber,cucumber kategorisinde bir örnek.
cucumber_0320,cucumber,cucumber kategorisinde bir örnek.
cucumber_0321,cucumber,cucumber kategorisinde bir örnek.
cucumber_0322,cucumber,cucumber kategorisinde bir örnek.
cucumber_0323,cucumber,cucumber kategorisinde bir örnek.
cucumber_0324,cucumber,cucumber kategorisinde bir örnek.
cucumber_0325,cucumber,cucumber kategorisinde bir örnek.
cucumber_0326,cucumber,cucumber kategorisinde bir örnek.
cucumber_0327,cucumber,cucumber kategorisinde bir örnek.
cucumber_0328,cucumber,cucumber kategorisinde bir örnek.
cucumber_0329,cucumber,cucumber kategorisinde bir örnek.
cucumber_0330,cucumber,cucumber kategorisinde bir örnek.
cucumber_0331,cucumber,cucumber kategorisinde bir örnek.
cucumber_0332,cucumber,cucumber kategorisinde bir örnek.
cucumber_0333,cucumber,cucumber kategorisinde bir örnek.
cucumber_0334,cucumber,cucumber kategorisinde bir örnek.
cucumber_0335,cucumber,cucumber kategorisinde bir örnek.
cucumber_0336,cucumber,cucumber kategorisinde bir örnek.
cucumber_0337,cucumber,cucumber kategorisinde bir örnek.
cucumber_0338,cucumber,cucumber kategorisinde bir örnek.
cucumber_0339,cucumber,cucumber kategorisinde bir örnek.
cucumber_0340,cucumber,cucumber kategorisinde bir örnek.
cucumber_0341,cucumber,cucumber kategorisinde bir örnek.
cucumber_0342,cucumber,cucumber kategorisinde bir örnek.
cucumber_0343,cucumber,cucumber kategorisinde bir örnek.
cucumber_0344,cucumber,cucumber kategorisinde bir örnek.
cucumber_0345,cucumber,cucumber kategorisinde bir örnek.
cucumber_0346,cucumber,cucumber kategorisinde bir örnek.
cucumber_0347,cucumber,cucumber kategorisinde bir örnek.
cucumber_0348,cucumber,cucumber kategorisinde bir örnek.
cucumber_0349,cucumber,cucumber kategorisinde bir örnek.
cucumber_0350,cucumber,cucumber kategorisinde bir örnek.
cucumber_0351,cucumber,cucumber kategorisinde bir örnek.
cucumber_0352,cucumber,cucumber kategorisinde bir örnek.
cucumber_0353,cucumber,cucumber kategorisinde bir örnek.
cucumber_0354,cucumber,cucumber kategorisinde bir örnek.
cucumber_0355,cucumber,cucumber kategorisinde bir örnek.
cucumber_0356,cucumber,cucumber kategorisinde bir örnek.
cucumber_0357,cucumber,cucumber kategorisinde bir örnek.
cucumber_0358,cucumber,cucumber kategorisinde bir örnek.
cucumber_0359,cucumber,cucumber kategorisinde bir örnek.
cucumber_0360,cucumber,cucumber kategorisinde bir örnek.
cucumber_0361,cucumber,cucumber kategorisinde bir örnek.
cucumber_0362,cucumber,cucumber kategorisinde bir örnek.
cucumber_0363,cucumber,cucumber kategorisinde bir örnek.
cucumber_0364,cucumber,cucumber kategorisinde bir örnek.
cucumber_0365,cucumber,cucumber kategorisinde bir örnek.
cucumber_0366,cucumber,cucumber kategorisinde bir örnek.
cucumber_0367,cucumber,cucumber kategorisinde bir örnek.
cucumber_0368,cucumber,cucumber kategorisinde bir örnek.
cucumber_0369,cucumber,cucumber kategorisinde bir örnek.
cucumber_0370,cucumber,cucumber kategorisinde bir örnek.
cucumber_0371,cucumber,cucumber kategorisinde bir örnek.
cucumber_0372,cucumber,cucumber kategorisinde bir örnek.
cucumber_0373,cucumber,cucumber kategorisinde bir örnek.
cucumber_0374,cucumber,cucumber kategorisinde bir örnek.
cucumber_0375,cucumber,cucumber kategorisinde bir örnek.
cucumber_0376,cucumber,cucumber kategorisinde bir örnek.
cucumber_0377,cucumber,cucumber kategorisinde bir örnek.
cucumber_0378,cucumber,cucumber kategorisinde bir örnek.
cucumber_0379,cucumber,cucumber kategorisinde bir örnek.
cucumber_0380,cucumber,cucumber kategorisinde bir örnek.
cucumber_0381,cucumber,cucumber kategorisinde bir örnek.
cucumber_0382,cucumber,cucumber kategorisinde bir örnek.
cucumber_0383,cucumber,cucumber kategorisinde bir örnek.
cucumber_0384,cucumber,cucumber kategorisinde bir örnek.
cucumber_0385,cucumber,cucumber kategorisinde bir örnek.
cucumber_0386,cucumber,cucumber kategorisinde bir örnek.
cucumber_0387,cucumber,cucumber kategorisinde bir örnek.
cucumber_0388,cucumber,cucumber kategorisinde bir örnek.
cucumber_0389,cucumber,cucumber kategorisinde bir örnek.
cucumber_0390,cucumber,cucumber kategorisinde bir örnek.
cucumber_0391,cucumber,cucumber kategorisinde bir örnek.
cucumber_0392,cucumber,cucumber kategorisinde bir örnek.
cucumber_0393,cucumber,cucumber kategorisinde bir örnek.
cucumber_0394,cucumber,cucumber kategorisinde bir örnek.
cucumber_0395,cucumber,cucumber kategorisinde bir örnek.
cucumber_0396,cucumber,cucumber kategorisinde bir örnek.
cucumber_0397,cucumber,cucumber kategorisinde bir örnek.
cucumber_0398,cucumber,cucumber kategorisinde bir örnek.
cucumber_0399,cucumber,cucumber kategorisinde bir örnek.
cucumber_0400,cucumber,cucumber kategorisinde bir örnek.
cucumber_0401,cucumber,cucumber kategorisinde bir örnek.
cucumber_0402,cucumber,cucumber kategorisinde bir örnek.
cucumber_0403,cucumber,cucumber kategorisinde bir örnek.
cucumber_0404,cucumber,cucumber kategorisinde bir örnek.
cucumber_0405,cucumber,cucumber kategorisinde bir örnek.
cucumber_0406,cucumber,cucumber kategorisinde bir örnek.
cucumber_0407,cucumber,cucumber kategorisinde bir örnek.
cucumber_0408,cucumber,cucumber kategorisinde bir örnek.
cucumber_0409,cucumber,cucumber kategorisinde bir örnek.
cucumber_0410,cucumber,cucumber kategorisinde bir örnek.
cucumber_0411,cucumber,cucumber kategorisinde bir örnek.
cucumber_0412,cucumber,cucumber kategorisinde bir örnek.
cucumber_0413,cucumber,cucumber kategorisinde bir örnek.
cucumber_0414,cucumber,cucumber kategorisinde bir örnek.
cucumber_0415,cucumber,cucumber kategorisinde bir örnek.
cucumber_0416,cucumber,cucumber kategorisinde bir örnek.
cucumber_0417,cucumber,cucumber kategorisinde bir örnek.
cucumber_0418,cucumber,cucumber kategorisinde bir örnek.
cucumber_0419,cucumber,cucumber kategorisinde bir örnek.
cucumber_0420,cucumber,cucumber kategorisinde bir örnek.
cucumber_0421,cucumber,cucumber kategorisinde bir örnek.
cucumber_0422,cucumber,cucumber kategorisinde bir örnek.
cucumber_0423,cucumber,cucumber kategorisinde bir örnek.
cucumber_0424,cucumber,cucumber kategorisinde bir örnek.
cucumber_0425,cucumber,cucumber kategorisinde bir örnek.
cucumber_0426,cucumber,cucumber kategorisinde bir örnek.
cucumber_0427,cucumber,cucumber kategorisinde bir örnek.
cucumber_0428,cucumber,cucumber kategorisinde bir örnek.
cucumber_0429,cucumber,cucumber kategorisinde bir örnek.
cucumber_0430,cucumber,cucumber kategorisinde bir örnek.
cucumber_0431,cucumber,cucumber kategorisinde bir örnek.
cucumber_0432,cucumber,cucumber kategorisinde bir örnek.
cucumber_0433,cucumber,cucumber kategorisinde bir örnek.
cucumber_0434,cucumber,cucumber kategorisinde bir örnek.
cucumber_0435,cucumber,cucumber kategorisinde bir örnek.
cucumber_0436,cucumber,cucumber kategorisinde bir örnek.
cucumber_0437,cucumber,cucumber kategorisinde bir örnek.
cucumber_0438,cucumber,cucumber kategorisinde bir örnek.
cucumber_0439,cucumber,cucumber kategorisinde bir örnek.
cucumber_0440,cucumber,cucumber kategorisinde bir örnek.
cucumber_0441,cucumber,cucumber kategorisinde bir örnek.
cucumber_0442,cucumber,cucumber kategorisinde bir örnek.
cucumber_0443,cucumber,cucumber kategorisinde bir örnek.
cucumber_0444,cucumber,cucumber kategorisinde bir örnek.
cucumber_0445,cucumber,cucumber kategorisinde bir örnek.
cucumber_0446,cucumber,cucumber kategorisinde bir örnek.
cucumber_0447,cucumber,cucumber kategorisinde bir örnek.
cucumber_0448,cucumber,cucumber kategorisinde bir örnek.
cucumber_0449,cucumber,cucumber kategorisinde bir örnek.
cucumber_0450,cucumber,cucumber kategorisinde bir örnek.
cucumber_0451,cucumber,cucumber kategorisinde bir örnek.
cucumber_0452,cucumber,cucumber kategorisinde bir örnek.
cucumber_0453,cucumber,cucumber kategorisinde bir örnek.
cucumber_0454,cucumber,cucumber kategorisinde bir örnek.
cucumber_0455,cucumber,cucumber kategorisinde bir örnek.
cucumber_0456,cucumber,cucumber kategorisinde bir örnek.
cucumber_0457,cucumber,cucumber kategorisinde bir örnek.
cucumber_0458,cucumber,cucumber kategorisinde bir örnek.
cucumber_0459,cucumber,cucumber kategorisinde bir örnek.
cucumber_0460,cucumber,cucumber kategorisinde bir örnek.
cucumber_0461,cucumber,cucumber kategorisinde bir örnek.
cucumber_0462,cucumber,cucumber kategorisinde bir örnek.
cucumber_0463,cucumber,cucumber kategorisinde bir örnek.
cucumber_0464,cucumber,cucumber kategorisinde bir örnek.
cucumber_0465,cucumber,cucumber kategorisinde bir örnek.
cucumber_0466,cucumber,cucumber kategorisinde bir örnek.
cucumber_0467,cucumber,cucumber kategorisinde bir örnek.
cucumber_0468,cucumber,cucumber kategorisinde bir örnek.
cucumber_0469,cucumber,cucumber kategorisinde bir örnek.
cucumber_0470,cucumber,cucumber kategorisinde bir örnek.
cucumber_0471,cucumber,cucumber kategorisinde bir örnek.
cucumber_0472,cucumber,cucumber kategorisinde bir örnek.
cucumber_0473,cucumber,cucumber kategorisinde bir örnek.
cucumber_0474,cucumber,cucumber kategorisinde bir örnek.
cucumber_0475,cucumber,cucumber kategorisinde bir örnek.
cucumber_0476,cucumber,cucumber kategorisinde bir örnek.
cucumber_0477,cucumber,cucumber kategorisinde bir örnek.
cucumber_0478,cucumber,cucumber kategorisinde bir örnek.
cucumber_0479,cucumber,cucumber kategorisinde bir örnek.
cucumber_0480,cucumber,cucumber kategorisinde bir örnek.
cucumber_0481,cucumber,cucumber kategorisinde bir örnek.
cucumber_0482,cucumber,cucumber kategorisinde bir örnek.
cucumber_0483,cucumber,cucumber kategorisinde bir örnek.
cucumber_0484,cucumber,cucumber kategorisinde bir örnek.
cucumber_0485,cucumber,cucumber kategorisinde bir örnek.
cucumber_0486,cucumber,cucumber kategorisinde bir örnek.
cucumber_0487,cucumber,cucumber kategorisinde bir örnek.
cucumber_0488,cucumber,cucumber kategorisinde bir örnek.
cucumber_0489,cucumber,cucumber kategorisinde bir örnek.
cucumber_0490,cucumber,cucumber kategorisinde bir örnek.
cucumber_0491,cucumber,cucumber kategorisinde bir örnek.
cucumber_0492,cucumber,cucumber kategorisinde bir örnek.
cucumber_0493,cucumber,cucumber kategorisinde bir örnek.
cucumber_0494,cucumber,cucumber kategorisinde bir örnek.
cucumber_0495,cucumber,cucumber kategorisinde bir örnek.
cucumber_0496,cucumber,cucumber kategorisinde bir örnek.
cucumber_0497,cucumber,cucumber kategorisinde bir örnek.
cucumber_0498,cucumber,cucumber kategorisinde bir örnek.
cucumber_0499,cucumber,cucumber kategorisinde bir örnek.
cucumber_0500,cucumber,cucumber kategorisinde bir örnek.
cucumber_0501,cucumber,cucumber kategorisinde bir örnek.
cucumber_0502,cucumber,cucumber kategorisinde bir örnek.
cucumber_0503,cucumber,cucumber kategorisinde bir örnek.
cucumber_0504,cucumber,cucumber kategorisinde bir örnek.
cucumber_0505,cucumber,cucumber kategorisinde bir örnek.
cucumber_0506,cucumber,cucumber kategorisinde bir örnek.
cucumber_0507,cucumber,cucumber kategorisinde bir örnek.
cucumber_0508,cucumber,cucumber kategorisinde bir örnek.
cucumber_0509,cucumber,cucumber kategorisinde bir örnek.
cucumber_0510,cucumber,cucumber kategorisinde bir örnek.
cucumber_0511,cucumber,cucumber kategorisinde bir örnek.
cucumber_0512,cucumber,cucumber kategorisinde bir örnek.
cucumber_0513,cucumber,cucumber kategorisinde bir örnek.
cucumber_0514,cucumber,cucumber kategorisinde bir örnek.
cucumber_0515,cucumber,cucumber kategorisinde bir örnek.
cucumber_0516,cucumber,cucumber kategorisinde bir örnek.
cucumber_0517,cucumber,cucumber kategorisinde bir örnek.
cucumber_0518,cucumber,cucumber kategorisinde bir örnek.
cucumber_0519,cucumber,cucumber kategorisinde bir örnek.
cucumber_0520,cucumber,cucumber kategorisinde bir örnek.
cucumber_0521,cucumber,cucumber kategorisinde bir örnek.
cucumber_0522,cucumber,cucumber kategorisinde bir örnek.
cucumber_0523,cucumber,cucumber kategorisinde bir örnek.
cucumber_0524,cucumber,cucumber kategorisinde bir örnek.
cucumber_0525,cucumber,cucumber kategorisinde bir örnek.
cucumber_0526,cucumber,cucumber kategorisinde bir örnek.
cucumber_0527,cucumber,cucumber kategorisinde bir örnek.
cucumber_0528,cucumber,cucumber kategorisinde bir örnek.
cucumber_0529,cucumber,cucumber kategorisinde bir örnek.
cucumber_0530,cucumber,cucumber kategorisinde bir örnek.
cucumber_0531,cucumber,cucumber kategorisinde bir örnek.
cucumber_0532,cucumber,cucumber kategorisinde bir örnek.
cucumber_0533,cucumber,cucumber kategorisinde bir örnek.
cucumber_0534,cucumber,cucumber kategorisinde bir örnek.
cucumber_0535,cucumber,cucumber kategorisinde bir örnek.
cucumber_0536,cucumber,cucumber kategorisinde bir örnek.
cucumber_0537,cucumber,cucumber kategorisinde bir örnek.
cucumber_0538,cucumber,cucumber kategorisinde bir örnek.
cucumber_0539,cucumber,cucumber kategorisinde bir örnek.
cucumber_0540,cucumber,cucumber kategorisinde bir örnek.
cucumber_0541,cucumber,cucumber kategorisinde bir örnek.
cucumber_0542,cucumber,cucumber kategorisinde bir örnek.
cucumber_0543,cucumber,cucumber kategorisinde bir örnek.
cucumber_0544,cucumber,cucumber kategorisinde bir örnek.
cucumber_0545,cucumber,cucumber kategorisinde bir örnek.
cucumber_0546,cucumber,cucumber kategorisinde bir örnek.
cucumber_0547,cucumber,cucumber kategorisinde bir örnek.
cucumber_0548,cucumber,cucumber kategorisinde bir örnek.
cucumber_0549,cucumber,cucumber kategorisinde bir örnek.
cucumber_0550,cucumber,cucumber kategorisinde bir örnek.
cucumber_0551,cucumber,cucumber kategorisinde bir örnek.
cucumber_0552,cucumber,cucumber kategorisinde bir örnek.
cucumber_0553,cucumber,cucumber kategorisinde bir örnek.
cucumber_0554,cucumber,cucumber kategorisinde bir örnek.
cucumber_0555,cucumber,cucumber kategorisinde bir örnek.
cucumber_0556,cucumber,cucumber kategorisinde bir örnek.
cucumber_0557,cucumber,cucumber kategorisinde bir örnek.
cucumber_0558,cucumber,cucumber kategorisinde bir örnek.
cucumber_0559,cucumber,cucumber kategorisinde bir örnek.
cucumber_0560,cucumber,cucumber kategorisinde bir örnek.
cucumber_0561,cucumber,cucumber kategorisinde bir örnek.
cucumber_0562,cucumber,cucumber kategorisinde bir örnek.
cucumber_0563,cucumber,cucumber kategorisinde bir örnek.
cucumber_0564,cucumber,cucumber kategorisinde bir örnek.
cucumber_0565,cucumber,cucumber kategorisinde bir örnek.
cucumber_0566,cucumber,cucumber kategorisinde bir örnek.
cucumber_0567,cucumber,cucumber kategorisinde bir örnek.
cucumber_0568,cucumber,cucumber kategorisinde bir örnek.
cucumber_0569,cucumber,cucumber kategorisinde bir örnek.
cucumber_0570,cucumber,cucumber kategorisinde bir örnek.
cucumber_0571,cucumber,cucumber kategorisinde bir örnek.
cucumber_0572,cucumber,cucumber kategorisinde bir örnek.
cucumber_0573,cucumber,cucumber kategorisinde bir örnek.
cucumber_0574,cucumber,cucumber kategorisinde bir örnek.
cucumber_0575,cucumber,cucumber kategorisinde bir örnek.
cucumber_0576,cucumber,cucumber kategorisinde bir örnek.
cucumber_0577,cucumber,cucumber kategorisinde bir örnek.
cucumber_0578,cucumber,cucumber kategorisinde bir örnek.
cucumber_0579,cucumber,cucumber kategorisinde bir örnek.
cucumber_0580,cucumber,cucumber kategorisinde bir örnek.
cucumber_0581,cucumber,cucumber kategorisinde bir örnek.
cucumber_0582,cucumber,cucumber kategorisinde bir örnek.
cucumber_0583,cucumber,cucumber kategorisinde bir örnek.
cucumber_0584,cucumber,cucumber kategorisinde bir örnek.
cucumber_0585,cucumber,cucumber kategorisinde bir örnek.
cucumber_0586,cucumber,cucumber kategorisinde bir örnek.
cucumber_0587,cucumber,cucumber kategorisinde bir örnek.
cucumber_0588,cucumber,cucumber kategorisinde bir örnek.
cucumber_0589,cucumber,cucumber kategorisinde bir örnek.
cucumber_0590,cucumber,cucumber kategorisinde bir örnek.
cucumber_0591,cucumber,cucumber kategorisinde bir örnek.
cucumber_0592,cucumber,cucumber kategorisinde bir örnek.
cucumber_0593,cucumber,cucumber kategorisinde bir örnek.
cucumber_0594,cucumber,cucumber kategorisinde bir örnek.
cucumber_0595,cucumber,cucumber kategorisinde bir örnek.
cucumber_0596,cucumber,cucumber kategorisinde bir örnek.
cucumber_0597,cucumber,cucumber kategorisinde bir örnek.
cucumber_0598,cucumber,cucumber kategorisinde bir örnek.
cucumber_0599,cucumber,cucumber kategorisinde bir örnek.
mandarin_0000,mandarin,mandarin kategorisinde bir örnek.
mandarin_0001,mandarin,mandarin kategorisinde bir örnek.
mandarin_0002,mandarin,mandarin kategorisinde bir örnek.
mandarin_0003,mandarin,mandarin kategorisinde bir örnek.
mandarin_0004,mandarin,mandarin kategorisinde bir örnek.
mandarin_0005,mandarin,mandarin kategorisinde bir örnek.
mandarin_0006,mandarin,mandarin kategorisinde bir örnek.
mandarin_0007,mandarin,mandarin kategorisinde bir örnek.
mandarin_0008,mandarin,mandarin kategorisinde bir örnek.
mandarin_0009,mandarin,mandarin kategorisinde bir örnek.
mandarin_0010,mandarin,mandarin kategorisinde bir örnek.
mandarin_0011,mandarin,mandarin kategorisinde bir örnek.
mandarin_0012,mandarin,mandarin kategorisinde bir örnek.
mandarin_0013,mandarin,mandarin kategorisinde bir örnek.
mandarin_0014,mandarin,mandarin kategorisinde bir örnek.
mandarin_0015,mandarin,mandarin kategorisinde bir örnek.
mandarin_0016,mandarin,mandarin kategorisinde bir örnek.
mandarin_0017,mandarin,mandarin kategorisinde bir örnek.
mandarin_0018,mandarin,mandarin kategorisinde bir örnek.
mandarin_0019,mandarin,mandarin kategorisinde bir örnek.
mandarin_0020,mandarin,mandarin kategorisinde bir örnek.
mandarin_0021,mandarin,mandarin kategorisinde bir örnek.
mandarin_0022,mandarin,mandarin kategorisinde bir örnek.
mandarin_0023,mandarin,mandarin kategorisinde bir örnek.
mandarin_0024,mandarin,mandarin kategorisinde bir örnek.
mandarin_0025,mandarin,mandarin kategorisinde bir örnek.
mandarin_0026,mandarin,mandarin kategorisinde bir örnek.
mandarin_0027,mandarin,mandarin kategorisinde bir örnek.
mandarin_0028,mandarin,mandarin kategorisinde bir örnek.
mandarin_0029,mandarin,mandarin kategorisinde bir örnek.
mandarin_0030,mandarin,mandarin kategorisinde bir örnek.
mandarin_0031,mandarin,mandarin kategorisinde bir örnek.
mandarin_0032,mandarin,mandarin kategorisinde bir örnek.
mandarin_0033,mandarin,mandarin kategorisinde bir örnek.
mandarin_0034,mandarin,mandarin kategorisinde bir örnek.
mandarin_0035,mandarin,mandarin kategorisinde bir örnek.
mandarin_0036,mandarin,mandarin kategorisinde bir örnek.
mandarin_0037,mandarin,mandarin kategorisinde bir örnek.
mandarin_0038,mandarin,mandarin kategorisinde bir örnek.
mandarin_0039,mandarin,mandarin kategorisinde bir örnek.
mandarin_0040,mandarin,mandarin kategorisinde bir örnek.
mandarin_0041,mandarin,mandarin kategorisinde bir örnek.
mandarin_0042,mandarin,mandarin kategorisinde bir örnek.
mandarin_0043,mandarin,mandarin kategorisinde bir örnek.
mandarin_0044,mandarin,mandarin kategorisinde bir örnek.
mandarin_0045,mandarin,mandarin kategorisinde bir örnek.
mandarin_0046,mandarin,mandarin kategorisinde bir örnek.
mandarin_0047,mandarin,mandarin kategorisinde bir örnek.
mandarin_0048,mandarin,mandarin kategorisinde bir örnek.
mandarin_0049,mandarin,mandarin kategorisinde bir örnek.
mandarin_0050,mandarin,mandarin kategorisinde bir örnek.
mandarin_0051,mandarin,mandarin kategorisinde bir örnek.
mandarin_0052,mandarin,mandarin kategorisinde bir örnek.
mandarin_0053,mandarin,mandarin kategorisinde bir örnek.
mandarin_0054,mandarin,mandarin kategorisinde bir örnek.
mandarin_0055,mandarin,mandarin kategorisinde bir örnek.
mandarin_0056,mandarin,mandarin kategorisinde bir örnek.
mandarin_0057,mandarin,mandarin kategorisinde bir örnek.
mandarin_0058,mandarin,mandarin kategorisinde bir örnek.
mandarin_0059,mandarin,mandarin kategorisinde bir örnek.
mandarin_0060,mandarin,mandarin kategorisinde bir örnek.
mandarin_0061,mandarin,mandarin kategorisinde bir örnek.
mandarin_0062,mandarin,mandarin kategorisinde bir örnek.
mandarin_0063,mandarin,mandarin kategorisinde bir örnek.
mandarin_0064,mandarin,mandarin kategorisinde bir örnek.
mandarin_0065,mandarin,mandarin kategorisinde bir örnek.
mandarin_0066,mandarin,mandarin kategorisinde bir örnek.
mandarin_0067,mandarin,mandarin kategorisinde bir örnek.
mandarin_0068,mandarin,mandarin kategorisinde bir örnek.
mandarin_0069,mandarin,mandarin kategorisinde bir örnek.
mandarin_0070,mandarin,mandarin kategorisinde bir örnek.
mandarin_0071,mandarin,mandarin kategorisinde bir örnek.
mandarin_0072,mandarin,mandarin kategorisinde bir örnek.
mandarin_0073,mandarin,mandarin kategorisinde bir örnek.
mandarin_0074,mandarin,mandarin kategorisinde bir örnek.
mandarin_0075,mandarin,mandarin kategorisinde bir örnek.
mandarin_0076,mandarin,mandarin kategorisinde bir örnek.
mandarin_0077,mandarin,mandarin kategorisinde bir örnek.
mandarin_0078,mandarin,mandarin kategorisinde bir örnek.
mandarin_0079,mandarin,mandarin kategorisinde bir örnek.
mandarin_0080,mandarin,mandarin kategorisinde bir örnek.
mandarin_0081,mandarin,mandarin kategorisinde bir örnek.
mandarin_0082,mandarin,mandarin kategorisinde bir örnek.
mandarin_0083,mandarin,mandarin kategorisinde bir örnek.
mandarin_0084,mandarin,mandarin kategorisinde bir örnek.
mandarin_0085,mandarin,mandarin kategorisinde bir örnek.
mandarin_0086,mandarin,mandarin kategorisinde bir örnek.
mandarin_0087,mandarin,mandarin kategorisinde bir örnek.
mandarin_0088,mandarin,mandarin kategorisinde bir örnek.
mandarin_0089,mandarin,mandarin kategorisinde bir örnek.
mandarin_0090,mandarin,mandarin kategorisinde bir örnek.
mandarin_0091,mandarin,mandarin kategorisinde bir örnek.
mandarin_0092,mandarin,mandarin kategorisinde bir örnek.
mandarin_0093,mandarin,mandarin kategorisinde bir örnek.
mandarin_0094,mandarin,mandarin kategorisinde bir örnek.
mandarin_0095,mandarin,mandarin kategorisinde bir örnek.
mandarin_0096,mandarin,mandarin kategorisinde bir örnek.
mandarin_0097,mandarin,mandarin kategorisinde bir örnek.
mandarin_0098,mandarin,mandarin kategorisinde bir örnek.
mandarin_0099,mandarin,mandarin kategorisinde bir örnek.
mandarin_0100,mandarin,mandarin kategorisinde bir örnek.
mandarin_0101,mandarin,mandarin kategorisinde bir örnek.
mandarin_0102,mandarin,mandarin kategorisinde bir örnek.
mandarin_0103,mandarin,mandarin kategorisinde bir örnek.
mandarin_0104,mandarin,mandarin kategorisinde bir örnek.
mandarin_0105,mandarin,mandarin kategorisinde bir örnek.
mandarin_0106,mandarin,mandarin kategorisinde bir örnek.
mandarin_0107,mandarin,mandarin kategorisinde bir örnek.
mandarin_0108,mandarin,mandarin kategorisinde bir örnek.
mandarin_0109,mandarin,mandarin kategorisinde bir örnek.
mandarin_0110,mandarin,mandarin kategorisinde bir örnek.
mandarin_0111,mandarin,mandarin kategorisinde bir örnek.
mandarin_0112,mandarin,mandarin kategorisinde bir örnek.
mandarin_0113,mandarin,mandarin kategorisinde bir örnek.
mandarin_0114,mandarin,mandarin kategorisinde bir örnek.
mandarin_0115,mandarin,mandarin kategorisinde bir örnek.
mandarin_0116,mandarin,mandarin kategorisinde bir örnek.
mandarin_0117,mandarin,mandarin kategorisinde bir örnek.
mandarin_0118,mandarin,mandarin kategorisinde bir örnek.
mandarin_0119,mandarin,mandarin kategorisinde bir örnek.
mandarin_0120,mandarin,mandarin kategorisinde bir örnek.
mandarin_0121,mandarin,mandarin kategorisinde bir örnek.
mandarin_0122,mandarin,mandarin kategorisinde bir örnek.
mandarin_0123,mandarin,mandarin kategorisinde bir örnek.
mandarin_0124,mandarin,mandarin kategorisinde bir örnek.
mandarin_0125,mandarin,mandarin kategorisinde bir örnek.
mandarin_0126,mandarin,mandarin kategorisinde bir örnek.
mandarin_0127,mandarin,mandarin kategorisinde bir örnek.
mandarin_0128,mandarin,mandarin kategorisinde bir örnek.
mandarin_0129,mandarin,mandarin kategorisinde bir örnek.
mandarin_0130,mandarin,mandarin kategorisinde bir örnek.
mandarin_0131,mandarin,mandarin kategorisinde bir örnek.
mandarin_0132,mandarin,mandarin kategorisinde bir örnek.
mandarin_0133,mandarin,mandarin kategorisinde bir örnek.
mandarin_0134,mandarin,mandarin kategorisinde bir örnek.
mandarin_0135,mandarin,mandarin kategorisinde bir örnek.
mandarin_0136,mandarin,mandarin kategorisinde bir örnek.
mandarin_0137,mandarin,mandarin kategorisinde bir örnek.
mandarin_0138,mandarin,mandarin kategorisinde bir örnek.
mandarin_0139,mandarin,mandarin kategorisinde bir örnek.
mandarin_0140,mandarin,mandarin kategorisinde bir örnek.
mandarin_0141,mandarin,mandarin kategorisinde bir örnek.
mandarin_0142,mandarin,mandarin kategorisinde bir örnek.
mandarin_0143,mandarin,mandarin kategorisinde bir örnek.
mandarin_0144,mandarin,mandarin kategorisinde bir örnek.
mandarin_0145,mandarin,mandarin kategorisinde bir örnek.
mandarin_0146,mandarin,mandarin kategorisinde bir örnek.
mandarin_0147,mandarin,mandarin kategorisinde bir örnek.
mandarin_0148,mandarin,mandarin kategorisinde bir örnek.
mandarin_0149,mandarin,mandarin kategorisinde bir örnek.
mandarin_0150,mandarin,mandarin kategorisinde bir örnek.
mandarin_0151,mandarin,mandarin kategorisinde bir örnek.
mandarin_0152,mandarin,mandarin kategorisinde bir örnek.
mandarin_0153,mandarin,mandarin kategorisinde bir örnek.
mandarin_0154,mandarin,mandarin kategorisinde bir örnek.
mandarin_0155,mandarin,mandarin kategorisinde bir örnek.
mandarin_0156,mandarin,mandarin kategorisinde bir örnek.
mandarin_0157,mandarin,mandarin kategorisinde bir örnek.
mandarin_0158,mandarin,mandarin kategorisinde bir örnek.
mandarin_0159,mandarin,mandarin kategorisinde bir örnek.
mandarin_0160,mandarin,mandarin kategorisinde bir örnek.
mandarin_0161,mandarin,mandarin kategorisinde bir örnek.
mandarin_0162,mandarin,mandarin kategorisinde bir örnek.
mandarin_0163,mandarin,mandarin kategorisinde bir örnek.
mandarin_0164,mandarin,mandarin kategorisinde bir örnek.
mandarin_0165,mandarin,mandarin kategorisinde bir örnek.
mandarin_0166,mandarin,mandarin kategorisinde bir örnek.
mandarin_0167,mandarin,mandarin kategorisinde bir örnek.
mandarin_0168,mandarin,mandarin kategorisinde bir örnek.
mandarin_0169,mandarin,mandarin kategorisinde bir örnek.
mandarin_0170,mandarin,mandarin kategorisinde bir örnek.
mandarin_0171,mandarin,mandarin kategorisinde bir örnek.
mandarin_0172,mandarin,mandarin kategorisinde bir örnek.
mandarin_0173,mandarin,mandarin kategorisinde bir örnek.
mandarin_0174,mandarin,mandarin kategorisinde bir örnek.
mandarin_0175,mandarin,mandarin kategorisinde bir örnek.
mandarin_0176,mandarin,mandarin kategorisinde bir örnek.
mandarin_0177,mandarin,mandarin kategorisinde bir örnek.
mandarin_0178,mandarin,mandarin kategorisinde bir örnek.
mandarin_0179,mandarin,mandarin kategorisinde bir örnek.
mandarin_0180,mandarin,mandarin kategorisinde bir örnek.
mandarin_0181,mandarin,mandarin kategorisinde bir örnek.
mandarin_0182,mandarin,mandarin kategorisinde bir örnek.
mandarin_0183,mandarin,mandarin kategorisinde bir örnek.
mandarin_0184,mandarin,mandarin kategorisinde bir örnek.
mandarin_0185,mandarin,mandarin kategorisinde bir örnek.
mandarin_0186,mandarin,mandarin kategorisinde bir örnek.
mandarin_0187,mandarin,mandarin kategorisinde bir örnek.
mandarin_0188,mandarin,mandarin kategorisinde bir örnek.
mandarin_0189,mandarin,mandarin kategorisinde bir örnek.
mandarin_0190,mandarin,mandarin kategorisinde bir örnek.
mandarin_0191,mandarin,mandarin kategorisinde bir örnek.
mandarin_0192,mandarin,mandarin kategorisinde bir örnek.
mandarin_0193,mandarin,mandarin kategorisinde bir örnek.
mandarin_0194,mandarin,mandarin kategorisinde bir örnek.
mandarin_0195,mandarin,mandarin kategorisinde bir örnek.
mandarin_0196,mandarin,mandarin kategorisinde bir örnek.
mandarin_0197,mandarin,mandarin kategorisinde bir örnek.
mandarin_0198,mandarin,mandarin kategorisinde bir örnek.
mandarin_0199,mandarin,mandarin kategorisinde bir örnek.
mandarin_0200,mandarin,mandarin kategorisinde bir örnek.
mandarin_0201,mandarin,mandarin kategorisinde bir örnek.
mandarin_0202,mandarin,mandarin kategorisinde bir örnek.
mandarin_0203,mandarin,mandarin kategorisinde bir örnek.
mandarin_0204,mandarin,mandarin kategorisinde bir örnek.
mandarin_0205,mandarin,mandarin kategorisinde bir örnek.
mandarin_0206,mandarin,mandarin kategorisinde bir örnek.
mandarin_0207,mandarin,mandarin kategorisinde bir örnek.
mandarin_0208,mandarin,mandarin kategorisinde bir örnek.
mandarin_0209,mandarin,mandarin kategorisinde bir örnek.
mandarin_0210,mandarin,mandarin kategorisinde bir örnek.
mandarin_0211,mandarin,mandarin kategorisinde bir örnek.
mandarin_0212,mandarin,mandarin kategorisinde bir örnek.
mandarin_0213,mandarin,mandarin kategorisinde bir örnek.
mandarin_0214,mandarin,mandarin kategorisinde bir örnek.
mandarin_0215,mandarin,mandarin kategorisinde bir örnek.
mandarin_0216,mandarin,mandarin kategorisinde bir örnek.
mandarin_0217,mandarin,mandarin kategorisinde bir örnek.
mandarin_0218,mandarin,mandarin kategorisinde bir örnek.
mandarin_0219,mandarin,mandarin kategorisinde bir örnek.
mandarin_0220,mandarin,mandarin kategorisinde bir örnek.
mandarin_0221,mandarin,mandarin kategorisinde bir örnek.
mandarin_0222,mandarin,mandarin kategorisinde bir örnek.
mandarin_0223,mandarin,mandarin kategorisinde bir örnek.
mandarin_0224,mandarin,mandarin kategorisinde bir örnek.
mandarin_0225,mandarin,mandarin kategorisinde bir örnek.
mandarin_0226,mandarin,mandarin kategorisinde bir örnek.
mandarin_0227,mandarin,mandarin kategorisinde bir örnek.
mandarin_0228,mandarin,mandarin kategorisinde bir örnek.
mandarin_0229,mandarin,mandarin kategorisinde bir örnek.
mandarin_0230,mandarin,mandarin kategorisinde bir örnek.
mandarin_0231,mandarin,mandarin kategorisinde bir örnek.
mandarin_0232,mandarin,mandarin kategorisinde bir örnek.
mandarin_0233,mandarin,mandarin kategorisinde bir örnek.
mandarin_0234,mandarin,mandarin kategorisinde bir örnek.
mandarin_0235,mandarin,mandarin kategorisinde bir örnek.
mandarin_0236,mandarin,mandarin kategorisinde bir örnek.
mandarin_0237,mandarin,mandarin kategorisinde bir örnek.
mandarin_0238,mandarin,mandarin kategorisinde bir örnek.
mandarin_0239,mandarin,mandarin kategorisinde bir örnek.
mandarin_0240,mandarin,mandarin kategorisinde bir örnek.
mandarin_0241,mandarin,mandarin kategorisinde bir örnek.
mandarin_0242,mandarin,mandarin kategorisinde bir örnek.
mandarin_0243,mandarin,mandarin kategorisinde bir örnek.
mandarin_0244,mandarin,mandarin kategorisinde bir örnek.
mandarin_0245,mandarin,mandarin kategorisinde bir örnek.
mandarin_0246,mandarin,mandarin kategorisinde bir örnek.
mandarin_0247,mandarin,mandarin kategorisinde bir örnek.
mandarin_0248,mandarin,mandarin kategorisinde bir örnek.
mandarin_0249,mandarin,mandarin kategorisinde bir örnek.
mandarin_0250,mandarin,mandarin kategorisinde bir örnek.
mandarin_0251,mandarin,mandarin kategorisinde bir örnek.
mandarin_0252,mandarin,mandarin kategorisinde bir örnek.
mandarin_0253,mandarin,mandarin kategorisinde bir örnek.
mandarin_0254,mandarin,mandarin kategorisinde bir örnek.
mandarin_0255,mandarin,mandarin kategorisinde bir örnek.
mandarin_0256,mandarin,mandarin kategorisinde bir örnek.
mandarin_0257,mandarin,mandarin kategorisinde bir örnek.
mandarin_0258,mandarin,mandarin kategorisinde bir örnek.
mandarin_0259,mandarin,mandarin kategorisinde bir örnek.
mandarin_0260,mandarin,mandarin kategorisinde bir örnek.
mandarin_0261,mandarin,mandarin kategorisinde bir örnek.
mandarin_0262,mandarin,mandarin kategorisinde bir örnek.
mandarin_0263,mandarin,mandarin kategorisinde bir örnek.
mandarin_0264,mandarin,mandarin kategorisinde bir örnek.
mandarin_0265,mandarin,mandarin kategorisinde bir örnek.
mandarin_0266,mandarin,mandarin kategorisinde bir örnek.
mandarin_0267,mandarin,mandarin kategorisinde bir örnek.
mandarin_0268,mandarin,mandarin kategorisinde bir örnek.
mandarin_0269,mandarin,mandarin kategorisinde bir örnek.
mandarin_0270,mandarin,mandarin kategorisinde bir örnek.
mandarin_0271,mandarin,mandarin kategorisinde bir örnek.
mandarin_0272,mandarin,mandarin kategorisinde bir örnek.
mandarin_0273,mandarin,mandarin kategorisinde bir örnek.
mandarin_0274,mandarin,mandarin kategorisinde bir örnek.
mandarin_0275,mandarin,mandarin kategorisinde bir örnek.
mandarin_0276,mandarin,mandarin kategorisinde bir örnek.
mandarin_0277,mandarin,mandarin kategorisinde bir örnek.
mandarin_0278,mandarin,mandarin kategorisinde bir örnek.
mandarin_0279,mandarin,mandarin kategorisinde bir örnek.
mandarin_0280,mandarin,mandarin kategorisinde bir örnek.
mandarin_0281,mandarin,mandarin kategorisinde bir örnek.
mandarin_0282,mandarin,mandarin kategorisinde bir örnek.
mandarin_0283,mandarin,mandarin kategorisinde bir örnek.
mandarin_0284,mandarin,mandarin kategorisinde bir örnek.
mandarin_0285,mandarin,mandarin kategorisinde bir örnek.
mandarin_0286,mandarin,mandarin kategorisinde bir örnek.
mandarin_0287,mandarin,mandarin kategorisinde bir örnek.
mandarin_0288,mandarin,mandarin kategorisinde bir örnek.
mandarin_0289,mandarin,mandarin kategorisinde bir örnek.
mandarin_0290,mandarin,mandarin kategorisinde bir örnek.
mandarin_0291,mandarin,mandarin kategorisinde bir örnek.
mandarin_0292,mandarin,mandarin kategorisinde bir örnek.
mandarin_0293,mandarin,mandarin kategorisinde bir örnek.
mandarin_0294,mandarin,mandarin kategorisinde bir örnek.
mandarin_0295,mandarin,mandarin kategorisinde bir örnek.
mandarin_0296,mandarin,mandarin kategorisinde bir örnek.
mandarin_0297,mandarin,mandarin kategorisinde bir örnek.
mandarin_0298,mandarin,mandarin kategorisinde bir örnek.
mandarin_0299,mandarin,mandarin kategorisinde bir örnek.
mandarin_0300,mandarin,mandarin kategorisinde bir örnek.
mandarin_0301,mandarin,mandarin kategorisinde bir örnek.
mandarin_0302,mandarin,mandarin kategorisinde bir örnek.
mandarin_0303,mandarin,mandarin kategorisinde bir örnek.
mandarin_0304,mandarin,mandarin kategorisinde bir örnek.
mandarin_0305,mandarin,mandarin kategorisinde bir örnek.
mandarin_0306,mandarin,mandarin kategorisinde bir örnek.
mandarin_0307,mandarin,mandarin kategorisinde bir örnek.
mandarin_0308,mandarin,mandarin kategorisinde bir örnek.
mandarin_0309,mandarin,mandarin kategorisinde bir örnek.
mandarin_0310,mandarin,mandarin kategorisinde bir örnek.
mandarin_0311,mandarin,mandarin kategorisinde bir örnek.
mandarin_0312,mandarin,mandarin kategorisinde bir örnek.
mandarin_0313,mandarin,mandarin kategorisinde bir örnek.
mandarin_0314,mandarin,mandarin kategorisinde bir örnek.
mandarin_0315,mandarin,mandarin kategorisinde bir örnek.
mandarin_0316,mandarin,mandarin kategorisinde bir örnek.
mandarin_0317,mandarin,mandarin kategorisinde bir örnek.
mandarin_0318,mandarin,mandarin kategorisinde bir örnek.
mandarin_0319,mandarin,mandarin kategorisinde bir örnek.
mandarin_0320,mandarin,mandarin kategorisinde bir örnek.
mandarin_0321,mandarin,mandarin kategorisinde bir örnek.
mandarin_0322,mandarin,mandarin kategorisinde bir örnek.
mandarin_0323,mandarin,mandarin kategorisinde bir örnek.
mandarin_0324,mandarin,mandarin kategorisinde bir örnek.
mandarin_0325,mandarin,mandarin kategorisinde bir örnek.
mandarin_0326,mandarin,mandarin kategorisinde bir örnek.
mandarin_0327,mandarin,mandarin kategorisinde bir örnek.
mandarin_0328,mandarin,mandarin kategorisinde bir örnek.
mandarin_0329,mandarin,mandarin kategorisinde bir örnek.
mandarin_0330,mandarin,mandarin kategorisinde bir örnek.
mandarin_0331,mandarin,mandarin kategorisinde bir örnek.
mandarin_0332,mandarin,mandarin kategorisinde bir örnek.
mandarin_0333,mandarin,mandarin kategorisinde bir örnek.
mandarin_0334,mandarin,mandarin kategorisinde bir örnek.
mandarin_0335,mandarin,mandarin kategorisinde bir örnek.
mandarin_0336,mandarin,mandarin kategorisinde bir örnek.
mandarin_0337,mandarin,mandarin kategorisinde bir örnek.
mandarin_0338,mandarin,mandarin kategorisinde bir örnek.
mandarin_0339,mandarin,mandarin kategorisinde bir örnek.
mandarin_0340,mandarin,mandarin kategorisinde bir örnek.
mandarin_0341,mandarin,mandarin kategorisinde bir örnek.
mandarin_0342,mandarin,mandarin kategorisinde bir örnek.
mandarin_0343,mandarin,mandarin kategorisinde bir örnek.
mandarin_0344,mandarin,mandarin kategorisinde bir örnek.
mandarin_0345,mandarin,mandarin kategorisinde bir örnek.
mandarin_0346,mandarin,mandarin kategorisinde bir örnek.
mandarin_0347,mandarin,mandarin kategorisinde bir örnek.
mandarin_0348,mandarin,mandarin kategorisinde bir örnek.
mandarin_0349,mandarin,mandarin kategorisinde bir örnek.
mandarin_0350,mandarin,mandarin kategorisinde bir örnek.
mandarin_0351,mandarin,mandarin kategorisinde bir örnek.
mandarin_0352,mandarin,mandarin kategorisinde bir örnek.
mandarin_0353,mandarin,mandarin kategorisinde bir örnek.
mandarin_0354,mandarin,mandarin kategorisinde bir örnek.
mandarin_0355,mandarin,mandarin kategorisinde bir örnek.
mandarin_0356,mandarin,mandarin kategorisinde bir örnek.
mandarin_0357,mandarin,mandarin kategorisinde bir örnek.
mandarin_0358,mandarin,mandarin kategorisinde bir örnek.
mandarin_0359,mandarin,mandarin kategorisinde bir örnek.
mandarin_0360,mandarin,mandarin kategorisinde bir örnek.
mandarin_0361,mandarin,mandarin kategorisinde bir örnek.
mandarin_0362,mandarin,mandarin kategorisinde bir örnek.
mandarin_0363,mandarin,mandarin kategorisinde bir örnek.
mandarin_0364,mandarin,mandarin kategorisinde bir örnek.
mandarin_0365,mandarin,mandarin kategorisinde bir örnek.
mandarin_0366,mandarin,mandarin kategorisinde bir örnek.
mandarin_0367,mandarin,mandarin kategorisinde bir örnek.
mandarin_0368,mandarin,mandarin kategorisinde bir örnek.
mandarin_0369,mandarin,mandarin kategorisinde bir örnek.
mandarin_0370,mandarin,mandarin kategorisinde bir örnek.
mandarin_0371,mandarin,mandarin kategorisinde bir örnek.
mandarin_0372,mandarin,mandarin kategorisinde bir örnek.
mandarin_0373,mandarin,mandarin kategorisinde bir örnek.
mandarin_0374,mandarin,mandarin kategorisinde bir örnek.
mandarin_0375,mandarin,mandarin kategorisinde bir örnek.
mandarin_0376,mandarin,mandarin kategorisinde bir örnek.
mandarin_0377,mandarin,mandarin kategorisinde bir örnek.
mandarin_0378,mandarin,mandarin kategorisinde bir örnek.
mandarin_0379,mandarin,mandarin kategorisinde bir örnek.
mandarin_0380,mandarin,mandarin kategorisinde bir örnek.
mandarin_0381,mandarin,mandarin kategorisinde bir örnek.
mandarin_0382,mandarin,mandarin kategorisinde bir örnek.
mandarin_0383,mandarin,mandarin kategorisinde bir örnek.
mandarin_0384,mandarin,mandarin kategorisinde bir örnek.
mandarin_0385,mandarin,mandarin kategorisinde bir örnek.
mandarin_0386,mandarin,mandarin kategorisinde bir örnek.
mandarin_0387,mandarin,mandarin kategorisinde bir örnek.
mandarin_0388,mandarin,mandarin kategorisinde bir örnek.
mandarin_0389,mandarin,mandarin kategorisinde bir örnek.
mandarin_0390,mandarin,mandarin kategorisinde bir örnek.
mandarin_0391,mandarin,mandarin kategorisinde bir örnek.
mandarin_0392,mandarin,mandarin kategorisinde bir örnek.
mandarin_0393,mandarin,mandarin kategorisinde bir örnek.
mandarin_0394,mandarin,mandarin kategorisinde bir örnek.
mandarin_0395,mandarin,mandarin kategorisinde bir örnek.
mandarin_0396,mandarin,mandarin kategorisinde bir örnek.
mandarin_0397,mandarin,mandarin kategorisinde bir örnek.
mandarin_0398,mandarin,mandarin kategorisinde bir örnek.
mandarin_0399,mandarin,mandarin kategorisinde bir örnek.
mandarin_0400,mandarin,mandarin kategorisinde bir örnek.
mandarin_0401,mandarin,mandarin kategorisinde bir örnek.
mandarin_0402,mandarin,mandarin kategorisinde bir örnek.
mandarin_0403,mandarin,mandarin kategorisinde bir örnek.
mandarin_0404,mandarin,mandarin kategorisinde bir örnek.
mandarin_0405,mandarin,mandarin kategorisinde bir örnek.
mandarin_0406,mandarin,mandarin kategorisinde bir örnek.
mandarin_0407,mandarin,mandarin kategorisinde bir örnek.
mandarin_0408,mandarin,mandarin kategorisinde bir örnek.
mandarin_0409,mandarin,mandarin kategorisinde bir örnek.
mandarin_0410,mandarin,mandarin kategorisinde bir örnek.
mandarin_0411,mandarin,mandarin kategorisinde bir örnek.
mandarin_0412,mandarin,mandarin kategorisinde bir örnek.
mandarin_0413,mandarin,mandarin kategorisinde bir örnek.
mandarin_0414,mandarin,mandarin kategorisinde bir örnek.
mandarin_0415,mandarin,mandarin kategorisinde bir örnek.
mandarin_0416,mandarin,mandarin kategorisinde bir örnek.
mandarin_0417,mandarin,mandarin kategorisinde bir örnek.
mandarin_0418,mandarin,mandarin kategorisinde bir örnek.
mandarin_0419,mandarin,mandarin kategorisinde bir örnek.
mandarin_0420,mandarin,mandarin kategorisinde bir örnek.
mandarin_0421,mandarin,mandarin kategorisinde bir örnek.
mandarin_0422,mandarin,mandarin kategorisinde bir örnek.
mandarin_0423,mandarin,mandarin kategorisinde bir örnek.
mandarin_0424,mandarin,mandarin kategorisinde bir örnek.
mandarin_0425,mandarin,mandarin kategorisinde bir örnek.
mandarin_0426,mandarin,mandarin kategorisinde bir örnek.
mandarin_0427,mandarin,mandarin kategorisinde bir örnek.
mandarin_0428,mandarin,mandarin kategorisinde bir örnek.
mandarin_0429,mandarin,mandarin kategorisinde bir örnek.
mandarin_0430,mandarin,mandarin kategorisinde bir örnek.
mandarin_0431,mandarin,mandarin kategorisinde bir örnek.
mandarin_0432,mandarin,mandarin kategorisinde bir örnek.
mandarin_0433,mandarin,mandarin kategorisinde bir örnek.
mandarin_0434,mandarin,mandarin kategorisinde bir örnek.
mandarin_0435,mandarin,mandarin kategorisinde bir örnek.
mandarin_0436,mandarin,mandarin kategorisinde bir örnek.
mandarin_0437,mandarin,mandarin kategorisinde bir örnek.
mandarin_0438,mandarin,mandarin kategorisinde bir örnek.
mandarin_0439,mandarin,mandarin kategorisinde bir örnek.
mandarin_0440,mandarin,mandarin kategorisinde bir örnek.
mandarin_0441,mandarin,mandarin kategorisinde bir örnek.
mandarin_0442,mandarin,mandarin kategorisinde bir örnek.
mandarin_0443,mandarin,mandarin kategorisinde bir örnek.
mandarin_0444,mandarin,mandarin kategorisinde bir örnek.
mandarin_0445,mandarin,mandarin kategorisinde bir örnek.
mandarin_0446,mandarin,mandarin kategorisinde bir örnek.
mandarin_0447,mandarin,mandarin kategorisinde bir örnek.
mandarin_0448,mandarin,mandarin kategorisinde bir örnek.
mandarin_0449,mandarin,mandarin kategorisinde bir örnek.
mandarin_0450,mandarin,mandarin kategorisinde bir örnek.
mandarin_0451,mandarin,mandarin kategorisinde bir örnek.
mandarin_0452,mandarin,mandarin kategorisinde bir örnek.
mandarin_0453,mandarin,mandarin kategorisinde bir örnek.
mandarin_0454,mandarin,mandarin kategorisinde bir örnek.
mandarin_0455,mandarin,mandarin kategorisinde bir örnek.
mandarin_0456,mandarin,mandarin kategorisinde bir örnek.
mandarin_0457,mandarin,mandarin kategorisinde bir örnek.
mandarin_0458,mandarin,mandarin kategorisinde bir örnek.
mandarin_0459,mandarin,mandarin kategorisinde bir örnek.
mandarin_0460,mandarin,mandarin kategorisinde bir örnek.
mandarin_0461,mandarin,mandarin kategorisinde bir örnek.
mandarin_0462,mandarin,mandarin kategorisinde bir örnek.
mandarin_0463,mandarin,mandarin kategorisinde bir örnek.
mandarin_0464,mandarin,mandarin kategorisinde bir örnek.
mandarin_0465,mandarin,mandarin kategorisinde bir örnek.
mandarin_0466,mandarin,mandarin kategorisinde bir örnek.
mandarin_0467,mandarin,mandarin kategorisinde bir örnek.
mandarin_0468,mandarin,mandarin kategorisinde bir örnek.
mandarin_0469,mandarin,mandarin kategorisinde bir örnek.
mandarin_0470,mandarin,mandarin kategorisinde bir örnek.
mandarin_0471,mandarin,mandarin kategorisinde bir örnek.
mandarin_0472,mandarin,mandarin kategorisinde bir örnek.
mandarin_0473,mandarin,mandarin kategorisinde bir örnek.
mandarin_0474,mandarin,mandarin kategorisinde bir örnek.
mandarin_0475,mandarin,mandarin kategorisinde bir örnek.
mandarin_0476,mandarin,mandarin kategorisinde bir örnek.
mandarin_0477,mandarin,mandarin kategorisinde bir örnek.
mandarin_0478,mandarin,mandarin kategorisinde bir örnek.
mandarin_0479,mandarin,mandarin kategorisinde bir örnek.
mandarin_0480,mandarin,mandarin kategorisinde bir örnek.
mandarin_0481,mandarin,mandarin kategorisinde bir örnek.
mandarin_0482,mandarin,mandarin kategorisinde bir örnek.
mandarin_0483,mandarin,mandarin kategorisinde bir örnek.
mandarin_0484,mandarin,mandarin kategorisinde bir örnek.
mandarin_0485,mandarin,mandarin kategorisinde bir örnek.
mandarin_0486,mandarin,mandarin kategorisinde bir örnek.
mandarin_0487,mandarin,mandarin kategorisinde bir örnek.
mandarin_0488,mandarin,mandarin kategorisinde bir örnek.
mandarin_0489,mandarin,mandarin kategorisinde bir örnek.
mandarin_0490,mandarin,mandarin kategorisinde bir örnek.
mandarin_0491,mandarin,mandarin kategorisinde bir örnek.
mandarin_0492,mandarin,mandarin kategorisinde bir örnek.
mandarin_0493,mandarin,mandarin kategorisinde bir örnek.
mandarin_0494,mandarin,mandarin kategorisinde bir örnek.
mandarin_0495,mandarin,mandarin kategorisinde bir örnek.
mandarin_0496,mandarin,mandarin kategorisinde bir örnek.
mandarin_0497,mandarin,mandarin kategorisinde bir örnek.
mandarin_0498,mandarin,mandarin kategorisinde bir örnek.
mandarin_0499,mandarin,mandarin kategorisinde bir örnek.
mandarin_0500,mandarin,mandarin kategorisinde bir örnek.
mandarin_0501,mandarin,mandarin kategorisinde bir örnek.
mandarin_0502,mandarin,mandarin kategorisinde bir örnek.
mandarin_0503,mandarin,mandarin kategorisinde bir örnek.
mandarin_0504,mandarin,mandarin kategorisinde bir örnek.
mandarin_0505,mandarin,mandarin kategorisinde bir örnek.
mandarin_0506,mandarin,mandarin kategorisinde bir örnek.
mandarin_0507,mandarin,mandarin kategorisinde bir örnek.
mandarin_0508,mandarin,mandarin kategorisinde bir örnek.
mandarin_0509,mandarin,mandarin kategorisinde bir örnek.
mandarin_0510,mandarin,mandarin kategorisinde bir örnek.
mandarin_0511,mandarin,mandarin kategorisinde bir örnek.
mandarin_0512,mandarin,mandarin kategorisinde bir örnek.
mandarin_0513,mandarin,mandarin kategorisinde bir örnek.
mandarin_0514,mandarin,mandarin kategorisinde bir örnek.
mandarin_0515,mandarin,mandarin kategorisinde bir örnek.
mandarin_0516,mandarin,mandarin kategorisinde bir örnek.
mandarin_0517,mandarin,mandarin kategorisinde bir örnek.
mandarin_0518,mandarin,mandarin kategorisinde bir örnek.
mandarin_0519,mandarin,mandarin kategorisinde bir örnek.
mandarin_0520,mandarin,mandarin kategorisinde bir örnek.
mandarin_0521,mandarin,mandarin kategorisinde bir örnek.
mandarin_0522,mandarin,mandarin kategorisinde bir örnek.
mandarin_0523,mandarin,mandarin kategorisinde bir örnek.
mandarin_0524,mandarin,mandarin kategorisinde bir örnek.
mandarin_0525,mandarin,mandarin kategorisinde bir örnek.
mandarin_0526,mandarin,mandarin kategorisinde bir örnek.
mandarin_0527,mandarin,mandarin kategorisinde bir örnek.
mandarin_0528,mandarin,mandarin kategorisinde bir örnek.
mandarin_0529,mandarin,mandarin kategorisinde bir örnek.
mandarin_0530,mandarin,mandarin kategorisinde bir örnek.
mandarin_0531,mandarin,mandarin kategorisinde bir örnek.
mandarin_0532,mandarin,mandarin kategorisinde bir örnek.
mandarin_0533,mandarin,mandarin kategorisinde bir örnek.
mandarin_0534,mandarin,mandarin kategorisinde bir örnek.
mandarin_0535,mandarin,mandarin kategorisinde bir örnek.
mandarin_0536,mandarin,mandarin kategorisinde bir örnek.
mandarin_0537,mandarin,mandarin kategorisinde bir örnek.
mandarin_0538,mandarin,mandarin kategorisinde bir örnek.
mandarin_0539,mandarin,mandarin kategorisinde bir örnek.
mandarin_0540,mandarin,mandarin kategorisinde bir örnek.
mandarin_0541,mandarin,mandarin kategorisinde bir örnek.
mandarin_0542,mandarin,mandarin kategorisinde bir örnek.
mandarin_0543,mandarin,mandarin kategorisinde bir örnek.
mandarin_0544,mandarin,mandarin kategorisinde bir örnek.
mandarin_0545,mandarin,mandarin kategorisinde bir örnek.
mandarin_0546,mandarin,mandarin kategorisinde bir örnek.
mandarin_0547,mandarin,mandarin kategorisinde bir örnek.
mandarin_0548,mandarin,mandarin kategorisinde bir örnek.
mandarin_0549,mandarin,mandarin kategorisinde bir örnek.
mandarin_0550,mandarin,mandarin kategorisinde bir örnek.
mandarin_0551,mandarin,mandarin kategorisinde bir örnek.
mandarin_0552,mandarin,mandarin kategorisinde bir örnek.
mandarin_0553,mandarin,mandarin kategorisinde bir örnek.
mandarin_0554,mandarin,mandarin kategorisinde bir örnek.
mandarin_0555,mandarin,mandarin kategorisinde bir örnek.
mandarin_0556,mandarin,mandarin kategorisinde bir örnek.
mandarin_0557,mandarin,mandarin kategorisinde bir örnek.
mandarin_0558,mandarin,mandarin kategorisinde bir örnek.
mandarin_0559,mandarin,mandarin kategorisinde bir örnek.
mandarin_0560,mandarin,mandarin kategorisinde bir örnek.
mandarin_0561,mandarin,mandarin kategorisinde bir örnek.
mandarin_0562,mandarin,mandarin kategorisinde bir örnek.
mandarin_0563,mandarin,mandarin kategorisinde bir örnek.
mandarin_0564,mandarin,mandarin kategorisinde bir örnek.
mandarin_0565,mandarin,mandarin kategorisinde bir örnek.
mandarin_0566,mandarin,mandarin kategorisinde bir örnek.
mandarin_0567,mandarin,mandarin kategorisinde bir örnek.
mandarin_0568,mandarin,mandarin kategorisinde bir örnek.
mandarin_0569,mandarin,mandarin kategorisinde bir örnek.
mandarin_0570,mandarin,mandarin kategorisinde bir örnek.
mandarin_0571,mandarin,mandarin kategorisinde bir örnek.
mandarin_0572,mandarin,mandarin kategorisinde bir örnek.
mandarin_0573,mandarin,mandarin kategorisinde bir örnek.
mandarin_0574,mandarin,mandarin kategorisinde bir örnek.
mandarin_0575,mandarin,mandarin kategorisinde bir örnek.
mandarin_0576,mandarin,mandarin kategorisinde bir örnek.
mandarin_0577,mandarin,mandarin kategorisinde bir örnek.
mandarin_0578,mandarin,mandarin kategorisinde bir örnek.
mandarin_0579,mandarin,mandarin kategorisinde bir örnek.
mandarin_0580,mandarin,mandarin kategorisinde bir örnek.
mandarin_0581,mandarin,mandarin kategorisinde bir örnek.
mandarin_0582,mandarin,mandarin kategorisinde bir örnek.
mandarin_0583,mandarin,mandarin kategorisinde bir örnek.
mandarin_0584,mandarin,mandarin kategorisinde bir örnek.
mandarin_0585,mandarin,mandarin kategorisinde bir örnek.
mandarin_0586,mandarin,mandarin kategorisinde bir örnek.
mandarin_0587,mandarin,mandarin kategorisinde bir örnek.
mandarin_0588,mandarin,mandarin kategorisinde bir örnek.
mandarin_0589,mandarin,mandarin kategorisinde bir örnek.
mandarin_0590,mandarin,mandarin kategorisinde bir örnek.
mandarin_0591,mandarin,mandarin kategorisinde bir örnek.
mandarin_0592,mandarin,mandarin kategorisinde bir örnek.
mandarin_0593,mandarin,mandarin kategorisinde bir örnek.
mandarin_0594,mandarin,mandarin kategorisinde bir örnek.
mandarin_0595,mandarin,mandarin kategorisinde bir örnek.
mandarin_0596,mandarin,mandarin kategorisinde bir örnek.
mandarin_0597,mandarin,mandarin kategorisinde bir örnek.
mandarin_0598,mandarin,mandarin kategorisinde bir örnek.
mandarin_0599,mandarin,mandarin kategorisinde bir örnek.
potato_0000,potato,potato kategorisinde bir örnek.
potato_0001,potato,potato kategorisinde bir örnek.
potato_0002,potato,potato kategorisinde bir örnek.
potato_0003,potato,potato kategorisinde bir örnek.
potato_0004,potato,potato kategorisinde bir örnek.
potato_0005,potato,potato kategorisinde bir örnek.
potato_0006,potato,potato kategorisinde bir örnek.
potato_0007,potato,potato kategorisinde bir örnek.
potato_0008,potato,potato kategorisinde bir örnek.
potato_0009,potato,potato kategorisinde bir örnek.
potato_0010,potato,potato kategorisinde bir örnek.
potato_0011,potato,potato kategorisinde bir örnek.
potato_0012,potato,potato kategorisinde bir örnek.
potato_0013,potato,potato kategorisinde bir örnek.
potato_0014,potato,potato kategorisinde bir örnek.
potato_0015,potato,potato kategorisinde bir örnek.
potato_0016,potato,potato kategorisinde bir örnek.
potato_0017,potato,potato kategorisinde bir örnek.
potato_0018,potato,potato kategorisinde bir örnek.
potato_0019,potato,potato kategorisinde bir örnek.
potato_0020,potato,potato kategorisinde bir örnek.
potato_0021,potato,potato kategorisinde bir örnek.
potato_0022,potato,potato kategorisinde bir örnek.
potato_0023,potato,potato kategorisinde bir örnek.
potato_0024,potato,potato kategorisinde bir örnek.
potato_0025,potato,potato kategorisinde bir örnek.
potato_0026,potato,potato kategorisinde bir örnek.
potato_0027,potato,potato kategorisinde bir örnek.
potato_0028,potato,potato kategorisinde bir örnek.
potato_0029,potato,potato kategorisinde bir örnek.
potato_0030,potato,potato kategorisinde bir örnek.
potato_0031,potato,potato kategorisinde bir örnek.
potato_0032,potato,potato kategorisinde bir örnek.
potato_0033,potato,potato kategorisinde bir örnek.
potato_0034,potato,potato kategorisinde bir örnek.
potato_0035,potato,potato kategorisinde bir örnek.
potato_0036,potato,potato kategorisinde bir örnek.
potato_0037,potato,potato kategorisinde bir örnek.
potato_0038,potato,potato kategorisinde bir örnek.
potato_0039,potato,potato kategorisinde bir örnek.
potato_0040,potato,potato kategorisinde bir örnek.
potato_0041,potato,potato kategorisinde bir örnek.
potato_0042,potato,potato kategorisinde bir örnek.
potato_0043,potato,potato kategorisinde bir örnek.
potato_0044,potato,potato kategorisinde bir örnek.
potato_0045,potato,potato kategorisinde bir örnek.
potato_0046,potato,potato kategorisinde bir örnek.
potato_0047,potato,potato kategorisinde bir örnek.
potato_0048,potato,potato kategorisinde bir örnek.
potato_0049,potato,potato kategorisinde bir örnek.
potato_0050,potato,potato kategorisinde bir örnek.
potato_0051,potato,potato kategorisinde bir örnek.
potato_0052,potato,potato kategorisinde bir örnek.
potato_0053,potato,potato kategorisinde bir örnek.
potato_0054,potato,potato kategorisinde bir örnek.
potato_0055,potato,potato kategorisinde bir örnek.
potato_0056,potato,potato kategorisinde bir örnek.
potato_0057,potato,potato kategorisinde bir örnek.
potato_0058,potato,potato kategorisinde bir örnek.
potato_0059,potato,potato kategorisinde bir örnek.
potato_0060,potato,potato kategorisinde bir örnek.
potato_0061,potato,potato kategorisinde bir örnek.
potato_0062,potato,potato kategorisinde bir örnek.
potato_0063,potato,potato kategorisinde bir örnek.
potato_0064,potato,potato kategorisinde bir örnek.
potato_0065,potato,potato kategorisinde bir örnek.
potato_0066,potato,potato kategorisinde bir örnek.
potato_0067,potato,potato kategorisinde bir örnek.
potato_0068,potato,potato kategorisinde bir örnek.
potato_0069,potato,potato kategorisinde bir örnek.
potato_0070,potato,potato kategorisinde bir örnek.
potato_0071,potato,potato kategorisinde bir örnek.
potato_0072,potato,potato kategorisinde bir örnek.
potato_0073,potato,potato kategorisinde bir örnek.
potato_0074,potato,potato kategorisinde bir örnek.
potato_0075,potato,potato kategorisinde bir örnek.
potato_0076,potato,potato kategorisinde bir örnek.
potato_0077,potato,potato kategorisinde bir örnek.
potato_0078,potato,potato kategorisinde bir örnek.
potato_0079,potato,potato kategorisinde bir örnek.
potato_0080,potato,potato kategorisinde bir örnek.
potato_0081,potato,potato kategorisinde bir örnek.
potato_0082,potato,potato kategorisinde bir örnek.
potato_0083,potato,potato kategorisinde bir örnek.
potato_0084,potato,potato kategorisinde bir örnek.
potato_0085,potato,potato kategorisinde bir örnek.
potato_0086,potato,potato kategorisinde bir örnek.
potato_0087,potato,potato kategorisinde bir örnek.
potato_0088,potato,potato kategorisinde bir örnek.
potato_0089,potato,potato kategorisinde bir örnek.
potato_0090,potato,potato kategorisinde bir örnek.
potato_0091,potato,potato kategorisinde bir örnek.
potato_0092,potato,potato kategorisinde bir örnek.
potato_0093,potato,potato kategorisinde bir örnek.
potato_0094,potato,potato kategorisinde bir örnek.
potato_0095,potato,potato kategorisinde bir örnek.
potato_0096,potato,potato kategorisinde bir örnek.
potato_0097,potato,potato kategorisinde bir örnek.
potato_0098,potato,potato kategorisinde bir örnek.
potato_0099,potato,potato kategorisinde bir örnek.
potato_0100,potato,potato kategorisinde bir örnek.
potato_0101,potato,potato kategorisinde bir örnek.
potato_0102,potato,potato kategorisinde bir örnek.
potato_0103,potato,potato kategorisinde bir örnek.
potato_0104,potato,potato kategorisinde bir örnek.
potato_0105,potato,potato kategorisinde bir örnek.
potato_0106,potato,potato kategorisinde bir örnek.
potato_0107,potato,potato kategorisinde bir örnek.
potato_0108,potato,potato kategorisinde bir örnek.
potato_0109,potato,potato kategorisinde bir örnek.
potato_0110,potato,potato kategorisinde bir örnek.
potato_0111,potato,potato kategorisinde bir örnek.
potato_0112,potato,potato kategorisinde bir örnek.
potato_0113,potato,potato kategorisinde bir örnek.
potato_0114,potato,potato kategorisinde bir örnek.
potato_0115,potato,potato kategorisinde bir örnek.
potato_0116,potato,potato kategorisinde bir örnek.
potato_0117,potato,potato kategorisinde bir örnek.
potato_0118,potato,potato kategorisinde bir örnek.
potato_0119,potato,potato kategorisinde bir örnek.
potato_0120,potato,potato kategorisinde bir örnek.
potato_0121,potato,potato kategorisinde bir örnek.
potato_0122,potato,potato kategorisinde bir örnek.
potato_0123,potato,potato kategorisinde bir örnek.
potato_0124,potato,potato kategorisinde bir örnek.
potato_0125,potato,potato kategorisinde bir örnek.
potato_0126,potato,potato kategorisinde bir örnek.
potato_0127,potato,potato kategorisinde bir örnek.
potato_0128,potato,potato kategorisinde bir örnek.
potato_0129,potato,potato kategorisinde bir örnek.
potato_0130,potato,potato kategorisinde bir örnek.
potato_0131,potato,potato kategorisinde bir örnek.
potato_0132,potato,potato kategorisinde bir örnek.
potato_0133,potato,potato kategorisinde bir örnek.
potato_0134,potato,potato kategorisinde bir örnek.
potato_0135,potato,potato kategorisinde bir örnek.
potato_0136,potato,potato kategorisinde bir örnek.
potato_0137,potato,potato kategorisinde bir örnek.
potato_0138,potato,potato kategorisinde bir örnek.
potato_0139,potato,potato kategorisinde bir örnek.
potato_0140,potato,potato kategorisinde bir örnek.
potato_0141,potato,potato kategorisinde bir örnek.
potato_0142,potato,potato kategorisinde bir örnek.
potato_0143,potato,potato kategorisinde bir örnek.
potato_0144,potato,potato kategorisinde bir örnek.
potato_0145,potato,potato kategorisinde bir örnek.
potato_0146,potato,potato kategorisinde bir örnek.
potato_0147,potato,potato kategorisinde bir örnek.
potato_0148,potato,potato kategorisinde bir örnek.
potato_0149,potato,potato kategorisinde bir örnek.
potato_0150,potato,potato kategorisinde bir örnek.
potato_0151,potato,potato kategorisinde bir örnek.
potato_0152,potato,potato kategorisinde bir örnek.
potato_0153,potato,potato kategorisinde bir örnek.
potato_0154,potato,potato kategorisinde bir örnek.
potato_0155,potato,potato kategorisinde bir örnek.
potato_0156,potato,potato kategorisinde bir örnek.
potato_0157,potato,potato kategorisinde bir örnek.
potato_0158,potato,potato kategorisinde bir örnek.
potato_0159,potato,potato kategorisinde bir örnek.
potato_0160,potato,potato kategorisinde bir örnek.
potato_0161,potato,potato kategorisinde bir örnek.
potato_0162,potato,potato kategorisinde bir örnek.
potato_0163,potato,potato kategorisinde bir örnek.
potato_0164,potato,potato kategorisinde bir örnek.
potato_0165,potato,potato kategorisinde bir örnek.
potato_0166,potato,potato kategorisinde bir örnek.
potato_0167,potato,potato kategorisinde bir örnek.
potato_0168,potato,potato kategorisinde bir örnek.
potato_0169,potato,potato kategorisinde bir örnek.
potato_0170,potato,potato kategorisinde bir örnek.
potato_0171,potato,potato kategorisinde bir örnek.
potato_0172,potato,potato kategorisinde bir örnek.
potato_0173,potato,potato kategorisinde bir örnek.
potato_0174,potato,potato kategorisinde bir örnek.
potato_0175,potato,potato kategorisinde bir örnek.
potato_0176,potato,potato kategorisinde bir örnek.
potato_0177,potato,potato kategorisinde bir örnek.
potato_0178,potato,potato kategorisinde bir örnek.
potato_0179,potato,potato kategorisinde bir örnek.
potato_0180,potato,potato kategorisinde bir örnek.
potato_0181,potato,potato kategorisinde bir örnek.
potato_0182,potato,potato kategorisinde bir örnek.
potato_0183,potato,potato kategorisinde bir örnek.
potato_0184,potato,potato kategorisinde bir örnek.
potato_0185,potato,potato kategorisinde bir örnek.
potato_0186,potato,potato kategorisinde bir örnek.
potato_0187,potato,potato kategorisinde bir örnek.
potato_0188,potato,potato kategorisinde bir örnek.
potato_0189,potato,potato kategorisinde bir örnek.
potato_0190,potato,potato kategorisinde bir örnek.
potato_0191,potato,potato kategorisinde bir örnek.
potato_0192,potato,potato kategorisinde bir örnek.
potato_0193,potato,potato kategorisinde bir örnek.
potato_0194,potato,potato kategorisinde bir örnek.
potato_0195,potato,potato kategorisinde bir örnek.
potato_0196,potato,potato kategorisinde bir örnek.
potato_0197,potato,potato kategorisinde bir örnek.
potato_0198,potato,potato kategorisinde bir örnek.
potato_0199,potato,potato kategorisinde bir örnek.
potato_0200,potato,potato kategorisinde bir örnek.
potato_0201,potato,potato kategorisinde bir örnek.
potato_0202,potato,potato kategorisinde bir örnek.
potato_0203,potato,potato kategorisinde bir örnek.
potato_0204,potato,potato kategorisinde bir örnek.
potato_0205,potato,potato kategorisinde bir örnek.
potato_0206,potato,potato kategorisinde bir örnek.
potato_0207,potato,potato kategorisinde bir örnek.
potato_0208,potato,potato kategorisinde bir örnek.
potato_0209,potato,potato kategorisinde bir örnek.
potato_0210,potato,potato kategorisinde bir örnek.
potato_0211,potato,potato kategorisinde bir örnek.
potato_0212,potato,potato kategorisinde bir örnek.
potato_0213,potato,potato kategorisinde bir örnek.
potato_0214,potato,potato kategorisinde bir örnek.
potato_0215,potato,potato kategorisinde bir örnek.
potato_0216,potato,potato kategorisinde bir örnek.
potato_0217,potato,potato kategorisinde bir örnek.
potato_0218,potato,potato kategorisinde bir örnek.
potato_0219,potato,potato kategorisinde bir örnek.
potato_0220,potato,potato kategorisinde bir örnek.
potato_0221,potato,potato kategorisinde bir örnek.
potato_0222,potato,potato kategorisinde bir örnek.
potato_0223,potato,potato kategorisinde bir örnek.
potato_0224,potato,potato kategorisinde bir örnek.
potato_0225,potato,potato kategorisinde bir örnek.
potato_0226,potato,potato kategorisinde bir örnek.
potato_0227,potato,potato kategorisinde bir örnek.
potato_0228,potato,potato kategorisinde bir örnek.
potato_0229,potato,potato kategorisinde bir örnek.
potato_0230,potato,potato kategorisinde bir örnek.
potato_0231,potato,potato kategorisinde bir örnek.
potato_0232,potato,potato kategorisinde bir örnek.
potato_0233,potato,potato kategorisinde bir örnek.
potato_0234,potato,potato kategorisinde bir örnek.
potato_0235,potato,potato kategorisinde bir örnek.
potato_0236,potato,potato kategorisinde bir örnek.
potato_0237,potato,potato kategorisinde bir örnek.
potato_0238,potato,potato kategorisinde bir örnek.
potato_0239,potato,potato kategorisinde bir örnek.
potato_0240,potato,potato kategorisinde bir örnek.
potato_0241,potato,potato kategorisinde bir örnek.
potato_0242,potato,potato kategorisinde bir örnek.
potato_0243,potato,potato kategorisinde bir örnek.
potato_0244,potato,potato kategorisinde bir örnek.
potato_0245,potato,potato kategorisinde bir örnek.
potato_0246,potato,potato kategorisinde bir örnek.
potato_0247,potato,potato kategorisinde bir örnek.
potato_0248,potato,potato kategorisinde bir örnek.
potato_0249,potato,potato kategorisinde bir örnek.
potato_0250,potato,potato kategorisinde bir örnek.
potato_0251,potato,potato kategorisinde bir örnek.
potato_0252,potato,potato kategorisinde bir örnek.
potato_0253,potato,potato kategorisinde bir örnek.
potato_0254,potato,potato kategorisinde bir örnek.
potato_0255,potato,potato kategorisinde bir örnek.
potato_0256,potato,potato kategorisinde bir örnek.
potato_0257,potato,potato kategorisinde bir örnek.
potato_0258,potato,potato kategorisinde bir örnek.
potato_0259,potato,potato kategorisinde bir örnek.
potato_0260,potato,potato kategorisinde bir örnek.
potato_0261,potato,potato kategorisinde bir örnek.
potato_0262,potato,potato kategorisinde bir örnek.
potato_0263,potato,potato kategorisinde bir örnek.
potato_0264,potato,potato kategorisinde bir örnek.
potato_0265,potato,potato kategorisinde bir örnek.
potato_0266,potato,potato kategorisinde bir örnek.
potato_0267,potato,potato kategorisinde bir örnek.
potato_0268,potato,potato kategorisinde bir örnek.
potato_0269,potato,potato kategorisinde bir örnek.
potato_0270,potato,potato kategorisinde bir örnek.
potato_0271,potato,potato kategorisinde bir örnek.
potato_0272,potato,potato kategorisinde bir örnek.
potato_0273,potato,potato kategorisinde bir örnek.
potato_0274,potato,potato kategorisinde bir örnek.
potato_0275,potato,potato kategorisinde bir örnek.
potato_0276,potato,potato kategorisinde bir örnek.
potato_0277,potato,potato kategorisinde bir örnek.
potato_0278,potato,potato kategorisinde bir örnek.
potato_0279,potato,potato kategorisinde bir örnek.
potato_0280,potato,potato kategorisinde bir örnek.
potato_0281,potato,potato kategorisinde bir örnek.
potato_0282,potato,potato kategorisinde bir örnek.
potato_0283,potato,potato kategorisinde bir örnek.
potato_0284,potato,potato kategorisinde bir örnek.
potato_0285,potato,potato kategorisinde bir örnek.
potato_0286,potato,potato kategorisinde bir örnek.
potato_0287,potato,potato kategorisinde bir örnek.
potato_0288,potato,potato kategorisinde bir örnek.
potato_0289,potato,potato kategorisinde bir örnek.
potato_0290,potato,potato kategorisinde bir örnek.
potato_0291,potato,potato kategorisinde bir örnek.
potato_0292,potato,potato kategorisinde bir örnek.
potato_0293,potato,potato kategorisinde bir örnek.
potato_0294,potato,potato kategorisinde bir örnek.
potato_0295,potato,potato kategorisinde bir örnek.
potato_0296,potato,potato kategorisinde bir örnek.
potato_0297,potato,potato kategorisinde bir örnek.
potato_0298,potato,potato kategorisinde bir örnek.
potato_0299,potato,potato kategorisinde bir örnek.
potato_0300,potato,potato kategorisinde bir örnek.
potato_0301,potato,potato kategorisinde bir örnek.
potato_0302,potato,potato kategorisinde bir örnek.
potato_0303,potato,potato kategorisinde bir örnek.
potato_0304,potato,potato kategorisinde bir örnek.
potato_0305,potato,potato kategorisinde bir örnek.
potato_0306,potato,potato kategorisinde bir örnek.
potato_0307,potato,potato kategorisinde bir örnek.
potato_0308,potato,potato kategorisinde bir örnek.
potato_0309,potato,potato kategorisinde bir örnek.
potato_0310,potato,potato kategorisinde bir örnek.
potato_0311,potato,potato kategorisinde bir örnek.
potato_0312,potato,potato kategorisinde bir örnek.
potato_0313,potato,potato kategorisinde bir örnek.
potato_0314,potato,potato kategorisinde bir örnek.
potato_0315,potato,potato kategorisinde bir örnek.
potato_0316,potato,potato kategorisinde bir örnek.
potato_0317,potato,potato kategorisinde bir örnek.
potato_0318,potato,potato kategorisinde bir örnek.
potato_0319,potato,potato kategorisinde bir örnek.
potato_0320,potato,potato kategorisinde bir örnek.
potato_0321,potato,potato kategorisinde bir örnek.
potato_0322,potato,potato kategorisinde bir örnek.
potato_0323,potato,potato kategorisinde bir örnek.
potato_0324,potato,potato kategorisinde bir örnek.
potato_0325,potato,potato kategorisinde bir örnek.
potato_0326,potato,potato kategorisinde bir örnek.
potato_0327,potato,potato kategorisinde bir örnek.
potato_0328,potato,potato kategorisinde bir örnek.
potato_0329,potato,potato kategorisinde bir örnek.
potato_0330,potato,potato kategorisinde bir örnek.
potato_0331,potato,potato kategorisinde bir örnek.
potato_0332,potato,potato kategorisinde bir örnek.
potato_0333,potato,potato kategorisinde bir örnek.
potato_0334,potato,potato kategorisinde bir örnek.
potato_0335,potato,potato kategorisinde bir örnek.
potato_0336,potato,potato kategorisinde bir örnek.
potato_0337,potato,potato kategorisinde bir örnek.
potato_0338,potato,potato kategorisinde bir örnek.
potato_0339,potato,potato kategorisinde bir örnek.
potato_0340,potato,potato kategorisinde bir örnek.
potato_0341,potato,potato kategorisinde bir örnek.
potato_0342,potato,potato kategorisinde bir örnek.
potato_0343,potato,potato kategorisinde bir örnek.
potato_0344,potato,potato kategorisinde bir örnek.
potato_0345,potato,potato kategorisinde bir örnek.
potato_0346,potato,potato kategorisinde bir örnek.
potato_0347,potato,potato kategorisinde bir örnek.
potato_0348,potato,potato kategorisinde bir örnek.
potato_0349,potato,potato kategorisinde bir örnek.
potato_0350,potato,potato kategorisinde bir örnek.
potato_0351,potato,potato kategorisinde bir örnek.
potato_0352,potato,potato kategorisinde bir örnek.
potato_0353,potato,potato kategorisinde bir örnek.
potato_0354,potato,potato kategorisinde bir örnek.
potato_0355,potato,potato kategorisinde bir örnek.
potato_0356,potato,potato kategorisinde bir örnek.
potato_0357,potato,potato kategorisinde bir örnek.
potato_0358,potato,potato kategorisinde bir örnek.
potato_0359,potato,potato kategorisinde bir örnek.
potato_0360,potato,potato kategorisinde bir örnek.
potato_0361,potato,potato kategorisinde bir örnek.
potato_0362,potato,potato kategorisinde bir örnek.
potato_0363,potato,potato kategorisinde bir örnek.
potato_0364,potato,potato kategorisinde bir örnek.
potato_0365,potato,potato kategorisinde bir örnek.
potato_0366,potato,potato kategorisinde bir örnek.
potato_0367,potato,potato kategorisinde bir örnek.
potato_0368,potato,potato kategorisinde bir örnek.
potato_0369,potato,potato kategorisinde bir örnek.
potato_0370,potato,potato kategorisinde bir örnek.
potato_0371,potato,potato kategorisinde bir örnek.
potato_0372,potato,potato kategorisinde bir örnek.
potato_0373,potato,potato kategorisinde bir örnek.
potato_0374,potato,potato kategorisinde bir örnek.
potato_0375,potato,potato kategorisinde bir örnek.
potato_0376,potato,potato kategorisinde bir örnek.
potato_0377,potato,potato kategorisinde bir örnek.
potato_0378,potato,potato kategorisinde bir örnek.
potato_0379,potato,potato kategorisinde bir örnek.
potato_0380,potato,potato kategorisinde bir örnek.
potato_0381,potato,potato kategorisinde bir örnek.
potato_0382,potato,potato kategorisinde bir örnek.
potato_0383,potato,potato kategorisinde bir örnek.
potato_0384,potato,potato kategorisinde bir örnek.
potato_0385,potato,potato kategorisinde bir örnek.
potato_0386,potato,potato kategorisinde bir örnek.
potato_0387,potato,potato kategorisinde bir örnek.
potato_0388,potato,potato kategorisinde bir örnek.
potato_0389,potato,potato kategorisinde bir örnek.
potato_0390,potato,potato kategorisinde bir örnek.
potato_0391,potato,potato kategorisinde bir örnek.
potato_0392,potato,potato kategorisinde bir örnek.
potato_0393,potato,potato kategorisinde bir örnek.
potato_0394,potato,potato kategorisinde bir örnek.
potato_0395,potato,potato kategorisinde bir örnek.
potato_0396,potato,potato kategorisinde bir örnek.
potato_0397,potato,potato kategorisinde bir örnek.
potato_0398,potato,potato kategorisinde bir örnek.
potato_0399,potato,potato kategorisinde bir örnek.
potato_0400,potato,potato kategorisinde bir örnek.
potato_0401,potato,potato kategorisinde bir örnek.
potato_0402,potato,potato kategorisinde bir örnek.
potato_0403,potato,potato kategorisinde bir örnek.
potato_0404,potato,potato kategorisinde bir örnek.
potato_0405,potato,potato kategorisinde bir örnek.
potato_0406,potato,potato kategorisinde bir örnek.
potato_0407,potato,potato kategorisinde bir örnek.
potato_0408,potato,potato kategorisinde bir örnek.
potato_0409,potato,potato kategorisinde bir örnek.
potato_0410,potato,potato kategorisinde bir örnek.
potato_0411,potato,potato kategorisinde bir örnek.
potato_0412,potato,potato kategorisinde bir örnek.
potato_0413,potato,potato kategorisinde bir örnek.
potato_0414,potato,potato kategorisinde bir örnek.
potato_0415,potato,potato kategorisinde bir örnek.
potato_0416,potato,potato kategorisinde bir örnek.
potato_0417,potato,potato kategorisinde bir örnek.
potato_0418,potato,potato kategorisinde bir örnek.
potato_0419,potato,potato kategorisinde bir örnek.
potato_0420,potato,potato kategorisinde bir örnek.
potato_0421,potato,potato kategorisinde bir örnek.
potato_0422,potato,potato kategorisinde bir örnek.
potato_0423,potato,potato kategorisinde bir örnek.
potato_0424,potato,potato kategorisinde bir örnek.
potato_0425,potato,potato kategorisinde bir örnek.
potato_0426,potato,potato kategorisinde bir örnek.
potato_0427,potato,potato kategorisinde bir örnek.
potato_0428,potato,potato kategorisinde bir örnek.
potato_0429,potato,potato kategorisinde bir örnek.
potato_0430,potato,potato kategorisinde bir örnek.
potato_0431,potato,potato kategorisinde bir örnek.
potato_0432,potato,potato kategorisinde bir örnek.
potato_0433,potato,potato kategorisinde bir örnek.
potato_0434,potato,potato kategorisinde bir örnek.
potato_0435,potato,potato kategorisinde bir örnek.
potato_0436,potato,potato kategorisinde bir örnek.
potato_0437,potato,potato kategorisinde bir örnek.
potato_0438,potato,potato kategorisinde bir örnek.
potato_0439,potato,potato kategorisinde bir örnek.
potato_0440,potato,potato kategorisinde bir örnek.
potato_0441,potato,potato kategorisinde bir örnek.
potato_0442,potato,potato kategorisinde bir örnek.
potato_0443,potato,potato kategorisinde bir örnek.
potato_0444,potato,potato kategorisinde bir örnek.
potato_0445,potato,potato kategorisinde bir örnek.
potato_0446,potato,potato kategorisinde bir örnek.
potato_0447,potato,potato kategorisinde bir örnek.
potato_0448,potato,potato kategorisinde bir örnek.
potato_0449,potato,potato kategorisinde bir örnek.
potato_0450,potato,potato kategorisinde bir örnek.
potato_0451,potato,potato kategorisinde bir örnek.
potato_0452,potato,potato kategorisinde bir örnek.
potato_0453,potato,potato kategorisinde bir örnek.
potato_0454,potato,potato kategorisinde bir örnek.
potato_0455,potato,potato kategorisinde bir örnek.
potato_0456,potato,potato kategorisinde bir örnek.
potato_0457,potato,potato kategorisinde bir örnek.
potato_0458,potato,potato kategorisinde bir örnek.
potato_0459,potato,potato kategorisinde bir örnek.
potato_0460,potato,potato kategorisinde bir örnek.
potato_0461,potato,potato kategorisinde bir örnek.
potato_0462,potato,potato kategorisinde bir örnek.
potato_0463,potato,potato kategorisinde bir örnek.
potato_0464,potato,potato kategorisinde bir örnek.
potato_0465,potato,potato kategorisinde bir örnek.
potato_0466,potato,potato kategorisinde bir örnek.
potato_0467,potato,potato kategorisinde bir örnek.
potato_0468,potato,potato kategorisinde bir örnek.
potato_0469,potato,potato kategorisinde bir örnek.
potato_0470,potato,potato kategorisinde bir örnek.
potato_0471,potato,potato kategorisinde bir örnek.
potato_0472,potato,potato kategorisinde bir örnek.
potato_0473,potato,potato kategorisinde bir örnek.
potato_0474,potato,potato kategorisinde bir örnek.
potato_0475,potato,potato kategorisinde bir örnek.
potato_0476,potato,potato kategorisinde bir örnek.
potato_0477,potato,potato kategorisinde bir örnek.
potato_0478,potato,potato kategorisinde bir örnek.
potato_0479,potato,potato kategorisinde bir örnek.
potato_0480,potato,potato kategorisinde bir örnek.
potato_0481,potato,potato kategorisinde bir örnek.
potato_0482,potato,potato kategorisinde bir örnek.
potato_0483,potato,potato kategorisinde bir örnek.
potato_0484,potato,potato kategorisinde bir örnek.
potato_0485,potato,potato kategorisinde bir örnek.
potato_0486,potato,potato kategorisinde bir örnek.
potato_0487,potato,potato kategorisinde bir örnek.
potato_0488,potato,potato kategorisinde bir örnek.
potato_0489,potato,potato kategorisinde bir örnek.
potato_0490,potato,potato kategorisinde bir örnek.
potato_0491,potato,potato kategorisinde bir örnek.
potato_0492,potato,potato kategorisinde bir örnek.
potato_0493,potato,potato kategorisinde bir örnek.
potato_0494,potato,potato kategorisinde bir örnek.
potato_0495,potato,potato kategorisinde bir örnek.
potato_0496,potato,potato kategorisinde bir örnek.
potato_0497,potato,potato kategorisinde bir örnek.
potato_0498,potato,potato kategorisinde bir örnek.
potato_0499,potato,potato kategorisinde bir örnek.
potato_0500,potato,potato kategorisinde bir örnek.
potato_0501,potato,potato kategorisinde bir örnek.
potato_0502,potato,potato kategorisinde bir örnek.
potato_0503,potato,potato kategorisinde bir örnek.
potato_0504,potato,potato kategorisinde bir örnek.
potato_0505,potato,potato kategorisinde bir örnek.
potato_0506,potato,potato kategorisinde bir örnek.
potato_0507,potato,potato kategorisinde bir örnek.
potato_0508,potato,potato kategorisinde bir örnek.
potato_0509,potato,potato kategorisinde bir örnek.
potato_0510,potato,potato kategorisinde bir örnek.
potato_0511,potato,potato kategorisinde bir örnek.
potato_0512,potato,potato kategorisinde bir örnek.
potato_0513,potato,potato kategorisinde bir örnek.
potato_0514,potato,potato kategorisinde bir örnek.
potato_0515,potato,potato kategorisinde bir örnek.
potato_0516,potato,potato kategorisinde bir örnek.
potato_0517,potato,potato kategorisinde bir örnek.
potato_0518,potato,potato kategorisinde bir örnek.
potato_0519,potato,potato kategorisinde bir örnek.
potato_0520,potato,potato kategorisinde bir örnek.
potato_0521,potato,potato kategorisinde bir örnek.
potato_0522,potato,potato kategorisinde bir örnek.
potato_0523,potato,potato kategorisinde bir örnek.
potato_0524,potato,potato kategorisinde bir örnek.
potato_0525,potato,potato kategorisinde bir örnek.
potato_0526,potato,potato kategorisinde bir örnek.
potato_0527,potato,potato kategorisinde bir örnek.
potato_0528,potato,potato kategorisinde bir örnek.
potato_0529,potato,potato kategorisinde bir örnek.
potato_0530,potato,potato kategorisinde bir örnek.
potato_0531,potato,potato kategorisinde bir örnek.
potato_0532,potato,potato kategorisinde bir örnek.
potato_0533,potato,potato kategorisinde bir örnek.
potato_0534,potato,potato kategorisinde bir örnek.
potato_0535,potato,potato kategorisinde bir örnek.
potato_0536,potato,potato kategorisinde bir örnek.
potato_0537,potato,potato kategorisinde bir örnek.
potato_0538,potato,potato kategorisinde bir örnek.
potato_0539,potato,potato kategorisinde bir örnek.
potato_0540,potato,potato kategorisinde bir örnek.
potato_0541,potato,potato kategorisinde bir örnek.
potato_0542,potato,potato kategorisinde bir örnek.
potato_0543,potato,potato kategorisinde bir örnek.
potato_0544,potato,potato kategorisinde bir örnek.
potato_0545,potato,potato kategorisinde bir örnek.
potato_0546,potato,potato kategorisinde bir örnek.
potato_0547,potato,potato kategorisinde bir örnek.
potato_0548,potato,potato kategorisinde bir örnek.
potato_0549,potato,potato kategorisinde bir örnek.
potato_0550,potato,potato kategorisinde bir örnek.
potato_0551,potato,potato kategorisinde bir örnek.
potato_0552,potato,potato kategorisinde bir örnek.
potato_0553,potato,potato kategorisinde bir örnek.
potato_0554,potato,potato kategorisinde bir örnek.
potato_0555,potato,potato kategorisinde bir örnek.
potato_0556,potato,potato kategorisinde bir örnek.
potato_0557,potato,potato kategorisinde bir örnek.
potato_0558,potato,potato kategorisinde bir örnek.
potato_0559,potato,potato kategorisinde bir örnek.
potato_0560,potato,potato kategorisinde bir örnek.
potato_0561,potato,potato kategorisinde bir örnek.
potato_0562,potato,potato kategorisinde bir örnek.
potato_0563,potato,potato kategorisinde bir örnek.
potato_0564,potato,potato kategorisinde bir örnek.
potato_0565,potato,potato kategorisinde bir örnek.
potato_0566,potato,potato kategorisinde bir örnek.
potato_0567,potato,potato kategorisinde bir örnek.
potato_0568,potato,potato kategorisinde bir örnek.
potato_0569,potato,potato kategorisinde bir örnek.
potato_0570,potato,potato kategorisinde bir örnek.
potato_0571,potato,potato kategorisinde bir örnek.
potato_0572,potato,potato kategorisinde bir örnek.
potato_0573,potato,potato kategorisinde bir örnek.
potato_0574,potato,potato kategorisinde bir örnek.
potato_0575,potato,potato kategorisinde bir örnek.
potato_0576,potato,potato kategorisinde bir örnek.
potato_0577,potato,potato kategorisinde bir örnek.
potato_0578,potato,potato kategorisinde bir örnek.
potato_0579,potato,potato kategorisinde bir örnek.
potato_0580,potato,potato kategorisinde bir örnek.
potato_0581,potato,potato kategorisinde bir örnek.
potato_0582,potato,potato kategorisinde bir örnek.
potato_0583,potato,potato kategorisinde bir örnek.
potato_0584,potato,potato kategorisinde bir örnek.
potato_0585,potato,potato kategorisinde bir örnek.
potato_0586,potato,potato kategorisinde bir örnek.
potato_0587,potato,potato kategorisinde bir örnek.
potato_0588,potato,potato kategorisinde bir örnek.
potato_0589,potato,potato kategorisinde bir örnek.
potato_0590,potato,potato kategorisinde bir örnek.
potato_0591,potato,potato kategorisinde bir örnek.
potato_0592,potato,potato kategorisinde bir örnek.
potato_0593,potato,potato kategorisinde bir örnek.
potato_0594,potato,potato kategorisinde bir örnek.
potato_0595,potato,potato kategorisinde bir örnek.
potato_0596,potato,potato kategorisinde bir örnek.
potato_0597,potato,potato kategorisinde bir örnek.
potato_0598,potato,potato kategorisinde bir örnek.
potato_0599,potato,potato kategorisinde bir örnek.
