sample_id,category,weight,color,season,origin
banana_0000,banana,124.94,brown,summer,tropical
banana_0001,banana,167.84,brown,autumn,tropical
banana_0002,banana,98.72,yellow,winter,tropical
banana_0003,banana,86.97,brown,summer,imported
banana_0004,banana,152.13,yellow,summer,tropical
banana_0005,banana,82.47,yellow,winter,tropical
banana_0006,banana,179.89,brown,winter,imported
banana_0007,banana,101.82,yellow,spring,imported
banana_0008,banana,116.51,yellow,winter,imported
banana_0009,banana,131.83,green,autumn,tropical
banana_0010,banana,153.42,yellow,autumn,tropical
banana_0011,banana,115.06,yellow,spring,tropical
banana_0012,banana,134.73,green,autumn,imported
banana_0013,banana,103.96,yellow,spring,tropical
banana_0014,banana,260.75,green,summer,imported
banana_0015,banana,100.46,brown,autumn,tropical
banana_0016,banana,193.87,brown,summer,tropical
banana_0017,banana,177.01,brown,winter,imported
banana_0018,banana,91.72,yellow,winter,tropical
banana_0019,banana,132.82,green,autumn,imported
banana_0020,banana,290.93,brown,autumn,tropical
banana_0021,banana,111.05,green,autumn,tropical
banana_0022,banana,117.41,brown,autumn,tropical
banana_0023,banana,145.61,brown,winter,tropical
banana_0024,banana,196.35,yellow,spring,imported
banana_0025,banana,192.74,green,winter,imported
banana_0026,banana,151.75,yellow,winter,tropical
banana_0027,banana,90.62,green,spring,imported
banana_0028,banana,85.43,yellow,winter,imported
banana_0029,banana,126.64,yellow,spring,imported
banana_0030,banana,179.45,brown,spring,tropical
banana_0031,banana,113.71,green,winter,tropical
banana_0032,banana,96.91,brown,autumn,imported
banana_0033,banana,88.95,brown,spring,imported
banana_0034,banana,172.67,yellow,winter,imported
banana_0035,banana,80.66,yellow,summer,tropical
banana_0036,banana,164.82,yellow,winter,imported
banana_0037,banana,172.55,brown,summer,imported
banana_0038,banana,123.02,green,spring,imported
banana_0039,banana,183.57,brown,summer,tropical
banana_0040,banana,119.71,brown,autumn,imported
banana_0041,banana,117.32,yellow,autumn,imported
banana_0042,banana,167.55,yellow,spring,tropical
banana_0043,banana,186.47,brown,autumn,tropical
banana_0044,banana,94.35,brown,summer,imported
banana_0045,banana,171.29,brown,winter,tropical
banana_0046,banana,172.52,green,winter,tropical
banana_0047,banana,142.73,brown,autumn,imported
banana_0048,banana,83.05,yellow,summer,imported
banana_0049,banana,83.77,green,winter,tropical
banana_0050,banana,117.72,yellow,summer,tropical
banana_0051,banana,188.91,brown,spring,tropical
banana_0052,banana,129.25,brown,winter,tropical
banana_0053,banana,107.46,brown,spring,tropical
banana_0054,banana,114.77,green,spring,tropical
banana_0055,banana,191.56,brown,winter,imported
banana_0056,banana,156.01,green,autumn,imported
banana_0057,banana,176.44,brown,spring,tropical
banana_0058,banana,187.11,yellow,winter,tropical
banana_0059,banana,176.89,green,summer,tropical
banana_0060,banana,118.16,brown,winter,tropical
banana_0061,banana,107.35,yellow,summer,tropical
banana_0062,banana,178.16,yellow,summer,imported
banana_0063,banana,80.83,yellow,winter,imported
banana_0064,banana,130.09,brown,spring,tropical
banana_0065,banana,94.38,brown,winter,imported
banana_0066,banana,193.15,yellow,spring,imported
banana_0067,banana,142.25,yellow,summer,tropical
banana_0068,banana,123.64,brown,spring,imported
banana_0069,banana,195.49,green,spring,imported
banana_0070,banana,139.67,brown,summer,tropical
banana_0071,banana,260.96,yellow,spring,imported
banana_0072,banana,140.32,yellow,winter,tropical
banana_0073,banana,113.44,yellow,spring,tropical
banana_0074,banana,108.75,green,winter,imported
banana_0075,banana,138.73,green,winter,tropical
banana_0076,banana,109.05,green,summer,tropical
banana_0077,banana,171.39,brown,summer,tropical
banana_0078,banana,167.39,yellow,winter,imported
banana_0079,banana,155.88,green,spring,tropical
banana_0080,banana,144.29,green,summer,tropical
banana_0081,banana,180.24,green,summer,imported
banana_0082,banana,259.09,green,spring,imported
banana_0083,banana,251.21,green,spring,tropical
banana_0084,banana,107.18,yellow,autumn,tropical
banana_0085,banana,100.92,yellow,summer,imported
banana_0086,banana,126.41,yellow,summer,imported
banana_0087,banana,96.5,brown,winter,tropical
banana_0088,banana,93.62,brown,summer,tropical
banana_0089,banana,185.28,yellow,summer,tropical
banana_0090,banana,159.2,green,summer,tropical
banana_0091,banana,146.62,brown,summer,tropical
banana_0092,banana,109.02,green,autumn,imported
banana_0093,banana,187.67,yellow,autumn,tropical
banana_0094,banana,155.97,green,spring,tropical
banana_0095,banana,121.91,brown,autumn,imported
banana_0096,banana,187.65,green,summer,tropical
banana_0097,banana,173.59,green,summer,tropical
banana_0098,banana,90.1,brown,winter,imported
banana_0099,banana,187.83,yellow,autumn,tropical
banana_0100,banana,81.1,yellow,autumn,imported
banana_0101,banana,216.08,yellow,spring,imported
banana_0102,banana,145.85,brown,summer,imported
banana_0103,banana,158.24,brown,summer,tropical
banana_0104,banana,165.46,green,summer,tropical
banana_0105,banana,119.05,brown,winter,imported
banana_0106,banana,157.96,green,winter,imported
banana_0107,banana,158.91,yellow,autumn,imported
banana_0108,banana,91.24,green,summer,tropical
banana_0109,banana,111.82,brown,spring,imported
banana_0110,banana,196.76,yellow,summer,imported
banana_0111,banana,187.05,yellow,autumn,tropical
banana_0112,banana,175.38,brown,spring,imported
banana_0113,banana,149.23,brown,summer,tropical
banana_0114,banana,103.43,yellow,winter,tropical
banana_0115,banana,264.55,green,winter,imported
banana_0116,banana,101.25,yellow,summer,imported
banana_0117,banana,194.47,green,summer,imported
banana_0118,banana,292.83,yellow,winter,tropical
banana_0119,banana,131.38,green,spring,tropical
banana_0120,banana,195.63,yellow,winter,tropical
banana_0121,banana,115.33,green,summer,tropical
banana_0122,banana,182.14,brown,autumn,imported
banana_0123,banana,100.34,brown,winter,imported
banana_0124,banana,192.34,yellow,summer,imported
banana_0125,banana,148.41,yellow,spring,tropical
banana_0126,banana,153.8,yellow,spring,imported
banana_0127,banana,96.81,green,winter,tropical
banana_0128,banana,185.28,yellow,winter,imported
banana_0129,banana,163.64,green,autumn,tropical
banana_0130,banana,123.14,green,autumn,imported
banana_0131,banana,177.12,brown,autumn,tropical
banana_0132,banana,184.05,yellow,autumn,tropical
banana_0133,banana,141.36,brown,autumn,tropical
banana_0134,banana,175.8,yellow,spring,imported
banana_0135,banana,164.24,brown,autumn,imported
banana_0136,banana,186.8,brown,summer,imported
banana_0137,banana,125.07,brown,winter,imported
banana_0138,banana,246.56,yellow,spring,tropical
banana_0139,banana,145.12,brown,winter,imported
banana_0140,banana,203.73,green,summer,imported
banana_0141,banana,178.71,brown,autumn,tropical
banana_0142,banana,95.25,brown,autumn,imported
banana_0143,banana,172.4,brown,spring,imported
banana_0144,banana,154.75,green,autumn,tropical
banana_0145,banana,86.2,yellow,spring,imported
banana_0146,banana,144.88,brown,winter,imported
banana_0147,banana,167.13,green,summer,imported
banana_0148,banana,141.96,green,winter,imported
banana_0149,banana,175.42,brown,autumn,imported
banana_0150,banana,132.68,green,spring,tropical
banana_0151,banana,83.04,brown,spring,tropical
banana_0152,banana,180.32,brown,summer,imported
banana_0153,banana,129.07,brown,autumn,tropical
banana_0154,banana,98.77,yellow,autumn,tropical
banana_0155,banana,145.91,yellow,winter,tropical
banana_0156,banana,159.22,yellow,winter,imported
banana_0157,banana,194.58,brown,summer,imported
banana_0158,banana,146.52,green,winter,imported
banana_0159,banana,130.35,green,spring,tropical
banana_0160,banana,122.72,yellow,summer,tropical
banana_0161,banana,81.73,green,winter,tropical
banana_0162,banana,285.55,brown,spring,tropical
banana_0163,banana,164.44,brown,winter,tropical
banana_0164,banana,91.74,green,winter,imported
banana_0165,banana,136.82,brown,autumn,imported
banana_0166,banana,132.06,brown,spring,imported
banana_0167,banana,153.9,yellow,spring,imported
banana_0168,banana,85.44,green,winter,imported
banana_0169,banana,155.1,brown,spring,tropical
banana_0170,banana,182.78,green,spring,tropical
banana_0171,banana,99.55,brown,autumn,tropical
banana_0172,banana,258.58,green,autumn,imported
banana_0173,banana,192.83,brown,summer,tropical
banana_0174,banana,126.58,yellow,winter,imported
banana_0175,banana,134.99,brown,winter,tropical
banana_0176,banana,192.98,yellow,spring,imported
banana_0177,banana,195.34,green,spring,imported
banana_0178,banana,103.49,yellow,winter,imported
banana_0179,banana,209.44,green,summer,imported
banana_0180,banana,161.96,green,summer,imported
banana_0181,banana,118.28,green,spring,imported
banana_0182,banana,82.79,brown,winter,imported
banana_0183,banana,113.82,yellow,autumn,imported
banana_0184,banana,163.61,green,summer,imported
banana_0185,banana,185.3,green,spring,tropical
banana_0186,banana,176.42,green,winter,tropical
banana_0187,banana,101.29,green,summer,tropical
banana_0188,banana,176.82,brown,spring,tropical
banana_0189,banana,129.51,green,winter,tropical
banana_0190,banana,173.17,green,spring,imported
banana_0191,banana,191.69,yellow,spring,imported
banana_0192,banana,131.48,green,spring,imported
banana_0193,banana,170.55,green,autumn,tropical
banana_0194,banana,188.31,green,summer,tropical
banana_0195,banana,179.17,green,winter,tropical
banana_0196,banana,187.46,brown,summer,tropical
banana_0197,banana,81.3,yellow,winter,tropical
banana_0198,banana,90.95,brown,winter,tropical
banana_0199,banana,194.01,yellow,spring,tropical
banana_0200,banana,148.81,brown,winter,imported
banana_0201,banana,133.81,brown,autumn,imported
banana_0202,banana,119.44,yellow,summer,tropical
banana_0203,banana,170.28,green,summer,tropical
banana_0204,banana,174.75,green,spring,imported
banana_0205,banana,139.33,brown,winter,tropical
banana_0206,banana,145.94,brown,winter,tropical
banana_0207,banana,186.52,brown,autumn,tropical
banana_0208,banana,94.05,brown,summer,imported
banana_0209,banana,171.38,brown,spring,imported
banana_0210,banana,92.13,yellow,autumn,tropical
banana_0211,banana,164.12,green,spring,tropical
banana_0212,banana,178.62,green,autumn,imported
banana_0213,banana,89.76,brown,winter,imported
banana_0214,banana,198.4,yellow,autumn,imported
banana_0215,banana,124.48,green,spring,imported
banana_0216,banana,193.67,green,winter,tropical
banana_0217,banana,170.41,green,spring,tropical
banana_0218,banana,90.02,green,spring,imported
banana_0219,banana,147.01,yellow,spring,imported
banana_0220,banana,188.76,yellow,spring,tropical
banana_0221,banana,246.87,green,autumn,imported
banana_0222,banana,86.76,green,autumn,tropical
banana_0223,banana,94.1,brown,winter,tropical
banana_0224,banana,169.53,yellow,spring,imported
banana_0225,banana,195.46,brown,winter,imported
banana_0226,banana,114.29,brown,spring,imported
banana_0227,banana,106.83,yellow,summer,imported
banana_0228,banana,81.46,yellow,spring,tropical
banana_0229,banana,85.18,green,autumn,imported
banana_0230,banana,143.32,brown,autumn,imported
banana_0231,banana,88.86,brown,autumn,imported
banana_0232,banana,196.32,brown,spring,imported
banana_0233,banana,155.53,green,autumn,tropical
banana_0234,banana,134.54,yellow,winter,imported
banana_0235,banana,150.12,yellow,winter,tropical
banana_0236,banana,85.45,yellow,spring,imported
banana_0237,banana,194.05,brown,autumn,tropical
banana_0238,banana,134.68,yellow,autumn,tropical
banana_0239,banana,113.29,green,winter,imported
banana_0240,banana,135.64,yellow,winter,imported
banana_0241,banana,150.04,yellow,summer,imported
banana_0242,banana,196.93,brown,winter,imported
banana_0243,banana,163.78,yellow,summer,imported
banana_0244,banana,117.14,green,spring,imported
banana_0245,banana,162.17,green,winter,tropical
banana_0246,banana,189.31,green,spring,tropical
banana_0247,banana,193.98,yellow,spring,imported
banana_0248,banana,153.61,yellow,summer,tropical
banana_0249,banana,191.93,yellow,autumn,tropical
banana_0250,banana,237.65,yellow,summer,imported
banana_0251,banana,177.27,brown,winter,imported
banana_0252,banana,98.05,green,spring,imported
banana_0253,banana,125.71,brown,spring,imported
banana_0254,banana,181.05,brown,summer,tropical
banana_0255,banana,136.24,yellow,winter,imported
banana_0256,banana,112.81,brown,summer,tropical
banana_0257,banana,183.77,yellow,winter,tropical
banana_0258,banana,199.97,yellow,summer,imported
banana_0259,banana,146.65,green,spring,imported
banana_0260,banana,193.37,yellow,winter,imported
banana_0261,banana,109.68,brown,autumn,imported
banana_0262,banana,95.5,yellow,winter,imported
banana_0263,banana,152.74,brown,winter,imported
banana_0264,banana,160.6,yellow,winter,tropical
banana_0265,banana,122.98,green,winter,tropical
banana_0266,banana,160.59,yellow,winter,imported
banana_0267,banana,172.68,brown,autumn,imported
banana_0268,banana,182.26,yellow,spring,imported
banana_0269,banana,147.31,brown,spring,imported
banana_0270,banana,128.42,brown,spring,imported
banana_0271,banana,83.45,yellow,summer,imported
banana_0272,banana,154.44,brown,autumn,imported
banana_0273,banana,105.56,yellow,summer,tropical
banana_0274,banana,81.75,brown,summer,imported
banana_0275,banana,150.79,brown,summer,tropical
banana_0276,banana,132.5,green,spring,imported
banana_0277,banana,121.79,yellow,spring,imported
banana_0278,banana,174.04,yellow,spring,imported
banana_0279,banana,154.65,green,autumn,imported
banana_0280,banana,193.94,brown,summer,tropical
banana_0281,banana,191.19,green,spring,imported
banana_0282,banana,110.99,green,spring,tropical
banana_0283,banana,197.6,green,summer,imported
banana_0284,banana,119.45,green,autumn,tropical
banana_0285,banana,108.82,green,summer,imported
banana_0286,banana,95.47,green,summer,tropical
banana_0287,banana,98.23,brown,autumn,imported
banana_0288,banana,156.9,brown,spring,tropical
banana_0289,banana,121.48,yellow,autumn,tropical
banana_0290,banana,136.88,green,spring,imported
banana_0291,banana,100.68,yellow,summer,tropical
banana_0292,banana,84.9,brown,winter,imported
banana_0293,banana,113.43,brown,summer,imported
banana_0294,banana,90.64,yellow,winter,tropical
banana_0295,banana,135.29,green,summer,tropical
banana_0296,banana,123.71,green,autumn,imported
banana_0297,banana,279.94,green,spring,imported
banana_0298,banana,155.35,yellow,spring,tropical
banana_0299,banana,184.83,green,winter,tropical
banana_0300,banana,87.33,yellow,autumn,imported
banana_0301,banana,176.74,green,autumn,tropical
banana_0302,banana,102.14,green,autumn,imported
banana_0303,banana,124.46,yellow,spring,imported
banana_0304,banana,154.19,green,autumn,imported
banana_0305,banana,135.5,green,autumn,tropical
banana_0306,banana,84.4,brown,winter,imported
banana_0307,banana,165.6,yellow,spring,tropical
banana_0308,banana,141.4,green,spring,imported
banana_0309,banana,92.86,green,winter,imported
banana_0310,banana,143.91,yellow,winter,imported
banana_0311,banana,112.31,yellow,spring,tropical
banana_0312,banana,82.41,brown,spring,tropical
banana_0313,banana,105.37,brown,winter,imported
banana_0314,banana,94.37,brown,winter,tropical
banana_0315,banana,151.23,green,autumn,imported
banana_0316,banana,174.7,brown,spring,tropical
banana_0317,banana,90.43,green,spring,imported
banana_0318,banana,150.42,brown,spring,tropical
banana_0319,banana,131.8,brown,summer,tropical
banana_0320,banana,114.05,brown,autumn,tropical
banana_0321,banana,157.51,brown,summer,imported
banana_0322,banana,122.73,yellow,summer,imported
banana_0323,banana,152.69,yellow,autumn,tropical
banana_0324,banana,92.21,yellow,autumn,tropical
banana_0325,banana,109.51,green,autumn,imported
banana_0326,banana,102.39,green,winter,tropical
banana_0327,banana,100.8,brown,spring,tropical
banana_0328,banana,89.63,yellow,winter,tropical
banana_0329,banana,129.25,brown,spring,tropical
banana_0330,banana,93.44,green,winter,tropical
banana_0331,banana,196.34,green,autumn,imported
banana_0332,banana,178.05,green,summer,imported
banana_0333,banana,100.51,green,winter,tropical
banana_0334,banana,191.53,green,autumn,imported
banana_0335,banana,148.59,brown,spring,imported
banana_0336,banana,172.34,green,autumn,tropical
banana_0337,banana,118.84,green,spring,tropical
banana_0338,banana,140.91,yellow,spring,imported
banana_0339,banana,93.78,brown,autumn,imported
banana_0340,banana,114.64,yellow,spring,imported
banana_0341,banana,98.52,yellow,summer,imported
banana_0342,banana,143.91,green,winter,imported
banana_0343,banana,120.39,yellow,winter,imported
banana_0344,banana,87.6,brown,winter,tropical
banana_0345,banana,118.68,brown,summer,imported
banana_0346,banana,110.56,green,summer,imported
banana_0347,banana,171.23,brown,winter,tropical
banana_0348,banana,136.59,green,autumn,imported
banana_0349,banana,121.86,yellow,winter,tropical
banana_0350,banana,179.67,brown,autumn,imported
banana_0351,banana,94.92,yellow,autumn,imported
banana_0352,banana,192.6,green,autumn,tropical
banana_0353,banana,87.98,green,summer,tropical
banana_0354,banana,148.94,yellow,spring,imported
banana_0355,banana,96.77,yellow,spring,tropical
banana_0356,banana,104.2,green,summer,imported
banana_0357,banana,99.71,green,autumn,imported
banana_0358,banana,159.82,brown,autumn,tropical
banana_0359,banana,123.06,brown,winter,imported
banana_0360,banana,127.09,yellow,autumn,tropical
banana_0361,banana,132.7,brown,summer,imported
banana_0362,banana,135.52,brown,autumn,imported
banana_0363,banana,169.71,yellow,winter,tropical
banana_0364,banana,107.87,yellow,autumn,imported
banana_0365,banana,126.07,yellow,summer,tropical
banana_0366,banana,188.78,brown,winter,imported
banana_0367,banana,94.03,green,autumn,imported
banana_0368,banana,155.32,brown,winter,imported
banana_0369,banana,96.71,brown,summer,imported
banana_0370,banana,154.41,brown,spring,imported
banana_0371,banana,187.27,yellow,autumn,tropical
banana_0372,banana,98.2,green,spring,tropical
banana_0373,banana,109.82,green,summer,imported
banana_0374,banana,84.02,brown,autumn,tropical
banana_0375,banana,171.5,green,autumn,tropical
banana_0376,banana,121.05,yellow,spring,tropical
banana_0377,banana,93.28,brown,winter,tropical
banana_0378,banana,95.3,yellow,autumn,tropical
banana_0379,banana,175.68,yellow,winter,tropical
banana_0380,banana,107.51,brown,winter,tropical
banana_0381,banana,166.4,yellow,autumn,tropical
banana_0382,banana,163.27,brown,summer,imported
banana_0383,banana,110.22,yellow,winter,imported
banana_0384,banana,101.79,yellow,summer,tropical
banana_0385,banana,150.01,yellow,summer,imported
banana_0386,banana,135.44,yellow,autumn,tropical
banana_0387,banana,98.4,yellow,autumn,tropical
banana_0388,banana,140.71,yellow,spring,tropical
banana_0389,banana,82.17,brown,summer,imported
banana_0390,banana,191.85,green,autumn,tropical
banana_0391,banana,163.6,green,winter,tropical
banana_0392,banana,164.87,brown,autumn,imported
banana_0393,banana,149.15,brown,summer,tropical
banana_0394,banana,130.9,green,spring,imported
banana_0395,banana,192.12,brown,summer,imported
banana_0396,banana,134.1,brown,spring,tropical
banana_0397,banana,198.18,yellow,autumn,tropical
banana_0398,banana,94.96,yellow,winter,imported
banana_0399,banana,184.39,brown,autumn,imported
banana_0400,banana,150.95,brown,autumn,imported
banana_0401,banana,86.57,brown,spring,tropical
banana_0402,banana,233.35,brown,summer,tropical
banana_0403,banana,127.78,green,spring,tropical
banana_0404,banana,190.38,green,autumn,imported
banana_0405,banana,121.63,green,spring,tropical
banana_0406,banana,134.27,green,spring,imported
banana_0407,banana,134.29,brown,autumn,imported
banana_0408,banana,101.17,yellow,spring,tropical
banana_0409,banana,130.27,yellow,summer,tropical
banana_0410,banana,123.49,green,summer,imported
banana_0411,banana,266.35,yellow,summer,imported
banana_0412,banana,101.36,brown,summer,imported
banana_0413,banana,97.84,green,spring,tropical
banana_0414,banana,90.24,green,autumn,imported
banana_0415,banana,140.26,yellow,winter,tropical
banana_0416,banana,88.05,brown,spring,tropical
banana_0417,banana,105.19,yellow,autumn,imported
banana_0418,banana,104.62,yellow,autumn,tropical
banana_0419,banana,84.39,green,summer,imported
banana_0420,banana,147.78,yellow,winter,imported
banana_0421,banana,173.06,brown,autumn,imported
banana_0422,banana,142.93,green,summer,tropical
banana_0423,banana,128.09,yellow,spring,tropical
banana_0424,banana,98.63,yellow,summer,tropical
banana_0425,banana,183.41,brown,winter,imported
banana_0426,banana,124.8,green,spring,imported
banana_0427,banana,157.28,yellow,autumn,imported
banana_0428,banana,83.05,brown,autumn,tropical
banana_0429,banana,165.92,yellow,winter,tropical
banana_0430,banana,83.25,brown,summer,tropical
banana_0431,banana,107.73,green,spring,imported
banana_0432,banana,82.37,green,spring,imported
banana_0433,banana,175.99,green,winter,tropical
banana_0434,banana,158.33,green,spring,tropical
banana_0435,banana,91.93,green,spring,imported
banana_0436,banana,166.67,yellow,winter,imported
banana_0437,banana,179.63,brown,summer,tropical
banana_0438,banana,160.17,yellow,autumn,tropical
banana_0439,banana,115.18,yellow,autumn,imported
banana_0440,banana,81.56,green,summer,tropical
banana_0441,banana,218.14,green,spring,tropical
banana_0442,banana,149.96,yellow,spring,tropical
banana_0443,banana,187.12,brown,autumn,tropical
banana_0444,banana,121.02,green,summer,imported
banana_0445,banana,125.56,yellow,spring,tropical
banana_0446,banana,112.17,green,spring,imported
banana_0447,banana,129.13,brown,spring,imported
banana_0448,banana,132.34,yellow,spring,tropical
banana_0449,banana,193.81,green,winter,imported
banana_0450,banana,96.81,brown,autumn,tropical
banana_0451,banana,138.49,green,summer,tropical
banana_0452,banana,175.98,green,spring,tropical
banana_0453,banana,82.7,green,autumn,imported
banana_0454,banana,145.0,yellow,autumn,tropical
banana_0455,banana,110.95,yellow,summer,tropical
banana_0456,banana,180.19,green,autumn,tropical
banana_0457,banana,143.08,yellow,summer,tropical
banana_0458,banana,291.43,green,winter,tropical
banana_0459,banana,94.13,brown,winter,tropical
banana_0460,banana,112.89,yellow,spring,imported
banana_0461,banana,158.17,brown,spring,imported
banana_0462,banana,213.69,brown,autumn,tropical
banana_0463,banana,188.0,green,summer,imported
banana_0464,banana,151.69,green,autumn,imported
banana_0465,banana,159.8,brown,summer,imported
banana_0466,banana,189.73,brown,summer,imported
banana_0467,banana,125.98,green,spring,tropical
banana_0468,banana,85.64,yellow,autumn,imported
banana_0469,banana,168.56,yellow,summer,imported
banana_0470,banana,152.38,green,summer,imported
banana_0471,banana,126.72,brown,winter,imported
banana_0472,banana,122.68,brown,spring,tropical
banana_0473,banana,115.65,yellow,spring,tropical
banana_0474,banana,137.13,green,summer,tropical
banana_0475,banana,192.42,yellow,winter,imported
banana_0476,banana,226.23,green,winter,imported
banana_0477,banana,151.41,green,autumn,imported
banana_0478,banana,139.56,green,autumn,tropical
banana_0479,banana,120.11,brown,autumn,tropical
banana_0480,banana,92.79,green,summer,imported
banana_0481,banana,167.38,green,autumn,tropical
banana_0482,banana,162.61,green,summer,tropical
banana_0483,banana,109.57,green,autumn,imported
banana_0484,banana,175.93,yellow,summer,imported
banana_0485,banana,112.66,brown,spring,imported
banana_0486,banana,123.32,yellow,summer,imported
banana_0487,banana,190.08,brown,autumn,tropical
banana_0488,banana,194.03,green,autumn,tropical
banana_0489,banana,102.22,yellow,autumn,imported
banana_0490,banana,184.75,yellow,winter,tropical
banana_0491,banana,176.79,yellow,summer,imported
banana_0492,banana,163.07,yellow,summer,imported
banana_0493,banana,109.96,brown,winter,imported
banana_0494,banana,106.55,yellow,winter,tropical
banana_0495,banana,270.56,brown,winter,imported
banana_0496,banana,191.03,yellow,spring,imported
banana_0497,banana,148.15,brown,winter,imported
banana_0498,banana,84.07,brown,autumn,imported
banana_0499,banana,115.68,yellow,winter,imported
banana_0500,banana,196.53,green,winter,imported
banana_0501,banana,136.91,brown,spring,imported
banana_0502,banana,181.35,green,spring,imported
banana_0503,banana,259.63,yellow,winter,tropical
banana_0504,banana,107.6,green,summer,imported
banana_0505,banana,89.23,green,summer,tropical
banana_0506,banana,120.78,green,summer,tropical
banana_0507,banana,87.84,green,spring,tropical
banana_0508,banana,144.74,green,summer,tropical
banana_0509,banana,118.25,green,autumn,tropical
banana_0510,banana,186.32,green,summer,imported
banana_0511,banana,287.01,brown,autumn,tropical
banana_0512,banana,82.55,green,summer,imported
banana_0513,banana,143.47,yellow,summer,imported
banana_0514,banana,175.85,yellow,autumn,tropical
banana_0515,banana,122.09,yellow,summer,imported
banana_0516,banana,128.23,green,winter,imported
banana_0517,banana,155.3,green,summer,tropical
banana_0518,banana,198.09,yellow,autumn,tropical
banana_0519,banana,130.13,yellow,spring,tropical
banana_0520,banana,168.51,green,winter,imported
banana_0521,banana,93.26,yellow,summer,tropical
banana_0522,banana,114.47,green,spring,tropical
banana_0523,banana,201.79,yellow,spring,tropical
banana_0524,banana,198.53,brown,winter,tropical
banana_0525,banana,126.12,green,spring,tropical
banana_0526,banana,106.19,brown,autumn,tropical
banana_0527,banana,174.36,brown,spring,tropical
banana_0528,banana,130.11,brown,summer,imported
banana_0529,banana,193.37,yellow,summer,imported
banana_0530,banana,153.61,green,summer,imported
banana_0531,banana,198.94,green,autumn,tropical
banana_0532,banana,193.13,green,summer,imported
banana_0533,banana,152.93,yellow,summer,imported
banana_0534,banana,107.68,yellow,summer,imported
banana_0535,banana,106.46,brown,autumn,tropical
banana_0536,banana,173.55,brown,spring,imported
banana_0537,banana,86.94,brown,winter,tropical
banana_0538,banana,186.05,yellow,spring,tropical
banana_0539,banana,199.39,green,winter,tropical
banana_0540,banana,127.55,yellow,summer,imported
banana_0541,banana,163.52,green,spring,imported
banana_0542,banana,177.9,green,summer,tropical
banana_0543,banana,106.86,green,autumn,tropical
banana_0544,banana,151.15,brown,autumn,imported
banana_0545,banana,90.98,yellow,autumn,imported
banana_0546,banana,111.87,green,spring,imported
banana_0547,banana,186.65,green,winter,imported
banana_0548,banana,183.46,brown,spring,imported
banana_0549,banana,158.63,brown,autumn,tropical
banana_0550,banana,90.44,brown,spring,tropical
banana_0551,banana,124.72,green,winter,imported
banana_0552,banana,166.81,green,summer,tropical
banana_0553,banana,89.73,green,autumn,imported
banana_0554,banana,161.99,green,spring,tropical
banana_0555,banana,182.14,brown,spring,imported
banana_0556,banana,137.67,green,summer,imported
banana_0557,banana,178.96,brown,spring,imported
banana_0558,banana,161.36,brown,summer,tropical
banana_0559,banana,112.04,brown,spring,imported
banana_0560,banana,175.69,brown,winter,tropical
banana_0561,banana,182.07,yellow,spring,tropical
banana_0562,banana,165.0,yellow,summer,tropical
banana_0563,banana,163.7,brown,autumn,imported
banana_0564,banana,154.23,green,summer,tropical
banana_0565,banana,99.03,brown,spring,imported
banana_0566,banana,282.58,green,spring,tropical
banana_0567,banana,95.46,brown,winter,imported
banana_0568,banana,169.22,green,autumn,imported
banana_0569,banana,178.16,yellow,summer,tropical
banana_0570,banana,228.7,brown,winter,imported
banana_0571,banana,154.03,brown,spring,tropical
banana_0572,banana,155.82,green,autumn,imported
banana_0573,banana,156.08,yellow,autumn,imported
banana_0574,banana,173.58,yellow,summer,tropical
banana_0575,banana,171.32,yellow,spring,tropical
banana_0576,banana,195.56,brown,spring,tropical
banana_0577,banana,155.91,brown,autumn,imported
banana_0578,banana,92.3,brown,summer,imported
banana_0579,banana,162.55,green,winter,tropical
banana_0580,banana,116.12,green,winter,tropical
banana_0581,banana,88.08,yellow,winter,tropical
banana_0582,banana,121.51,green,summer,imported
banana_0583,banana,85.49,brown,autumn,imported
banana_0584,banana,196.82,brown,winter,tropical
banana_0585,banana,169.96,yellow,autumn,imported
banana_0586,banana,202.21,brown,spring,imported
banana_0587,banana,118.83,green,summer,tropical
banana_0588,banana,172.45,green,summer,imported
banana_0589,banana,133.51,green,autumn,tropical
banana_0590,banana,199.65,brown,winter,tropical
banana_0591,banana,134.17,green,summer,tropical
banana_0592,banana,175.38,brown,winter,imported
banana_0593,banana,106.49,yellow,winter,imported
banana_0594,banana,161.66,brown,winter,imported
banana_0595,banana,112.79,brown,autumn,tropical
banana_0596,banana,98.13,green,winter,imported
banana_0597,banana,193.23,yellow,autumn,tropical
banana_0598,banana,156.62,brown,winter,tropical
banana_0599,banana,112.91,yellow,autumn,tropical
tomato_0000,tomato,152.33,red,summer,local
tomato_0001,tomato,107.49,orange,autumn,local
tomato_0002,tomato,57.78,orange,autumn,local
tomato_0003,tomato,142.13,green,autumn,imported
tomato_0004,tomato,168.3,green,summer,imported
tomato_0005,tomato,96.38,green,autumn,local
tomato_0006,tomato,244.15,orange,summer,local
tomato_0007,tomato,261.2,green,autumn,imported
tomato_0008,tomato,206.56,green,summer,imported
tomato_0009,tomato,58.13,orange,summer,imported
tomato_0010,tomato,204.16,orange,autumn,imported
tomato_0011,tomato,170.38,green,summer,imported
tomato_0012,tomato,81.3,orange,summer,imported
tomato_0013,tomato,157.58,red,autumn,local
tomato_0014,tomato,172.9,green,autumn,local
tomato_0015,tomato,195.49,red,summer,local
tomato_0016,tomato,249.39,green,autumn,imported
tomato_0017,tomato,310.87,red,summer,imported
tomato_0018,tomato,148.12,orange,autumn,local
tomato_0019,tomato,200.01,red,autumn,imported
tomato_0020,tomato,223.75,green,autumn,imported
tomato_0021,tomato,372.08,red,summer,imported
tomato_0022,tomato,76.23,orange,autumn,local
tomato_0023,tomato,296.67,red,autumn,local
tomato_0024,tomato,174.72,red,autumn,imported
tomato_0025,tomato,225.62,orange,autumn,imported
tomato_0026,tomato,52.44,orange,summer,local
tomato_0027,tomato,179.43,green,summer,imported
tomato_0028,tomato,311.79,orange,autumn,imported
tomato_0029,tomato,149.23,green,summer,imported
tomato_0030,tomato,191.89,red,summer,imported
tomato_0031,tomato,250.15,orange,autumn,local
tomato_0032,tomato,91.87,green,autumn,imported
tomato_0033,tomato,209.11,orange,summer,local
tomato_0034,tomato,57.9,red,autumn,imported
tomato_0035,tomato,62.99,green,autumn,local
tomato_0036,tomato,227.27,red,autumn,local
tomato_0037,tomato,228.52,red,summer,local
tomato_0038,tomato,134.86,orange,autumn,imported
tomato_0039,tomato,70.03,orange,autumn,local
tomato_0040,tomato,186.9,orange,summer,imported
tomato_0041,tomato,163.08,orange,autumn,local
tomato_0042,tomato,181.6,green,autumn,imported
tomato_0043,tomato,70.41,orange,autumn,imported
tomato_0044,tomato,111.78,green,summer,imported
tomato_0045,tomato,267.95,green,summer,imported
tomato_0046,tomato,293.97,orange,autumn,local
tomato_0047,tomato,95.53,orange,autumn,imported
tomato_0048,tomato,214.68,orange,summer,local
tomato_0049,tomato,188.84,orange,autumn,local
tomato_0050,tomato,107.11,orange,autumn,local
tomato_0051,tomato,293.7,orange,summer,local
tomato_0052,tomato,99.89,orange,summer,local
tomato_0053,tomato,338.65,red,autumn,imported
tomato_0054,tomato,165.66,green,summer,imported
tomato_0055,tomato,231.79,orange,summer,imported
tomato_0056,tomato,156.37,orange,autumn,local
tomato_0057,tomato,142.76,orange,summer,local
tomato_0058,tomato,60.03,orange,autumn,imported
tomato_0059,tomato,194.67,orange,autumn,imported
tomato_0060,tomato,231.31,red,autumn,imported
tomato_0061,tomato,268.36,orange,autumn,imported
tomato_0062,tomato,155.43,orange,autumn,local
tomato_0063,tomato,198.09,red,autumn,imported
tomato_0064,tomato,102.67,red,autumn,imported
tomato_0065,tomato,207.89,orange,summer,imported
tomato_0066,tomato,82.89,green,autumn,imported
tomato_0067,tomato,277.26,orange,autumn,imported
tomato_0068,tomato,109.39,red,autumn,imported
tomato_0069,tomato,95.24,green,summer,imported
tomato_0070,tomato,173.07,red,autumn,local
tomato_0071,tomato,267.69,green,autumn,imported
tomato_0072,tomato,178.7,orange,autumn,local
tomato_0073,tomato,198.24,red,autumn,imported
tomato_0074,tomato,147.77,red,summer,local
tomato_0075,tomato,114.53,red,summer,local
tomato_0076,tomato,131.3,orange,summer,local
tomato_0077,tomato,82.72,red,autumn,imported
tomato_0078,tomato,163.45,orange,autumn,local
tomato_0079,tomato,68.37,orange,summer,local
tomato_0080,tomato,179.94,orange,summer,imported
tomato_0081,tomato,257.22,orange,autumn,imported
tomato_0082,tomato,112.18,orange,summer,imported
tomato_0083,tomato,226.69,green,autumn,local
tomato_0084,tomato,410.46,red,summer,local
tomato_0085,tomato,215.95,red,autumn,local
tomato_0086,tomato,261.04,red,autumn,imported
tomato_0087,tomato,196.34,red,autumn,local
tomato_0088,tomato,101.46,red,autumn,local
tomato_0089,tomato,117.44,green,autumn,imported
tomato_0090,tomato,182.79,orange,autumn,local
tomato_0091,tomato,59.84,orange,autumn,imported
tomato_0092,tomato,163.05,red,summer,imported
tomato_0093,tomato,129.04,red,autumn,imported
tomato_0094,tomato,60.39,orange,summer,local
tomato_0095,tomato,296.66,orange,autumn,imported
tomato_0096,tomato,51.23,orange,summer,local
tomato_0097,tomato,209.78,orange,autumn,imported
tomato_0098,tomato,163.68,orange,autumn,local
tomato_0099,tomato,172.21,green,summer,local
tomato_0100,tomato,346.19,red,autumn,imported
tomato_0101,tomato,226.17,red,summer,imported
tomato_0102,tomato,218.36,green,summer,imported
tomato_0103,tomato,73.48,green,autumn,imported
tomato_0104,tomato,160.94,orange,summer,imported
tomato_0105,tomato,94.29,orange,autumn,local
tomato_0106,tomato,259.53,red,summer,imported
tomato_0107,tomato,220.81,green,summer,imported
tomato_0108,tomato,204.46,orange,autumn,local
tomato_0109,tomato,439.64,orange,autumn,imported
tomato_0110,tomato,222.38,orange,summer,local
tomato_0111,tomato,103.92,red,autumn,local
tomato_0112,tomato,148.47,green,autumn,imported
tomato_0113,tomato,76.65,orange,autumn,local
tomato_0114,tomato,446.58,red,summer,imported
tomato_0115,tomato,151.73,orange,autumn,local
tomato_0116,tomato,245.6,orange,summer,local
tomato_0117,tomato,234.61,orange,summer,local
tomato_0118,tomato,151.04,red,autumn,imported
tomato_0119,tomato,216.9,red,summer,imported
tomato_0120,tomato,240.57,red,autumn,local
tomato_0121,tomato,158.9,green,summer,imported
tomato_0122,tomato,80.05,green,summer,imported
tomato_0123,tomato,51.44,orange,autumn,local
tomato_0124,tomato,141.62,green,autumn,local
tomato_0125,tomato,223.87,orange,summer,local
tomato_0126,tomato,162.17,red,autumn,imported
tomato_0127,tomato,143.31,orange,summer,local
tomato_0128,tomato,68.3,red,autumn,local
tomato_0129,tomato,217.05,green,autumn,local
tomato_0130,tomato,165.87,red,autumn,imported
tomato_0131,tomato,265.83,green,autumn,imported
tomato_0132,tomato,351.19,green,summer,local
tomato_0133,tomato,145.05,orange,autumn,local
tomato_0134,tomato,195.04,red,autumn,local
tomato_0135,tomato,201.98,orange,summer,local
tomato_0136,tomato,253.25,red,autumn,imported
tomato_0137,tomato,329.37,orange,autumn,imported
tomato_0138,tomato,51.89,red,summer,imported
tomato_0139,tomato,274.51,green,summer,imported
tomato_0140,tomato,281.76,red,summer,local
tomato_0141,tomato,283.61,orange,autumn,local
tomato_0142,tomato,75.36,red,summer,local
tomato_0143,tomato,114.19,red,summer,imported
tomato_0144,tomato,126.82,orange,summer,local
tomato_0145,tomato,184.79,orange,summer,imported
tomato_0146,tomato,202.58,green,summer,local
tomato_0147,tomato,118.16,red,summer,imported
tomato_0148,tomato,80.47,red,autumn,imported
tomato_0149,tomato,220.28,red,autumn,local
tomato_0150,tomato,181.29,orange,summer,imported
tomato_0151,tomato,76.72,green,autumn,local
tomato_0152,tomato,114.14,orange,summer,imported
tomato_0153,tomato,170.89,orange,autumn,local
tomato_0154,tomato,394.97,green,autumn,imported
tomato_0155,tomato,287.85,orange,autumn,imported
tomato_0156,tomato,254.8,red,autumn,imported
tomato_0157,tomato,107.02,red,autumn,local
tomato_0158,tomato,202.75,red,autumn,local
tomato_0159,tomato,259.97,green,summer,imported
tomato_0160,tomato,138.36,green,summer,imported
tomato_0161,tomato,245.13,red,autumn,local
tomato_0162,tomato,255.65,green,summer,imported
tomato_0163,tomato,216.89,green,summer,local
tomato_0164,tomato,205.96,red,autumn,imported
tomato_0165,tomato,196.65,orange,summer,local
tomato_0166,tomato,234.22,red,summer,imported
tomato_0167,tomato,104.18,red,autumn,imported
tomato_0168,tomato,55.91,red,summer,local
tomato_0169,tomato,201.77,orange,summer,imported
tomato_0170,tomato,107.99,red,summer,imported
tomato_0171,tomato,198.62,red,autumn,imported
tomato_0172,tomato,296.95,green,autumn,imported
tomato_0173,tomato,223.79,green,autumn,imported
tomato_0174,tomato,157.05,orange,autumn,imported
tomato_0175,tomato,223.11,red,autumn,imported
tomato_0176,tomato,82.1,red,autumn,imported
tomato_0177,tomato,231.08,green,summer,local
tomato_0178,tomato,118.54,orange,summer,local
tomato_0179,tomato,71.41,green,autumn,imported
tomato_0180,tomato,97.97,red,summer,imported
tomato_0181,tomato,106.66,red,autumn,local
tomato_0182,tomato,67.36,green,autumn,imported
tomato_0183,tomato,66.9,green,autumn,imported
tomato_0184,tomato,108.43,red,autumn,local
tomato_0185,tomato,270.02,red,autumn,local
tomato_0186,tomato,183.24,orange,summer,local
tomato_0187,tomato,133.25,red,summer,local
tomato_0188,tomato,298.53,green,summer,local
tomato_0189,tomato,189.45,red,summer,local
tomato_0190,tomato,166.3,red,autumn,imported
tomato_0191,tomato,190.57,red,autumn,imported
tomato_0192,tomato,93.83,red,summer,imported
tomato_0193,tomato,100.23,red,summer,imported
tomato_0194,tomato,74.17,orange,autumn,local
tomato_0195,tomato,239.04,orange,autumn,local
tomato_0196,tomato,216.23,red,summer,local
tomato_0197,tomato,281.79,red,summer,imported
tomato_0198,tomato,149.83,green,autumn,imported
tomato_0199,tomato,298.12,red,autumn,imported
tomato_0200,tomato,184.99,green,summer,local
tomato_0201,tomato,180.24,green,summer,local
tomato_0202,tomato,72.28,red,autumn,imported
tomato_0203,tomato,81.93,green,autumn,local
tomato_0204,tomato,245.51,orange,summer,local
tomato_0205,tomato,59.04,red,autumn,imported
tomato_0206,tomato,115.78,orange,autumn,local
tomato_0207,tomato,71.91,orange,summer,local
tomato_0208,tomato,188.45,red,autumn,imported
tomato_0209,tomato,149.25,red,summer,imported
tomato_0210,tomato,200.15,orange,summer,local
tomato_0211,tomato,279.85,green,summer,local
tomato_0212,tomato,298.04,orange,summer,imported
tomato_0213,tomato,102.13,red,autumn,local
tomato_0214,tomato,79.09,orange,summer,imported
tomato_0215,tomato,145.16,orange,autumn,imported
tomato_0216,tomato,267.01,orange,summer,local
tomato_0217,tomato,247.51,orange,autumn,local
tomato_0218,tomato,70.23,red,autumn,local
tomato_0219,tomato,93.38,red,autumn,imported
tomato_0220,tomato,136.52,green,summer,imported
tomato_0221,tomato,210.24,green,autumn,local
tomato_0222,tomato,83.13,green,autumn,imported
tomato_0223,tomato,280.69,red,autumn,local
tomato_0224,tomato,201.56,orange,autumn,local
tomato_0225,tomato,93.71,orange,summer,local
tomato_0226,tomato,149.67,green,summer,imported
tomato_0227,tomato,141.88,orange,summer,imported
tomato_0228,tomato,56.45,green,autumn,local
tomato_0229,tomato,290.78,red,summer,imported
tomato_0230,tomato,291.46,green,autumn,imported
tomato_0231,tomato,127.95,red,summer,local
tomato_0232,tomato,159.88,red,autumn,imported
tomato_0233,tomato,210.21,orange,autumn,local
tomato_0234,tomato,204.9,red,summer,imported
tomato_0235,tomato,88.01,orange,summer,imported
tomato_0236,tomato,245.19,green,summer,imported
tomato_0237,tomato,64.54,green,autumn,local
tomato_0238,tomato,64.45,orange,summer,local
tomato_0239,tomato,295.92,orange,autumn,local
tomato_0240,tomato,85.56,red,autumn,imported
tomato_0241,tomato,125.82,green,autumn,local
tomato_0242,tomato,223.04,red,summer,imported
tomato_0243,tomato,177.36,green,autumn,imported
tomato_0244,tomato,253.49,green,summer,imported
tomato_0245,tomato,126.56,green,summer,imported
tomato_0246,tomato,181.76,orange,summer,imported
tomato_0247,tomato,82.68,red,summer,imported
tomato_0248,tomato,162.45,red,autumn,imported
tomato_0249,tomato,141.94,orange,autumn,imported
tomato_0250,tomato,256.88,green,autumn,imported
tomato_0251,tomato,362.42,orange,summer,imported
tomato_0252,tomato,338.97,green,summer,imported
tomato_0253,tomato,240.07,green,summer,imported
tomato_0254,tomato,183.83,green,autumn,imported
tomato_0255,tomato,53.03,orange,summer,imported
tomato_0256,tomato,293.97,green,autumn,imported
tomato_0257,tomato,289.89,green,summer,local
tomato_0258,tomato,77.43,orange,summer,local
tomato_0259,tomato,163.59,orange,autumn,local
tomato_0260,tomato,74.52,green,autumn,local
tomato_0261,tomato,87.51,green,autumn,local
tomato_0262,tomato,234.34,orange,autumn,local
tomato_0263,tomato,143.97,green,summer,imported
tomato_0264,tomato,164.86,green,summer,imported
tomato_0265,tomato,273.02,orange,autumn,imported
tomato_0266,tomato,246.73,orange,autumn,local
tomato_0267,tomato,222.03,green,summer,local
tomato_0268,tomato,113.67,red,autumn,local
tomato_0269,tomato,59.61,orange,summer,imported
tomato_0270,tomato,165.37,green,autumn,local
tomato_0271,tomato,214.84,red,summer,imported
tomato_0272,tomato,209.17,red,summer,imported
tomato_0273,tomato,66.66,green,autumn,imported
tomato_0274,tomato,87.54,orange,summer,imported
tomato_0275,tomato,178.06,red,autumn,local
tomato_0276,tomato,60.42,green,autumn,local
tomato_0277,tomato,229.08,red,summer,imported
tomato_0278,tomato,443.48,green,autumn,imported
tomato_0279,tomato,234.38,red,autumn,imported
tomato_0280,tomato,124.13,green,summer,imported
tomato_0281,tomato,243.66,orange,autumn,imported
tomato_0282,tomato,96.3,red,autumn,local
tomato_0283,tomato,74.6,orange,summer,local
tomato_0284,tomato,241.09,green,summer,local
tomato_0285,tomato,55.24,orange,summer,local
tomato_0286,tomato,291.97,orange,summer,imported
tomato_0287,tomato,242.31,orange,autumn,imported
tomato_0288,tomato,145.48,red,autumn,local
tomato_0289,tomato,80.35,red,autumn,imported
tomato_0290,tomato,243.66,red,summer,imported
tomato_0291,tomato,445.27,orange,autumn,imported
tomato_0292,tomato,249.68,red,summer,local
tomato_0293,tomato,294.99,green,summer,local
tomato_0294,tomato,195.61,orange,summer,imported
tomato_0295,tomato,252.94,green,summer,imported
tomato_0296,tomato,82.02,red,autumn,imported
tomato_0297,tomato,282.02,orange,autumn,imported
tomato_0298,tomato,143.04,orange,autumn,local
tomato_0299,tomato,159.85,green,autumn,imported
tomato_0300,tomato,285.77,orange,summer,imported
tomato_0301,tomato,80.38,orange,summer,local
tomato_0302,tomato,271.73,green,summer,local
tomato_0303,tomato,121.48,green,summer,local
tomato_0304,tomato,265.34,green,summer,imported
tomato_0305,tomato,279.73,green,summer,imported
tomato_0306,tomato,238.76,green,summer,imported
tomato_0307,tomato,260.5,orange,summer,local
tomato_0308,tomato,244.11,green,autumn,local
tomato_0309,tomato,94.36,red,autumn,imported
tomato_0310,tomato,296.17,orange,summer,imported
tomato_0311,tomato,60.79,red,autumn,local
tomato_0312,tomato,82.93,red,autumn,imported
tomato_0313,tomato,254.45,green,autumn,imported
tomato_0314,tomato,176.46,orange,autumn,imported
tomato_0315,tomato,233.2,red,summer,local
tomato_0316,tomato,197.59,red,autumn,local
tomato_0317,tomato,124.39,green,summer,imported
tomato_0318,tomato,222.22,red,autumn,imported
tomato_0319,tomato,209.07,orange,summer,local
tomato_0320,tomato,90.02,green,autumn,local
tomato_0321,tomato,52.33,orange,autumn,local
tomato_0322,tomato,231.62,green,summer,local
tomato_0323,tomato,74.79,green,summer,imported
tomato_0324,tomato,250.02,green,autumn,local
tomato_0325,tomato,188.77,green,summer,local
tomato_0326,tomato,204.0,red,autumn,imported
tomato_0327,tomato,138.85,red,summer,local
tomato_0328,tomato,414.15,red,summer,imported
tomato_0329,tomato,58.83,orange,autumn,local
tomato_0330,tomato,100.62,green,autumn,imported
tomato_0331,tomato,141.99,orange,autumn,local
tomato_0332,tomato,87.22,red,autumn,local
tomato_0333,tomato,269.16,green,summer,local
tomato_0334,tomato,142.08,red,summer,imported
tomato_0335,tomato,230.52,red,autumn,imported
tomato_0336,tomato,198.26,red,autumn,imported
tomato_0337,tomato,153.16,green,autumn,local
tomato_0338,tomato,50.8,orange,summer,imported
tomato_0339,tomato,138.87,orange,autumn,imported
tomato_0340,tomato,73.25,green,autumn,imported
tomato_0341,tomato,170.24,orange,summer,local
tomato_0342,tomato,66.21,orange,autumn,imported
tomato_0343,tomato,190.37,red,autumn,local
tomato_0344,tomato,200.87,green,summer,imported
tomato_0345,tomato,251.25,green,autumn,imported
tomato_0346,tomato,256.26,green,summer,imported
tomato_0347,tomato,69.26,green,summer,local
tomato_0348,tomato,133.56,red,autumn,local
tomato_0349,tomato,226.92,red,summer,imported
tomato_0350,tomato,179.32,green,summer,imported
tomato_0351,tomato,86.86,red,summer,imported
tomato_0352,tomato,158.5,red,autumn,local
tomato_0353,tomato,105.15,orange,autumn,imported
tomato_0354,tomato,233.92,red,autumn,local
tomato_0355,tomato,283.28,red,autumn,imported
tomato_0356,tomato,155.31,orange,summer,imported
tomato_0357,tomato,246.41,orange,summer,local
tomato_0358,tomato,152.48,red,summer,imported
tomato_0359,tomato,145.96,red,summer,local
tomato_0360,tomato,196.94,orange,autumn,local
tomato_0361,tomato,140.56,red,autumn,local
tomato_0362,tomato,424.75,green,summer,imported
tomato_0363,tomato,118.27,red,summer,imported
tomato_0364,tomato,124.68,red,summer,local
tomato_0365,tomato,114.82,green,autumn,imported
tomato_0366,tomato,268.18,red,autumn,local
tomato_0367,tomato,96.53,orange,summer,local
tomato_0368,tomato,164.55,orange,summer,local
tomato_0369,tomato,83.37,green,autumn,local
tomato_0370,tomato,231.98,orange,summer,imported
tomato_0371,tomato,159.21,orange,autumn,local
tomato_0372,tomato,241.38,red,summer,local
tomato_0373,tomato,202.56,red,autumn,imported
tomato_0374,tomato,237.84,green,autumn,local
tomato_0375,tomato,289.15,red,autumn,local
tomato_0376,tomato,64.26,red,autumn,local
tomato_0377,tomato,115.43,orange,autumn,local
tomato_0378,tomato,276.56,orange,summer,imported
tomato_0379,tomato,117.99,green,summer,local
tomato_0380,tomato,162.43,green,autumn,local
tomato_0381,tomato,66.34,red,autumn,local
tomato_0382,tomato,58.4,orange,summer,imported
tomato_0383,tomato,276.61,green,summer,imported
tomato_0384,tomato,183.11,orange,autumn,imported
tomato_0385,tomato,136.84,orange,summer,imported
tomato_0386,tomato,55.46,red,summer,local
tomato_0387,tomato,290.85,red,autumn,local
tomato_0388,tomato,284.21,red,summer,imported
tomato_0389,tomato,154.7,orange,autumn,imported
tomato_0390,tomato,232.71,green,autumn,local
tomato_0391,tomato,114.13,orange,summer,imported
tomato_0392,tomato,99.52,red,autumn,local
tomato_0393,tomato,165.98,orange,summer,local
tomato_0394,tomato,202.13,orange,autumn,imported
tomato_0395,tomato,78.52,orange,summer,imported
tomato_0396,tomato,106.33,orange,autumn,local
tomato_0397,tomato,262.65,red,summer,local
tomato_0398,tomato,180.85,green,summer,imported
tomato_0399,tomato,265.03,orange,summer,imported
tomato_0400,tomato,66.92,orange,summer,local
tomato_0401,tomato,185.88,red,summer,local
tomato_0402,tomato,164.58,red,autumn,imported
tomato_0403,tomato,91.44,orange,autumn,local
tomato_0404,tomato,262.49,green,summer,imported
tomato_0405,tomato,165.57,orange,summer,local
tomato_0406,tomato,212.74,green,autumn,imported
tomato_0407,tomato,65.57,orange,summer,imported
tomato_0408,tomato,251.6,orange,summer,imported
tomato_0409,tomato,62.99,green,autumn,local
tomato_0410,tomato,100.34,green,summer,imported
tomato_0411,tomato,91.18,red,autumn,local
tomato_0412,tomato,239.19,orange,summer,local
tomato_0413,tomato,101.22,orange,summer,local
tomato_0414,tomato,269.9,red,summer,local
tomato_0415,tomato,109.7,green,autumn,imported
tomato_0416,tomato,296.25,red,summer,local
tomato_0417,tomato,56.79,orange,autumn,local
tomato_0418,tomato,165.98,green,summer,imported
tomato_0419,tomato,184.68,orange,autumn,imported
tomato_0420,tomato,76.37,red,autumn,local
tomato_0421,tomato,255.53,orange,summer,local
tomato_0422,tomato,243.9,red,summer,imported
tomato_0423,tomato,100.94,red,autumn,imported
tomato_0424,tomato,121.78,green,autumn,local
tomato_0425,tomato,194.4,orange,autumn,local
tomato_0426,tomato,249.48,green,summer,imported
tomato_0427,tomato,278.77,orange,autumn,local
tomato_0428,tomato,89.49,green,autumn,imported
tomato_0429,tomato,248.32,red,summer,local
tomato_0430,tomato,264.29,red,autumn,local
tomato_0431,tomato,119.23,red,autumn,local
tomato_0432,tomato,85.18,green,summer,imported
tomato_0433,tomato,96.06,orange,autumn,local
tomato_0434,tomato,213.57,red,summer,imported
tomato_0435,tomato,160.08,green,summer,local
tomato_0436,tomato,70.87,orange,autumn,local
tomato_0437,tomato,250.9,red,summer,imported
tomato_0438,tomato,291.78,orange,autumn,imported
tomato_0439,tomato,296.03,orange,summer,local
tomato_0440,tomato,208.67,orange,summer,imported
tomato_0441,tomato,270.48,red,summer,imported
tomato_0442,tomato,383.96,orange,summer,local
tomato_0443,tomato,181.85,green,autumn,imported
tomato_0444,tomato,272.56,green,autumn,imported
tomato_0445,tomato,232.87,green,autumn,local
tomato_0446,tomato,264.54,red,summer,local
tomato_0447,tomato,185.2,orange,summer,local
tomato_0448,tomato,128.59,red,summer,imported
tomato_0449,tomato,255.41,green,autumn,imported
tomato_0450,tomato,139.45,red,autumn,local
tomato_0451,tomato,257.06,green,autumn,imported
tomato_0452,tomato,93.44,green,summer,local
tomato_0453,tomato,256.49,red,autumn,local
tomato_0454,tomato,109.97,red,autumn,local
tomato_0455,tomato,136.99,red,summer,imported
tomato_0456,tomato,237.21,green,summer,imported
tomato_0457,tomato,205.23,green,summer,local
tomato_0458,tomato,260.36,green,autumn,local
tomato_0459,tomato,294.78,red,autumn,local
tomato_0460,tomato,81.57,red,summer,local
tomato_0461,tomato,131.28,red,summer,local
tomato_0462,tomato,67.41,red,autumn,imported
tomato_0463,tomato,263.93,orange,summer,imported
tomato_0464,tomato,259.26,red,summer,local
tomato_0465,tomato,210.72,red,autumn,local
tomato_0466,tomato,178.16,red,autumn,local
tomato_0467,tomato,345.59,red,autumn,local
tomato_0468,tomato,213.29,red,autumn,imported
tomato_0469,tomato,267.8,green,summer,imported
tomato_0470,tomato,247.11,orange,autumn,local
tomato_0471,tomato,115.07,green,summer,local
tomato_0472,tomato,217.68,green,autumn,imported
tomato_0473,tomato,77.75,red,summer,local
tomato_0474,tomato,165.09,orange,autumn,imported
tomato_0475,tomato,186.66,green,autumn,local
tomato_0476,tomato,294.2,red,autumn,imported
tomato_0477,tomato,410.99,red,autumn,local
tomato_0478,tomato,279.52,orange,summer,local
tomato_0479,tomato,264.59,green,autumn,imported
tomato_0480,tomato,277.69,orange,autumn,imported
tomato_0481,tomato,444.42,orange,autumn,imported
tomato_0482,tomato,231.67,green,summer,local
tomato_0483,tomato,257.35,green,summer,local
tomato_0484,tomato,268.19,green,summer,imported
tomato_0485,tomato,225.92,orange,autumn,local
tomato_0486,tomato,74.13,red,summer,local
tomato_0487,tomato,53.1,orange,summer,imported
tomato_0488,tomato,125.32,orange,summer,local
tomato_0489,tomato,124.31,orange,autumn,imported
tomato_0490,tomato,435.43,red,summer,local
tomato_0491,tomato,263.07,orange,autumn,imported
tomato_0492,tomato,198.31,orange,summer,imported
tomato_0493,tomato,96.33,orange,summer,local
tomato_0494,tomato,109.88,green,autumn,local
tomato_0495,tomato,58.67,green,summer,local
tomato_0496,tomato,298.86,red,summer,local
tomato_0497,tomato,180.36,red,autumn,local
tomato_0498,tomato,257.84,green,summer,local
tomato_0499,tomato,78.73,green,summer,imported
tomato_0500,tomato,277.41,red,summer,local
tomato_0501,tomato,257.32,orange,summer,local
tomato_0502,tomato,192.94,orange,autumn,local
tomato_0503,tomato,157.61,green,autumn,local
tomato_0504,tomato,158.65,green,autumn,imported
tomato_0505,tomato,200.48,red,summer,imported
tomato_0506,tomato,160.85,orange,autumn,imported
tomato_0507,tomato,207.83,red,autumn,local
tomato_0508,tomato,225.66,orange,summer,imported
tomato_0509,tomato,178.09,green,autumn,local
tomato_0510,tomato,146.13,red,summer,imported
tomato_0511,tomato,213.06,orange,summer,local
tomato_0512,tomato,200.16,orange,autumn,local
tomato_0513,tomato,176.57,orange,summer,imported
tomato_0514,tomato,67.73,red,autumn,local
tomato_0515,tomato,140.46,red,autumn,imported
tomato_0516,tomato,61.41,red,summer,imported
tomato_0517,tomato,119.2,green,summer,imported
tomato_0518,tomato,132.84,red,summer,local
tomato_0519,tomato,99.02,green,autumn,local
tomato_0520,tomato,120.17,orange,summer,local
tomato_0521,tomato,301.15,green,autumn,imported
tomato_0522,tomato,316.2,red,autumn,imported
tomato_0523,tomato,134.72,green,autumn,imported
tomato_0524,tomato,193.01,red,autumn,local
tomato_0525,tomato,123.37,red,autumn,local
tomato_0526,tomato,149.25,red,autumn,local
tomato_0527,tomato,204.27,green,autumn,local
tomato_0528,tomato,136.31,red,autumn,local
tomato_0529,tomato,268.56,green,summer,local
tomato_0530,tomato,225.56,orange,summer,imported
tomato_0531,tomato,82.87,orange,autumn,local
tomato_0532,tomato,148.64,green,summer,imported
tomato_0533,tomato,152.76,red,summer,local
tomato_0534,tomato,228.51,green,summer,local
tomato_0535,tomato,127.34,green,autumn,imported
tomato_0536,tomato,288.77,green,summer,local
tomato_0537,tomato,50.39,red,autumn,imported
tomato_0538,tomato,62.78,red,summer,imported
tomato_0539,tomato,64.88,red,autumn,local
tomato_0540,tomato,221.65,green,autumn,local
tomato_0541,tomato,145.96,red,summer,local
tomato_0542,tomato,142.26,red,autumn,local
tomato_0543,tomato,154.74,green,summer,imported
tomato_0544,tomato,67.75,green,autumn,imported
tomato_0545,tomato,138.69,orange,autumn,local
tomato_0546,tomato,217.14,orange,autumn,local
tomato_0547,tomato,140.48,green,autumn,imported
tomato_0548,tomato,52.53,red,autumn,local
tomato_0549,tomato,278.32,green,autumn,imported
tomato_0550,tomato,268.42,green,summer,imported
tomato_0551,tomato,80.14,orange,summer,local
tomato_0552,tomato,66.61,orange,summer,local
tomato_0553,tomato,363.31,orange,autumn,imported
tomato_0554,tomato,123.76,orange,summer,local
tomato_0555,tomato,318.45,green,autumn,imported
tomato_0556,tomato,189.66,orange,summer,imported
tomato_0557,tomato,232.29,green,summer,imported
tomato_0558,tomato,261.4,orange,summer,local
tomato_0559,tomato,157.48,red,autumn,local
tomato_0560,tomato,118.85,red,summer,local
tomato_0561,tomato,247.25,red,summer,imported
tomato_0562,tomato,249.6,red,autumn,local
tomato_0563,tomato,264.39,orange,summer,imported
tomato_0564,tomato,157.75,green,summer,local
tomato_0565,tomato,195.55,green,autumn,imported
tomato_0566,tomato,200.27,green,autumn,local
tomato_0567,tomato,222.1,orange,autumn,local
tomato_0568,tomato,91.72,green,summer,local
tomato_0569,tomato,85.65,orange,summer,local
tomato_0570,tomato,136.47,orange,summer,imported
tomato_0571,tomato,56.36,orange,autumn,imported
tomato_0572,tomato,209.23,green,autumn,imported
tomato_0573,tomato,67.93,orange,autumn,local
tomato_0574,tomato,127.8,red,autumn,imported
tomato_0575,tomato,201.44,red,autumn,local
tomato_0576,tomato,104.47,green,autumn,local
tomato_0577,tomato,163.5,red,autumn,imported
tomato_0578,tomato,85.14,green,summer,imported
tomato_0579,tomato,56.88,green,autumn,imported
tomato_0580,tomato,291.0,green,summer,local
tomato_0581,tomato,358.2,red,autumn,imported
tomato_0582,tomato,413.43,green,autumn,imported
tomato_0583,tomato,164.63,orange,summer,local
tomato_0584,tomato,275.02,green,summer,imported
tomato_0585,tomato,288.98,orange,autumn,imported
tomato_0586,tomato,272.1,red,summer,local
tomato_0587,tomato,256.68,green,autumn,local
tomato_0588,tomato,122.1,orange,summer,local
tomato_0589,tomato,147.37,red,summer,local
tomato_0590,tomato,135.1,red,summer,imported
tomato_0591,tomato,88.54,red,autumn,local
tomato_0592,tomato,185.43,green,autumn,imported
tomato_0593,tomato,258.41,orange,autumn,local
tomato_0594,tomato,125.58,orange,summer,local
tomato_0595,tomato,98.66,green,autumn,imported
tomato_0596,tomato,135.61,red,autumn,imported
tomato_0597,tomato,291.6,green,summer,imported
tomato_0598,tomato,136.82,orange,summer,imported
tomato_0599,tomato,84.8,red,autumn,local
cucumber_0000,cucumber,287.87,green,autumn,local
cucumber_0001,cucumber,220.53,green,autumn,local
cucumber_0002,cucumber,364.09,yellow,summer,imported
cucumber_0003,cucumber,270.81,yellow,spring,local
cucumber_0004,cucumber,160.39,yellow,summer,imported
cucumber_0005,cucumber,111.84,green,autumn,local
cucumber_0006,cucumber,262.91,yellow,summer,local
cucumber_0007,cucumber,389.21,white,autumn,imported
cucumber_0008,cucumber,316.64,yellow,autumn,imported
cucumber_0009,cucumber,360.99,white,spring,imported
cucumber_0010,cucumber,337.15,white,spring,local
cucumber_0011,cucumber,338.26,white,spring,imported
cucumber_0012,cucumber,363.13,yellow,summer,local
cucumber_0013,cucumber,144.64,yellow,autumn,imported
cucumber_0014,cucumber,394.3,yellow,autumn,imported
cucumber_0015,cucumber,359.06,white,autumn,local
cucumber_0016,cucumber,212.6,white,summer,imported
cucumber_0017,cucumber,160.97,white,autumn,imported
cucumber_0018,cucumber,215.96,white,spring,imported
cucumber_0019,cucumber,247.7,green,summer,local
cucumber_0020,cucumber,359.67,green,autumn,imported
cucumber_0021,cucumber,222.28,yellow,spring,local
cucumber_0022,cucumber,329.36,yellow,summer,imported
cucumber_0023,cucumber,386.81,white,spring,imported
cucumber_0024,cucumber,132.78,white,spring,local
cucumber_0025,cucumber,231.74,yellow,autumn,local
cucumber_0026,cucumber,367.93,white,autumn,local
cucumber_0027,cucumber,365.04,yellow,autumn,imported
cucumber_0028,cucumber,253.13,yellow,spring,imported
cucumber_0029,cucumber,495.37,green,autumn,local
cucumber_0030,cucumber,306.32,white,summer,imported
cucumber_0031,cucumber,307.76,green,autumn,imported
cucumber_0032,cucumber,189.82,yellow,autumn,local
cucumber_0033,cucumber,341.33,yellow,spring,local
cucumber_0034,cucumber,163.21,green,spring,local
cucumber_0035,cucumber,102.66,yellow,spring,imported
cucumber_0036,cucumber,303.05,white,spring,imported
cucumber_0037,cucumber,547.57,yellow,spring,imported
cucumber_0038,cucumber,350.24,green,spring,local
cucumber_0039,cucumber,142.86,yellow,autumn,local
cucumber_0040,cucumber,330.68,white,summer,local
cucumber_0041,cucumber,329.83,yellow,spring,imported
cucumber_0042,cucumber,284.08,white,summer,local
cucumber_0043,cucumber,246.29,green,summer,imported
cucumber_0044,cucumber,222.26,white,autumn,imported
cucumber_0045,cucumber,119.8,green,spring,local
cucumber_0046,cucumber,133.3,green,spring,imported
cucumber_0047,cucumber,384.31,yellow,summer,imported
cucumber_0048,cucumber,386.53,yellow,summer,local
cucumber_0049,cucumber,189.87,white,spring,local
cucumber_0050,cucumber,250.19,green,autumn,local
cucumber_0051,cucumber,312.13,white,summer,local
cucumber_0052,cucumber,121.87,yellow,spring,imported
cucumber_0053,cucumber,188.59,white,spring,imported
cucumber_0054,cucumber,184.3,white,summer,local
cucumber_0055,cucumber,378.77,yellow,summer,imported
cucumber_0056,cucumber,371.83,green,spring,local
cucumber_0057,cucumber,242.93,green,autumn,local
cucumber_0058,cucumber,292.14,yellow,autumn,local
cucumber_0059,cucumber,281.05,green,autumn,imported
cucumber_0060,cucumber,294.35,white,summer,local
cucumber_0061,cucumber,366.6,white,autumn,imported
cucumber_0062,cucumber,234.8,green,summer,local
cucumber_0063,cucumber,287.44,white,spring,imported
cucumber_0064,cucumber,304.79,yellow,autumn,imported
cucumber_0065,cucumber,314.19,white,autumn,local
cucumber_0066,cucumber,341.19,white,spring,imported
cucumber_0067,cucumber,256.05,green,summer,imported
cucumber_0068,cucumber,332.6,green,summer,local
cucumber_0069,cucumber,249.01,yellow,summer,local
cucumber_0070,cucumber,140.15,yellow,summer,local
cucumber_0071,cucumber,116.3,green,spring,local
cucumber_0072,cucumber,502.23,white,autumn,imported
cucumber_0073,cucumber,114.06,yellow,autumn,local
cucumber_0074,cucumber,312.09,yellow,summer,local
cucumber_0075,cucumber,449.36,yellow,summer,local
cucumber_0076,cucumber,322.27,yellow,summer,imported
cucumber_0077,cucumber,130.57,white,spring,local
cucumber_0078,cucumber,181.12,yellow,spring,imported
cucumber_0079,cucumber,194.0,yellow,summer,local
cucumber_0080,cucumber,367.56,yellow,autumn,local
cucumber_0081,cucumber,372.98,white,spring,local
cucumber_0082,cucumber,389.22,yellow,autumn,imported
cucumber_0083,cucumber,306.11,yellow,autumn,local
cucumber_0084,cucumber,216.29,white,summer,local
cucumber_0085,cucumber,433.39,white,summer,local
cucumber_0086,cucumber,313.91,white,summer,local
cucumber_0087,cucumber,389.81,white,autumn,local
cucumber_0088,cucumber,385.23,white,autumn,imported
cucumber_0089,cucumber,189.42,white,summer,local
cucumber_0090,cucumber,334.55,yellow,spring,local
cucumber_0091,cucumber,114.46,yellow,spring,imported
cucumber_0092,cucumber,387.04,green,summer,local
cucumber_0093,cucumber,229.82,yellow,summer,local
cucumber_0094,cucumber,162.66,yellow,autumn,imported
cucumber_0095,cucumber,210.94,green,summer,local
cucumber_0096,cucumber,330.27,yellow,autumn,local
cucumber_0097,cucumber,346.65,white,autumn,local
cucumber_0098,cucumber,163.6,white,spring,imported
cucumber_0099,cucumber,241.68,white,summer,local
cucumber_0100,cucumber,164.72,green,summer,imported
cucumber_0101,cucumber,282.33,white,autumn,imported
cucumber_0102,cucumber,140.98,white,autumn,local
cucumber_0103,cucumber,321.58,green,summer,local
cucumber_0104,cucumber,293.45,green,autumn,local
cucumber_0105,cucumber,313.96,white,spring,imported
cucumber_0106,cucumber,367.06,yellow,spring,local
cucumber_0107,cucumber,210.34,white,spring,local
cucumber_0108,cucumber,133.45,green,spring,imported
cucumber_0109,cucumber,180.28,white,spring,imported
cucumber_0110,cucumber,104.41,yellow,spring,imported
cucumber_0111,cucumber,424.87,yellow,summer,local
cucumber_0112,cucumber,224.09,green,autumn,local
cucumber_0113,cucumber,221.29,green,summer,imported
cucumber_0114,cucumber,492.82,yellow,spring,imported
cucumber_0115,cucumber,389.05,green,autumn,imported
cucumber_0116,cucumber,303.26,white,autumn,local
cucumber_0117,cucumber,332.2,yellow,autumn,local
cucumber_0118,cucumber,256.39,white,spring,local
cucumber_0119,cucumber,554.03,white,spring,local
cucumber_0120,cucumber,342.15,green,spring,imported
cucumber_0121,cucumber,458.66,green,autumn,local
cucumber_0122,cucumber,331.94,yellow,spring,local
cucumber_0123,cucumber,204.43,white,autumn,local
cucumber_0124,cucumber,100.41,white,spring,imported
cucumber_0125,cucumber,293.94,green,autumn,local
cucumber_0126,cucumber,579.71,green,autumn,local
cucumber_0127,cucumber,334.96,yellow,spring,imported
cucumber_0128,cucumber,237.4,green,summer,imported
cucumber_0129,cucumber,190.87,white,summer,imported
cucumber_0130,cucumber,168.47,white,summer,local
cucumber_0131,cucumber,245.22,yellow,autumn,imported
cucumber_0132,cucumber,242.14,white,summer,local
cucumber_0133,cucumber,387.34,white,spring,imported
cucumber_0134,cucumber,335.56,green,spring,imported
cucumber_0135,cucumber,263.34,white,summer,imported
cucumber_0136,cucumber,122.68,yellow,autumn,local
cucumber_0137,cucumber,167.61,green,spring,imported
cucumber_0138,cucumber,142.24,green,autumn,local
cucumber_0139,cucumber,334.4,green,autumn,imported
cucumber_0140,cucumber,144.09,yellow,autumn,local
cucumber_0141,cucumber,290.79,yellow,autumn,imported
cucumber_0142,cucumber,302.24,white,spring,local
cucumber_0143,cucumber,203.56,green,spring,imported
cucumber_0144,cucumber,187.15,yellow,autumn,imported
cucumber_0145,cucumber,367.04,yellow,autumn,imported
cucumber_0146,cucumber,118.66,yellow,spring,local
cucumber_0147,cucumber,102.35,green,autumn,local
cucumber_0148,cucumber,234.3,green,spring,imported
cucumber_0149,cucumber,387.38,yellow,spring,imported
cucumber_0150,cucumber,172.57,yellow,summer,local
cucumber_0151,cucumber,303.89,green,spring,local
cucumber_0152,cucumber,182.41,yellow,autumn,imported
cucumber_0153,cucumber,237.9,green,spring,local
cucumber_0154,cucumber,433.15,green,summer,imported
cucumber_0155,cucumber,233.66,green,spring,local
cucumber_0156,cucumber,114.99,yellow,spring,local
cucumber_0157,cucumber,394.36,white,summer,local
cucumber_0158,cucumber,356.14,white,spring,local
cucumber_0159,cucumber,388.19,white,summer,local
cucumber_0160,cucumber,385.43,yellow,spring,imported
cucumber_0161,cucumber,313.52,yellow,summer,local
cucumber_0162,cucumber,270.86,yellow,summer,local
cucumber_0163,cucumber,231.1,white,autumn,imported
cucumber_0164,cucumber,121.92,yellow,spring,imported
cucumber_0165,cucumber,394.35,yellow,autumn,local
cucumber_0166,cucumber,337.78,white,spring,imported
cucumber_0167,cucumber,383.11,white,spring,local
cucumber_0168,cucumber,256.44,green,spring,imported
cucumber_0169,cucumber,327.19,yellow,autumn,imported
cucumber_0170,cucumber,243.07,yellow,autumn,local
cucumber_0171,cucumber,174.2,green,summer,imported
cucumber_0172,cucumber,299.98,yellow,spring,local
cucumber_0173,cucumber,269.53,yellow,autumn,local
cucumber_0174,cucumber,401.81,yellow,autumn,imported
cucumber_0175,cucumber,207.11,yellow,summer,imported
cucumber_0176,cucumber,168.6,yellow,spring,imported
cucumber_0177,cucumber,166.62,yellow,autumn,imported
cucumber_0178,cucumber,354.41,white,summer,local
cucumber_0179,cucumber,128.62,green,spring,local
cucumber_0180,cucumber,108.75,green,autumn,local
cucumber_0181,cucumber,298.73,green,spring,local
cucumber_0182,cucumber,186.67,white,autumn,imported
cucumber_0183,cucumber,375.86,green,summer,imported
cucumber_0184,cucumber,113.47,green,autumn,local
cucumber_0185,cucumber,211.52,white,spring,local
cucumber_0186,cucumber,326.28,yellow,autumn,local
cucumber_0187,cucumber,385.28,yellow,autumn,imported
cucumber_0188,cucumber,207.14,green,autumn,imported
cucumber_0189,cucumber,175.3,yellow,autumn,local
cucumber_0190,cucumber,207.57,white,spring,imported
cucumber_0191,cucumber,172.12,yellow,spring,local
cucumber_0192,cucumber,375.47,green,autumn,imported
cucumber_0193,cucumber,251.79,green,autumn,imported
cucumber_0194,cucumber,435.04,green,autumn,imported
cucumber_0195,cucumber,360.03,yellow,autumn,local
cucumber_0196,cucumber,385.14,yellow,summer,imported
cucumber_0197,cucumber,230.98,white,summer,local
cucumber_0198,cucumber,255.01,green,summer,local
cucumber_0199,cucumber,184.75,white,summer,imported
cucumber_0200,cucumber,368.23,white,autumn,imported
cucumber_0201,cucumber,367.77,green,summer,imported
cucumber_0202,cucumber,334.11,green,spring,imported
cucumber_0203,cucumber,249.26,yellow,summer,local
cucumber_0204,cucumber,277.34,green,spring,local
cucumber_0205,cucumber,199.47,yellow,autumn,imported
cucumber_0206,cucumber,162.12,white,autumn,imported
cucumber_0207,cucumber,120.7,green,autumn,imported
cucumber_0208,cucumber,252.08,yellow,summer,local
cucumber_0209,cucumber,343.26,yellow,summer,local
cucumber_0210,cucumber,199.66,white,autumn,imported
cucumber_0211,cucumber,331.34,green,spring,local
cucumber_0212,cucumber,145.48,green,autumn,imported
cucumber_0213,cucumber,261.73,white,spring,imported
cucumber_0214,cucumber,425.57,green,autumn,imported
cucumber_0215,cucumber,483.31,yellow,autumn,local
cucumber_0216,cucumber,256.75,green,autumn,imported
cucumber_0217,cucumber,391.92,white,summer,local
cucumber_0218,cucumber,191.26,green,autumn,imported
cucumber_0219,cucumber,545.87,white,summer,imported
cucumber_0220,cucumber,390.05,white,autumn,imported
cucumber_0221,cucumber,298.91,green,autumn,imported
cucumber_0222,cucumber,354.53,yellow,autumn,imported
cucumber_0223,cucumber,190.88,white,summer,imported
cucumber_0224,cucumber,313.79,yellow,summer,imported
cucumber_0225,cucumber,154.48,yellow,summer,local
cucumber_0226,cucumber,370.58,green,autumn,local
cucumber_0227,cucumber,395.46,yellow,summer,local
cucumber_0228,cucumber,217.96,yellow,autumn,local
cucumber_0229,cucumber,298.3,yellow,spring,local
cucumber_0230,cucumber,263.35,green,autumn,imported
cucumber_0231,cucumber,150.2,yellow,summer,local
cucumber_0232,cucumber,275.13,green,spring,imported
cucumber_0233,cucumber,112.73,green,summer,local
cucumber_0234,cucumber,280.47,green,summer,imported
cucumber_0235,cucumber,314.33,yellow,summer,local
cucumber_0236,cucumber,130.75,white,spring,imported
cucumber_0237,cucumber,252.67,white,autumn,imported
cucumber_0238,cucumber,379.88,white,spring,local
cucumber_0239,cucumber,309.16,white,autumn,local
cucumber_0240,cucumber,238.51,yellow,summer,local
cucumber_0241,cucumber,308.38,yellow,autumn,local
cucumber_0242,cucumber,358.51,yellow,summer,imported
cucumber_0243,cucumber,342.12,yellow,summer,imported
cucumber_0244,cucumber,203.6,yellow,spring,local
cucumber_0245,cucumber,393.56,white,spring,imported
cucumber_0246,cucumber,310.35,white,autumn,local
cucumber_0247,cucumber,268.62,white,summer,local
cucumber_0248,cucumber,248.88,green,autumn,imported
cucumber_0249,cucumber,148.91,yellow,spring,local
cucumber_0250,cucumber,320.33,white,autumn,imported
cucumber_0251,cucumber,107.56,green,autumn,local
cucumber_0252,cucumber,103.43,green,summer,local
cucumber_0253,cucumber,391.08,yellow,autumn,imported
cucumber_0254,cucumber,170.49,yellow,autumn,local
cucumber_0255,cucumber,345.14,white,summer,imported
cucumber_0256,cucumber,390.11,green,spring,local
cucumber_0257,cucumber,251.44,green,summer,local
cucumber_0258,cucumber,358.79,yellow,spring,local
cucumber_0259,cucumber,340.0,green,summer,local
cucumber_0260,cucumber,218.97,yellow,spring,local
cucumber_0261,cucumber,359.59,white,autumn,local
cucumber_0262,cucumber,192.94,white,summer,local
cucumber_0263,cucumber,361.42,yellow,autumn,imported
cucumber_0264,cucumber,339.0,white,spring,local
cucumber_0265,cucumber,287.46,yellow,autumn,local
cucumber_0266,cucumber,349.85,green,spring,local
cucumber_0267,cucumber,103.65,green,spring,imported
cucumber_0268,cucumber,115.55,white,spring,imported
cucumber_0269,cucumber,186.29,yellow,autumn,local
cucumber_0270,cucumber,205.89,yellow,autumn,imported
cucumber_0271,cucumber,200.21,white,spring,local
cucumber_0272,cucumber,221.36,green,spring,local
cucumber_0273,cucumber,335.13,green,autumn,imported
cucumber_0274,cucumber,229.83,white,spring,local
cucumber_0275,cucumber,199.74,yellow,autumn,imported
cucumber_0276,cucumber,212.18,white,spring,imported
cucumber_0277,cucumber,292.52,white,spring,imported
cucumber_0278,cucumber,289.68,yellow,summer,local
cucumber_0279,cucumber,225.5,yellow,autumn,local
cucumber_0280,cucumber,130.41,white,summer,local
cucumber_0281,cucumber,182.9,white,autumn,local
cucumber_0282,cucumber,394.11,yellow,summer,local
cucumber_0283,cucumber,255.61,yellow,autumn,local
cucumber_0284,cucumber,391.2,yellow,autumn,imported
cucumber_0285,cucumber,221.08,yellow,summer,local
cucumber_0286,cucumber,311.37,yellow,spring,imported
cucumber_0287,cucumber,203.96,yellow,summer,imported
cucumber_0288,cucumber,179.28,white,summer,imported
cucumber_0289,cucumber,244.91,green,spring,local
cucumber_0290,cucumber,186.24,white,spring,local
cucumber_0291,cucumber,390.56,yellow,summer,local
cucumber_0292,cucumber,123.09,yellow,summer,imported
cucumber_0293,cucumber,385.43,green,summer,local
cucumber_0294,cucumber,127.62,yellow,autumn,imported
cucumber_0295,cucumber,287.09,white,summer,local
cucumber_0296,cucumber,593.0,white,summer,local
cucumber_0297,cucumber,175.27,white,spring,local
cucumber_0298,cucumber,311.99,green,autumn,local
cucumber_0299,cucumber,193.87,yellow,spring,imported
cucumber_0300,cucumber,279.3,white,spring,local
cucumber_0301,cucumber,384.02,green,autumn,imported
cucumber_0302,cucumber,146.45,green,autumn,imported
cucumber_0303,cucumber,320.96,yellow,spring,local
cucumber_0304,cucumber,160.79,white,autumn,imported
cucumber_0305,cucumber,310.34,white,autumn,local
cucumber_0306,cucumber,516.59,yellow,spring,imported
cucumber_0307,cucumber,175.93,green,autumn,imported
cucumber_0308,cucumber,387.27,white,spring,imported
cucumber_0309,cucumber,351.94,white,autumn,local
cucumber_0310,cucumber,301.74,yellow,summer,imported
cucumber_0311,cucumber,486.72,green,summer,local
cucumber_0312,cucumber,127.79,yellow,autumn,imported
cucumber_0313,cucumber,374.36,green,summer,local
cucumber_0314,cucumber,177.61,green,spring,local
cucumber_0315,cucumber,517.89,yellow,summer,imported
cucumber_0316,cucumber,283.99,white,autumn,local
cucumber_0317,cucumber,172.61,white,autumn,imported
cucumber_0318,cucumber,127.42,white,summer,local
cucumber_0319,cucumber,363.24,yellow,spring,local
cucumber_0320,cucumber,104.12,green,summer,local
cucumber_0321,cucumber,164.32,yellow,autumn,local
cucumber_0322,cucumber,174.27,green,autumn,local
cucumber_0323,cucumber,237.68,yellow,summer,local
cucumber_0324,cucumber,282.02,green,spring,local
cucumber_0325,cucumber,124.34,yellow,spring,local
cucumber_0326,cucumber,351.55,yellow,autumn,imported
cucumber_0327,cucumber,346.9,green,summer,imported
cucumber_0328,cucumber,263.28,yellow,spring,imported
cucumber_0329,cucumber,285.04,green,summer,imported
cucumber_0330,cucumber,321.38,yellow,summer,local
cucumber_0331,cucumber,120.54,yellow,autumn,imported
cucumber_0332,cucumber,376.23,green,autumn,imported
cucumber_0333,cucumber,261.5,white,autumn,local
cucumber_0334,cucumber,210.53,green,spring,imported
cucumber_0335,cucumber,299.94,green,summer,local
cucumber_0336,cucumber,236.3,green,autumn,imported
cucumber_0337,cucumber,174.52,green,autumn,local
cucumber_0338,cucumber,228.28,green,spring,local
cucumber_0339,cucumber,294.8,yellow,autumn,local
cucumber_0340,cucumber,119.2,green,spring,local
cucumber_0341,cucumber,187.71,yellow,autumn,local
cucumber_0342,cucumber,106.57,yellow,autumn,imported
cucumber_0343,cucumber,250.79,yellow,spring,imported
cucumber_0344,cucumber,247.33,green,autumn,imported
cucumber_0345,cucumber,131.62,green,spring,imported
cucumber_0346,cucumber,222.9,white,autumn,local
cucumber_0347,cucumber,178.07,white,summer,imported
cucumber_0348,cucumber,148.14,white,summer,local
cucumber_0349,cucumber,155.69,white,autumn,imported
cucumber_0350,cucumber,364.51,white,summer,local
cucumber_0351,cucumber,305.54,yellow,autumn,local
cucumber_0352,cucumber,186.76,yellow,autumn,local
cucumber_0353,cucumber,174.99,yellow,summer,imported
cucumber_0354,cucumber,260.67,yellow,summer,imported
cucumber_0355,cucumber,206.14,white,spring,local
cucumber_0356,cucumber,336.79,green,spring,imported
cucumber_0357,cucumber,374.14,white,autumn,imported
cucumber_0358,cucumber,198.02,yellow,spring,imported
cucumber_0359,cucumber,251.69,yellow,spring,local
cucumber_0360,cucumber,362.9,white,autumn,imported
cucumber_0361,cucumber,217.82,green,spring,imported
cucumber_0362,cucumber,250.94,white,spring,imported
cucumber_0363,cucumber,357.65,yellow,spring,local
cucumber_0364,cucumber,351.37,yellow,summer,local
cucumber_0365,cucumber,324.51,white,autumn,local
cucumber_0366,cucumber,283.16,green,summer,imported
cucumber_0367,cucumber,302.09,white,autumn,local
cucumber_0368,cucumber,308.18,green,spring,local
cucumber_0369,cucumber,135.27,green,summer,imported
cucumber_0370,cucumber,100.6,yellow,spring,local
cucumber_0371,cucumber,319.72,green,spring,local
cucumber_0372,cucumber,148.41,white,summer,local
cucumber_0373,cucumber,105.74,yellow,spring,imported
cucumber_0374,cucumber,367.26,yellow,autumn,imported
cucumber_0375,cucumber,206.28,yellow,autumn,local
cucumber_0376,cucumber,166.71,green,autumn,imported
cucumber_0377,cucumber,282.33,white,summer,local
cucumber_0378,cucumber,117.32,yellow,autumn,imported
cucumber_0379,cucumber,170.26,green,summer,local
cucumber_0380,cucumber,387.96,yellow,summer,local
cucumber_0381,cucumber,267.06,white,summer,local
cucumber_0382,cucumber,228.68,green,summer,imported
cucumber_0383,cucumber,308.93,white,spring,imported
cucumber_0384,cucumber,151.51,white,autumn,local
cucumber_0385,cucumber,223.59,yellow,summer,local
cucumber_0386,cucumber,289.43,green,autumn,imported
cucumber_0387,cucumber,134.62,yellow,autumn,imported
cucumber_0388,cucumber,135.16,white,spring,local
cucumber_0389,cucumber,142.85,yellow,summer,imported
cucumber_0390,cucumber,161.88,white,autumn,local
cucumber_0391,cucumber,368.7,white,summer,imported
cucumber_0392,cucumber,252.34,yellow,summer,local
cucumber_0393,cucumber,105.44,yellow,spring,imported
cucumber_0394,cucumber,120.71,green,autumn,imported
cucumber_0395,cucumber,268.2,yellow,autumn,imported
cucumber_0396,cucumber,306.59,yellow,spring,imported
cucumber_0397,cucumber,102.99,yellow,spring,local
cucumber_0398,cucumber,260.7,white,spring,imported
cucumber_0399,cucumber,346.42,yellow,summer,imported
cucumber_0400,cucumber,245.53,green,spring,local
cucumber_0401,cucumber,337.47,white,autumn,local
cucumber_0402,cucumber,155.03,yellow,autumn,local
cucumber_0403,cucumber,364.77,white,spring,imported
cucumber_0404,cucumber,122.71,yellow,autumn,local
cucumber_0405,cucumber,341.06,yellow,spring,local
cucumber_0406,cucumber,161.04,white,summer,imported
cucumber_0407,cucumber,363.21,yellow,autumn,imported
cucumber_0408,cucumber,262.53,green,autumn,local
cucumber_0409,cucumber,119.97,white,spring,imported
cucumber_0410,cucumber,122.23,green,autumn,imported
cucumber_0411,cucumber,341.14,green,autumn,local
cucumber_0412,cucumber,399.15,white,autumn,local
cucumber_0413,cucumber,196.35,green,autumn,local
cucumber_0414,cucumber,205.16,white,summer,local
cucumber_0415,cucumber,120.61,green,summer,imported
cucumber_0416,cucumber,239.27,green,summer,local
cucumber_0417,cucumber,297.02,green,autumn,imported
cucumber_0418,cucumber,102.51,yellow,summer,local
cucumber_0419,cucumber,298.51,white,spring,imported
cucumber_0420,cucumber,101.59,white,autumn,imported
cucumber_0421,cucumber,331.84,white,summer,imported
cucumber_0422,cucumber,119.94,white,summer,local
cucumber_0423,cucumber,275.11,green,autumn,imported
cucumber_0424,cucumber,325.52,white,autumn,local
cucumber_0425,cucumber,255.4,yellow,spring,imported
cucumber_0426,cucumber,301.35,yellow,summer,imported
cucumber_0427,cucumber,322.68,green,autumn,imported
cucumber_0428,cucumber,158.49,white,autumn,local
cucumber_0429,cucumber,324.99,green,autumn,local
cucumber_0430,cucumber,327.61,white,autumn,local
cucumber_0431,cucumber,296.24,white,spring,imported
cucumber_0432,cucumber,273.64,green,autumn,imported
cucumber_0433,cucumber,146.94,green,spring,imported
cucumber_0434,cucumber,314.92,yellow,spring,imported
cucumber_0435,cucumber,160.68,green,spring,imported
cucumber_0436,cucumber,172.45,green,spring,imported
cucumber_0437,cucumber,227.46,white,spring,imported
cucumber_0438,cucumber,252.12,white,summer,local
cucumber_0439,cucumber,123.09,yellow,autumn,local
cucumber_0440,cucumber,214.84,green,autumn,imported
cucumber_0441,cucumber,297.85,green,autumn,imported
cucumber_0442,cucumber,181.58,white,summer,local
cucumber_0443,cucumber,179.22,yellow,summer,imported
cucumber_0444,cucumber,290.91,green,summer,imported
cucumber_0445,cucumber,180.85,white,summer,imported
cucumber_0446,cucumber,308.39,white,spring,imported
cucumber_0447,cucumber,278.59,yellow,autumn,local
cucumber_0448,cucumber,298.59,white,summer,local
cucumber_0449,cucumber,333.41,green,summer,imported
cucumber_0450,cucumber,156.32,white,autumn,local
cucumber_0451,cucumber,309.68,white,autumn,imported
cucumber_0452,cucumber,451.92,white,spring,imported
cucumber_0453,cucumber,110.1,yellow,autumn,imported
cucumber_0454,cucumber,173.02,white,summer,imported
cucumber_0455,cucumber,111.69,green,spring,local
cucumber_0456,cucumber,196.91,yellow,autumn,local
cucumber_0457,cucumber,366.44,white,spring,imported
cucumber_0458,cucumber,370.29,yellow,autumn,imported
cucumber_0459,cucumber,347.62,yellow,spring,local
cucumber_0460,cucumber,174.7,white,autumn,imported
cucumber_0461,cucumber,120.18,white,autumn,local
cucumber_0462,cucumber,399.67,green,autumn,imported
cucumber_0463,cucumber,324.46,white,autumn,imported
cucumber_0464,cucumber,357.41,green,summer,local
cucumber_0465,cucumber,482.24,white,summer,imported
cucumber_0466,cucumber,472.09,white,autumn,imported
cucumber_0467,cucumber,335.12,yellow,spring,imported
cucumber_0468,cucumber,193.83,white,spring,imported
cucumber_0469,cucumber,552.87,yellow,autumn,imported
cucumber_0470,cucumber,287.12,white,summer,local
cucumber_0471,cucumber,111.68,green,summer,local
cucumber_0472,cucumber,285.86,yellow,spring,local
cucumber_0473,cucumber,287.38,green,summer,imported
cucumber_0474,cucumber,276.08,green,summer,local
cucumber_0475,cucumber,397.2,white,autumn,local
cucumber_0476,cucumber,232.69,green,spring,local
cucumber_0477,cucumber,216.77,green,spring,local
cucumber_0478,cucumber,279.06,green,autumn,imported
cucumber_0479,cucumber,378.74,white,summer,local
cucumber_0480,cucumber,258.3,yellow,spring,imported
cucumber_0481,cucumber,398.69,yellow,summer,local
cucumber_0482,cucumber,294.85,yellow,summer,local
cucumber_0483,cucumber,314.53,green,autumn,imported
cucumber_0484,cucumber,116.0,white,spring,imported
cucumber_0485,cucumber,302.44,yellow,spring,imported
cucumber_0486,cucumber,211.94,green,autumn,local
cucumber_0487,cucumber,150.21,yellow,autumn,imported
cucumber_0488,cucumber,307.27,yellow,autumn,imported
cucumber_0489,cucumber,294.59,yellow,autumn,imported
cucumber_0490,cucumber,146.86,white,spring,local
cucumber_0491,cucumber,279.79,green,spring,imported
cucumber_0492,cucumber,311.54,white,spring,imported
cucumber_0493,cucumber,300.33,green,spring,local
cucumber_0494,cucumber,555.82,green,autumn,local
cucumber_0495,cucumber,282.91,white,spring,imported
cucumber_0496,cucumber,351.45,yellow,summer,imported
cucumber_0497,cucumber,388.28,white,spring,local
cucumber_0498,cucumber,246.55,white,spring,local
cucumber_0499,cucumber,146.11,green,autumn,imported
cucumber_0500,cucumber,183.1,green,spring,imported
cucumber_0501,cucumber,274.96,white,summer,local
cucumber_0502,cucumber,206.48,yellow,autumn,imported
cucumber_0503,cucumber,109.52,white,summer,imported
cucumber_0504,cucumber,125.37,green,spring,local
cucumber_0505,cucumber,364.29,yellow,autumn,imported
cucumber_0506,cucumber,297.71,white,autumn,imported
cucumber_0507,cucumber,358.9,white,summer,local
cucumber_0508,cucumber,159.0,green,summer,imported
cucumber_0509,cucumber,185.96,green,autumn,imported
cucumber_0510,cucumber,579.47,yellow,spring,imported
cucumber_0511,cucumber,286.79,yellow,autumn,imported
cucumber_0512,cucumber,239.5,green,spring,local
cucumber_0513,cucumber,118.72,green,summer,local
cucumber_0514,cucumber,120.1,green,summer,imported
cucumber_0515,cucumber,345.09,white,summer,imported
cucumber_0516,cucumber,381.39,yellow,summer,local
cucumber_0517,cucumber,215.68,green,summer,local
cucumber_0518,cucumber,163.24,white,summer,imported
cucumber_0519,cucumber,240.73,white,spring,imported
cucumber_0520,cucumber,130.29,white,spring,local
cucumber_0521,cucumber,144.18,white,summer,local
cucumber_0522,cucumber,327.79,green,spring,imported
cucumber_0523,cucumber,231.92,green,autumn,imported
cucumber_0524,cucumber,339.49,green,summer,imported
cucumber_0525,cucumber,189.82,white,summer,local
cucumber_0526,cucumber,138.9,yellow,summer,imported
cucumber_0527,cucumber,206.6,white,summer,local
cucumber_0528,cucumber,118.77,green,spring,local
cucumber_0529,cucumber,342.71,yellow,autumn,local
cucumber_0530,cucumber,202.79,white,spring,imported
cucumber_0531,cucumber,146.48,white,summer,local
cucumber_0532,cucumber,245.36,yellow,autumn,local
cucumber_0533,cucumber,269.02,white,spring,imported
cucumber_0534,cucumber,141.14,green,spring,local
cucumber_0535,cucumber,251.65,yellow,summer,local
cucumber_0536,cucumber,287.2,green,autumn,imported
cucumber_0537,cucumber,246.35,white,summer,local
cucumber_0538,cucumber,237.88,white,autumn,local
cucumber_0539,cucumber,346.71,white,summer,local
cucumber_0540,cucumber,225.58,green,autumn,imported
cucumber_0541,cucumber,317.5,yellow,autumn,local
cucumber_0542,cucumber,300.16,white,summer,local
cucumber_0543,cucumber,358.66,green,spring,local
cucumber_0544,cucumber,261.41,yellow,autumn,imported
cucumber_0545,cucumber,396.84,yellow,summer,local
cucumber_0546,cucumber,211.44,white,autumn,local
cucumber_0547,cucumber,246.82,yellow,autumn,local
cucumber_0548,cucumber,247.77,green,spring,local
cucumber_0549,cucumber,351.47,white,autumn,imported
cucumber_0550,cucumber,357.94,white,autumn,local
cucumber_0551,cucumber,198.47,green,autumn,imported
cucumber_0552,cucumber,328.73,white,autumn,local
cucumber_0553,cucumber,158.93,white,summer,imported
cucumber_0554,cucumber,152.65,yellow,spring,imported
cucumber_0555,cucumber,273.79,yellow,autumn,imported
cucumber_0556,cucumber,293.42,green,autumn,local
cucumber_0557,cucumber,265.8,yellow,spring,imported
cucumber_0558,cucumber,298.5,yellow,spring,imported
cucumber_0559,cucumber,271.26,yellow,autumn,local
cucumber_0560,cucumber,183.59,green,autumn,local
cucumber_0561,cucumber,154.85,white,spring,imported
cucumber_0562,cucumber,185.71,yellow,spring,imported
cucumber_0563,cucumber,390.98,green,autumn,imported
cucumber_0564,cucumber,142.9,yellow,summer,local
cucumber_0565,cucumber,339.32,yellow,spring,local
cucumber_0566,cucumber,126.11,white,autumn,local
cucumber_0567,cucumber,353.54,yellow,autumn,imported
cucumber_0568,cucumber,152.54,green,autumn,imported
cucumber_0569,cucumber,166.15,yellow,summer,imported
cucumber_0570,cucumber,362.22,white,spring,imported
cucumber_0571,cucumber,574.13,green,summer,local
cucumber_0572,cucumber,337.78,green,summer,local
cucumber_0573,cucumber,325.08,green,summer,local
cucumber_0574,cucumber,237.5,white,summer,local
cucumber_0575,cucumber,128.13,green,autumn,imported
cucumber_0576,cucumber,458.29,yellow,spring,imported
cucumber_0577,cucumber,162.26,green,spring,local
cucumber_0578,cucumber,372.53,yellow,autumn,local
cucumber_0579,cucumber,239.89,green,summer,imported
cucumber_0580,cucumber,146.35,green,spring,local
cucumber_0581,cucumber,229.0,white,autumn,imported
cucumber_0582,cucumber,399.87,white,autumn,local
cucumber_0583,cucumber,219.36,yellow,spring,local
cucumber_0584,cucumber,440.89,yellow,summer,imported
cucumber_0585,cucumber,202.12,green,summer,local
cucumber_0586,cucumber,284.54,green,autumn,local
cucumber_0587,cucumber,252.96,yellow,spring,local
cucumber_0588,cucumber,510.23,green,autumn,local
cucumber_0589,cucumber,231.45,yellow,autumn,local
cucumber_0590,cucumber,489.81,yellow,autumn,imported
cucumber_0591,cucumber,544.92,yellow,summer,imported
cucumber_0592,cucumber,133.48,yellow,spring,imported
cucumber_0593,cucumber,184.31,green,summer,local
cucumber_0594,cucumber,213.93,yellow,spring,imported
cucumber_0595,cucumber,217.63,yellow,summer,imported
cucumber_0596,cucumber,137.65,white,spring,imported
cucumber_0597,cucumber,171.08,white,spring,imported
cucumber_0598,cucumber,269.73,yellow,spring,local
cucumber_0599,cucumber,216.2,yellow,autumn,local
mandarin_0000,mandarin,51.92,green,autumn,imported
mandarin_0001,mandarin,102.47,green,autumn,imported
mandarin_0002,mandarin,73.44,orange,winter,imported
mandarin_0003,mandarin,53.01,yellow,winter,local
mandarin_0004,mandarin,116.79,green,winter,imported
mandarin_0005,mandarin,76.55,orange,winter,imported
mandarin_0006,mandarin,117.85,orange,autumn,local
mandarin_0007,mandarin,134.81,orange,winter,imported
mandarin_0008,mandarin,138.49,green,winter,local
mandarin_0009,mandarin,77.75,green,autumn,local
mandarin_0010,mandarin,203.7,orange,autumn,imported
mandarin_0011,mandarin,120.62,orange,autumn,local
mandarin_0012,mandarin,149.01,yellow,winter,imported
mandarin_0013,mandarin,84.0,green,winter,imported
mandarin_0014,mandarin,94.28,yellow,winter,imported
mandarin_0015,mandarin,84.34,orange,autumn,local
mandarin_0016,mandarin,143.55,orange,autumn,imported
mandarin_0017,mandarin,87.25,green,autumn,local
mandarin_0018,mandarin,56.18,orange,winter,imported
mandarin_0019,mandarin,66.28,orange,autumn,local
mandarin_0020,mandarin,65.05,green,winter,imported
mandarin_0021,mandarin,94.67,yellow,winter,local
mandarin_0022,mandarin,74.67,orange,autumn,imported
mandarin_0023,mandarin,116.19,yellow,winter,local
mandarin_0024,mandarin,125.39,green,autumn,imported
mandarin_0025,mandarin,140.44,orange,winter,imported
mandarin_0026,mandarin,125.7,orange,autumn,local
mandarin_0027,mandarin,50.69,yellow,autumn,imported
mandarin_0028,mandarin,116.35,orange,autumn,imported
mandarin_0029,mandarin,90.24,yellow,winter,local
mandarin_0030,mandarin,139.56,green,winter,imported
mandarin_0031,mandarin,81.39,green,winter,local
mandarin_0032,mandarin,77.16,orange,winter,imported
mandarin_0033,mandarin,68.46,green,autumn,local
mandarin_0034,mandarin,93.0,orange,autumn,imported
mandarin_0035,mandarin,61.99,green,autumn,local
mandarin_0036,mandarin,103.15,green,autumn,local
mandarin_0037,mandarin,99.28,green,winter,imported
mandarin_0038,mandarin,109.61,yellow,autumn,local
mandarin_0039,mandarin,66.44,green,winter,local
mandarin_0040,mandarin,104.67,orange,autumn,local
mandarin_0041,mandarin,84.4,yellow,winter,local
mandarin_0042,mandarin,115.87,yellow,winter,local
mandarin_0043,mandarin,132.1,yellow,winter,imported
mandarin_0044,mandarin,115.7,orange,autumn,local
mandarin_0045,mandarin,89.95,green,autumn,imported
mandarin_0046,mandarin,51.08,orange,autumn,local
mandarin_0047,mandarin,130.1,yellow,winter,local
mandarin_0048,mandarin,107.69,yellow,autumn,imported
mandarin_0049,mandarin,61.87,yellow,winter,local
mandarin_0050,mandarin,71.47,green,winter,imported
mandarin_0051,mandarin,109.48,orange,winter,imported
mandarin_0052,mandarin,53.24,orange,autumn,local
mandarin_0053,mandarin,103.23,green,winter,local
mandarin_0054,mandarin,67.25,green,autumn,imported
mandarin_0055,mandarin,79.64,orange,winter,imported
mandarin_0056,mandarin,131.87,yellow,autumn,local
mandarin_0057,mandarin,75.97,green,winter,imported
mandarin_0058,mandarin,93.12,green,winter,local
mandarin_0059,mandarin,55.03,orange,autumn,local
mandarin_0060,mandarin,119.2,orange,winter,imported
mandarin_0061,mandarin,72.65,green,autumn,imported
mandarin_0062,mandarin,75.29,yellow,winter,local
mandarin_0063,mandarin,85.92,green,autumn,imported
mandarin_0064,mandarin,132.07,yellow,autumn,local
mandarin_0065,mandarin,85.08,yellow,autumn,local
mandarin_0066,mandarin,130.57,yellow,autumn,imported
mandarin_0067,mandarin,70.91,orange,autumn,local
mandarin_0068,mandarin,96.67,orange,autumn,imported
mandarin_0069,mandarin,134.09,yellow,winter,local
mandarin_0070,mandarin,88.1,yellow,autumn,local
mandarin_0071,mandarin,132.36,green,winter,local
mandarin_0072,mandarin,95.91,green,autumn,imported
mandarin_0073,mandarin,143.26,green,winter,local
mandarin_0074,mandarin,143.37,yellow,winter,local
mandarin_0075,mandarin,185.67,orange,autumn,local
mandarin_0076,mandarin,90.77,green,winter,local
mandarin_0077,mandarin,115.64,green,winter,local
mandarin_0078,mandarin,106.22,orange,autumn,local
mandarin_0079,mandarin,56.85,yellow,winter,imported
mandarin_0080,mandarin,61.64,green,autumn,imported
mandarin_0081,mandarin,143.85,green,autumn,local
mandarin_0082,mandarin,57.68,orange,winter,local
mandarin_0083,mandarin,105.07,orange,winter,imported
mandarin_0084,mandarin,133.36,yellow,winter,local
mandarin_0085,mandarin,111.18,orange,winter,imported
mandarin_0086,mandarin,75.53,orange,autumn,local
mandarin_0087,mandarin,85.49,yellow,autumn,imported
mandarin_0088,mandarin,117.58,orange,autumn,imported
mandarin_0089,mandarin,57.01,green,winter,local
mandarin_0090,mandarin,68.18,orange,winter,local
mandarin_0091,mandarin,181.44,green,winter,imported
mandarin_0092,mandarin,66.82,green,winter,local
mandarin_0093,mandarin,105.7,orange,winter,local
mandarin_0094,mandarin,100.24,green,autumn,imported
mandarin_0095,mandarin,145.81,green,winter,imported
mandarin_0096,mandarin,138.62,green,winter,imported
mandarin_0097,mandarin,141.64,yellow,autumn,imported
mandarin_0098,mandarin,112.98,yellow,winter,local
mandarin_0099,mandarin,125.24,green,autumn,local
mandarin_0100,mandarin,117.74,orange,autumn,local
mandarin_0101,mandarin,123.15,yellow,autumn,local
mandarin_0102,mandarin,64.64,orange,autumn,imported
mandarin_0103,mandarin,104.03,green,autumn,imported
mandarin_0104,mandarin,93.13,green,winter,imported
mandarin_0105,mandarin,141.51,green,winter,local
mandarin_0106,mandarin,134.42,green,autumn,local
mandarin_0107,mandarin,101.41,yellow,winter,local
mandarin_0108,mandarin,107.3,yellow,winter,imported
mandarin_0109,mandarin,53.93,green,autumn,imported
mandarin_0110,mandarin,50.64,orange,winter,imported
mandarin_0111,mandarin,146.57,yellow,winter,imported
mandarin_0112,mandarin,122.84,orange,autumn,imported
mandarin_0113,mandarin,117.11,yellow,winter,local
mandarin_0114,mandarin,144.68,orange,winter,imported
mandarin_0115,mandarin,128.33,yellow,autumn,local
mandarin_0116,mandarin,195.26,yellow,autumn,local
mandarin_0117,mandarin,115.95,green,autumn,local
mandarin_0118,mandarin,62.04,orange,autumn,local
mandarin_0119,mandarin,68.12,orange,winter,local
mandarin_0120,mandarin,72.27,yellow,winter,imported
mandarin_0121,mandarin,104.65,green,autumn,imported
mandarin_0122,mandarin,66.02,green,winter,local
mandarin_0123,mandarin,91.81,orange,winter,local
mandarin_0124,mandarin,139.8,yellow,autumn,local
mandarin_0125,mandarin,89.31,green,autumn,imported
mandarin_0126,mandarin,51.66,yellow,winter,imported
mandarin_0127,mandarin,110.24,orange,winter,imported
mandarin_0128,mandarin,212.62,green,autumn,imported
mandarin_0129,mandarin,147.47,orange,winter,local
mandarin_0130,mandarin,73.15,yellow,autumn,local
mandarin_0131,mandarin,142.65,orange,winter,local
mandarin_0132,mandarin,193.05,orange,autumn,local
mandarin_0133,mandarin,193.74,orange,winter,imported
mandarin_0134,mandarin,51.13,green,winter,local
mandarin_0135,mandarin,194.13,orange,autumn,local
mandarin_0136,mandarin,89.77,orange,autumn,local
mandarin_0137,mandarin,104.42,green,autumn,local
mandarin_0138,mandarin,120.94,orange,autumn,imported
mandarin_0139,mandarin,140.42,green,autumn,local
mandarin_0140,mandarin,104.99,green,winter,imported
mandarin_0141,mandarin,92.61,green,winter,local
mandarin_0142,mandarin,130.56,yellow,autumn,imported
mandarin_0143,mandarin,72.61,yellow,autumn,local
mandarin_0144,mandarin,143.04,yellow,winter,local
mandarin_0145,mandarin,95.01,orange,winter,imported
mandarin_0146,mandarin,137.07,yellow,autumn,imported
mandarin_0147,mandarin,71.11,yellow,autumn,imported
mandarin_0148,mandarin,55.13,yellow,autumn,local
mandarin_0149,mandarin,94.21,yellow,autumn,imported
mandarin_0150,mandarin,89.46,green,winter,local
mandarin_0151,mandarin,66.14,yellow,autumn,local
mandarin_0152,mandarin,130.54,orange,winter,local
mandarin_0153,mandarin,65.39,green,winter,local
mandarin_0154,mandarin,76.82,yellow,autumn,imported
mandarin_0155,mandarin,90.85,orange,autumn,imported
mandarin_0156,mandarin,179.39,yellow,winter,local
mandarin_0157,mandarin,119.72,yellow,winter,imported
mandarin_0158,mandarin,114.15,green,winter,imported
mandarin_0159,mandarin,138.61,green,autumn,local
mandarin_0160,mandarin,79.73,orange,autumn,imported
mandarin_0161,mandarin,91.13,green,winter,local
mandarin_0162,mandarin,117.24,orange,autumn,imported
mandarin_0163,mandarin,117.31,yellow,autumn,imported
mandarin_0164,mandarin,89.7,orange,winter,imported
mandarin_0165,mandarin,123.8,orange,autumn,imported
mandarin_0166,mandarin,117.13,green,autumn,local
mandarin_0167,mandarin,58.12,yellow,autumn,imported
mandarin_0168,mandarin,65.62,yellow,winter,local
mandarin_0169,mandarin,147.73,yellow,autumn,imported
mandarin_0170,mandarin,115.94,orange,winter,imported
mandarin_0171,mandarin,136.61,orange,autumn,imported
mandarin_0172,mandarin,96.77,yellow,winter,imported
mandarin_0173,mandarin,91.12,orange,winter,imported
mandarin_0174,mandarin,83.03,yellow,autumn,local
mandarin_0175,mandarin,135.06,green,autumn,local
mandarin_0176,mandarin,143.44,green,winter,imported
mandarin_0177,mandarin,132.33,green,autumn,local
mandarin_0178,mandarin,211.38,yellow,autumn,local
mandarin_0179,mandarin,54.01,orange,autumn,local
mandarin_0180,mandarin,149.2,orange,winter,imported
mandarin_0181,mandarin,71.03,yellow,winter,imported
mandarin_0182,mandarin,75.3,yellow,winter,local
mandarin_0183,mandarin,60.28,green,autumn,imported
mandarin_0184,mandarin,147.92,green,winter,local
mandarin_0185,mandarin,134.69,yellow,winter,local
mandarin_0186,mandarin,117.65,yellow,winter,imported
mandarin_0187,mandarin,110.32,green,winter,local
mandarin_0188,mandarin,107.54,green,winter,local
mandarin_0189,mandarin,77.59,green,autumn,local
mandarin_0190,mandarin,72.63,orange,autumn,local
mandarin_0191,mandarin,73.33,yellow,autumn,local
mandarin_0192,mandarin,124.71,green,winter,local
mandarin_0193,mandarin,55.99,green,autumn,imported
mandarin_0194,mandarin,110.6,green,winter,imported
mandarin_0195,mandarin,54.5,orange,winter,imported
mandarin_0196,mandarin,84.13,orange,winter,local
mandarin_0197,mandarin,142.89,orange,autumn,imported
mandarin_0198,mandarin,156.12,green,winter,imported
mandarin_0199,mandarin,197.35,yellow,winter,local
mandarin_0200,mandarin,92.64,orange,autumn,imported
mandarin_0201,mandarin,67.46,yellow,autumn,local
mandarin_0202,mandarin,116.38,orange,winter,imported
mandarin_0203,mandarin,55.04,yellow,winter,local
mandarin_0204,mandarin,107.69,green,winter,local
mandarin_0205,mandarin,100.03,green,autumn,local
mandarin_0206,mandarin,58.99,yellow,autumn,imported
mandarin_0207,mandarin,84.1,green,autumn,local
mandarin_0208,mandarin,90.66,yellow,winter,imported
mandarin_0209,mandarin,121.47,yellow,winter,local
mandarin_0210,mandarin,102.55,yellow,autumn,local
mandarin_0211,mandarin,140.03,green,autumn,imported
mandarin_0212,mandarin,117.64,green,winter,local
mandarin_0213,mandarin,144.59,orange,autumn,imported
mandarin_0214,mandarin,50.11,green,winter,imported
mandarin_0215,mandarin,71.79,green,autumn,imported
mandarin_0216,mandarin,113.37,orange,winter,imported
mandarin_0217,mandarin,51.62,orange,autumn,imported
mandarin_0218,mandarin,82.35,green,winter,imported
mandarin_0219,mandarin,105.66,green,winter,local
mandarin_0220,mandarin,63.46,green,winter,imported
mandarin_0221,mandarin,133.15,yellow,winter,imported
mandarin_0222,mandarin,114.98,yellow,autumn,imported
mandarin_0223,mandarin,90.2,yellow,autumn,local
mandarin_0224,mandarin,127.98,yellow,winter,local
mandarin_0225,mandarin,50.0,green,autumn,local
mandarin_0226,mandarin,85.66,green,winter,imported
mandarin_0227,mandarin,51.29,green,autumn,local
mandarin_0228,mandarin,135.12,orange,winter,imported
mandarin_0229,mandarin,106.57,orange,autumn,imported
mandarin_0230,mandarin,58.51,yellow,winter,imported
mandarin_0231,mandarin,88.0,orange,autumn,imported
mandarin_0232,mandarin,88.87,orange,winter,imported
mandarin_0233,mandarin,59.5,green,autumn,local
mandarin_0234,mandarin,59.66,orange,winter,local
mandarin_0235,mandarin,148.73,yellow,winter,local
mandarin_0236,mandarin,103.19,yellow,winter,imported
mandarin_0237,mandarin,149.56,yellow,autumn,imported
mandarin_0238,mandarin,131.25,yellow,autumn,local
mandarin_0239,mandarin,80.57,orange,autumn,imported
mandarin_0240,mandarin,117.25,yellow,autumn,imported
mandarin_0241,mandarin,81.52,yellow,autumn,local
mandarin_0242,mandarin,113.24,yellow,winter,imported
mandarin_0243,mandarin,107.85,orange,autumn,local
mandarin_0244,mandarin,120.06,green,winter,local
mandarin_0245,mandarin,137.29,yellow,autumn,local
mandarin_0246,mandarin,123.02,green,winter,local
mandarin_0247,mandarin,171.34,green,autumn,imported
mandarin_0248,mandarin,94.3,yellow,autumn,imported
mandarin_0249,mandarin,135.0,green,autumn,local
mandarin_0250,mandarin,62.55,yellow,winter,imported
mandarin_0251,mandarin,60.8,orange,winter,imported
mandarin_0252,mandarin,108.56,green,autumn,local
mandarin_0253,mandarin,58.6,green,winter,local
mandarin_0254,mandarin,60.55,orange,winter,local
mandarin_0255,mandarin,104.43,orange,autumn,imported
mandarin_0256,mandarin,113.78,orange,winter,local
mandarin_0257,mandarin,54.16,yellow,autumn,imported
mandarin_0258,mandarin,118.93,yellow,autumn,local
mandarin_0259,mandarin,80.78,green,autumn,imported
mandarin_0260,mandarin,139.79,green,autumn,local
mandarin_0261,mandarin,108.31,orange,autumn,local
mandarin_0262,mandarin,86.48,yellow,autumn,local
mandarin_0263,mandarin,96.62,yellow,autumn,imported
mandarin_0264,mandarin,120.17,yellow,autumn,local
mandarin_0265,mandarin,85.86,orange,autumn,imported
mandarin_0266,mandarin,52.09,orange,autumn,local
mandarin_0267,mandarin,55.69,orange,autumn,imported
mandarin_0268,mandarin,120.21,yellow,winter,local
mandarin_0269,mandarin,117.57,orange,autumn,local
mandarin_0270,mandarin,125.63,yellow,autumn,local
mandarin_0271,mandarin,91.23,green,winter,imported
mandarin_0272,mandarin,75.09,green,autumn,imported
mandarin_0273,mandarin,108.45,green,autumn,imported
mandarin_0274,mandarin,87.78,green,winter,local
mandarin_0275,mandarin,83.93,yellow,autumn,imported
mandarin_0276,mandarin,66.19,orange,autumn,local
mandarin_0277,mandarin,149.77,yellow,winter,imported
mandarin_0278,mandarin,85.47,yellow,winter,imported
mandarin_0279,mandarin,61.51,green,winter,local
mandarin_0280,mandarin,91.48,yellow,winter,imported
mandarin_0281,mandarin,115.97,green,winter,imported
mandarin_0282,mandarin,114.82,green,autumn,local
mandarin_0283,mandarin,131.37,yellow,winter,local
mandarin_0284,mandarin,114.88,yellow,winter,imported
mandarin_0285,mandarin,65.14,green,winter,imported
mandarin_0286,mandarin,110.18,yellow,winter,imported
mandarin_0287,mandarin,90.15,orange,winter,imported
mandarin_0288,mandarin,62.68,orange,winter,local
mandarin_0289,mandarin,66.27,green,autumn,imported
mandarin_0290,mandarin,70.88,orange,autumn,local
mandarin_0291,mandarin,105.24,orange,autumn,local
mandarin_0292,mandarin,137.19,yellow,autumn,local
mandarin_0293,mandarin,84.55,orange,winter,imported
mandarin_0294,mandarin,104.03,green,autumn,imported
mandarin_0295,mandarin,106.59,green,winter,imported
mandarin_0296,mandarin,89.63,yellow,autumn,imported
mandarin_0297,mandarin,64.35,green,winter,imported
mandarin_0298,mandarin,93.28,orange,autumn,imported
mandarin_0299,mandarin,58.06,green,autumn,local
mandarin_0300,mandarin,125.51,orange,autumn,imported
mandarin_0301,mandarin,132.84,yellow,autumn,imported
mandarin_0302,mandarin,97.68,green,autumn,local
mandarin_0303,mandarin,132.87,green,autumn,imported
mandarin_0304,mandarin,77.71,yellow,winter,local
mandarin_0305,mandarin,62.43,yellow,autumn,local
mandarin_0306,mandarin,147.09,green,winter,local
mandarin_0307,mandarin,180.41,orange,winter,imported
mandarin_0308,mandarin,101.63,orange,winter,imported
mandarin_0309,mandarin,143.59,green,winter,imported
mandarin_0310,mandarin,98.13,green,winter,local
mandarin_0311,mandarin,223.69,orange,winter,local
mandarin_0312,mandarin,58.61,yellow,winter,local
mandarin_0313,mandarin,78.03,yellow,winter,local
mandarin_0314,mandarin,93.99,yellow,winter,imported
mandarin_0315,mandarin,88.1,yellow,winter,local
mandarin_0316,mandarin,109.95,yellow,winter,imported
mandarin_0317,mandarin,88.32,green,autumn,local
mandarin_0318,mandarin,211.54,yellow,autumn,imported
mandarin_0319,mandarin,132.63,green,autumn,imported
mandarin_0320,mandarin,85.31,orange,winter,imported
mandarin_0321,mandarin,105.47,orange,autumn,imported
mandarin_0322,mandarin,113.15,green,winter,imported
mandarin_0323,mandarin,109.86,green,winter,imported
mandarin_0324,mandarin,145.79,orange,autumn,local
mandarin_0325,mandarin,110.51,yellow,autumn,local
mandarin_0326,mandarin,112.57,yellow,autumn,local
mandarin_0327,mandarin,68.48,orange,autumn,local
mandarin_0328,mandarin,110.44,yellow,winter,imported
mandarin_0329,mandarin,102.34,yellow,autumn,local
mandarin_0330,mandarin,116.65,orange,winter,local
mandarin_0331,mandarin,94.18,yellow,autumn,imported
mandarin_0332,mandarin,68.45,orange,autumn,local
mandarin_0333,mandarin,88.67,yellow,winter,local
mandarin_0334,mandarin,89.78,yellow,autumn,imported
mandarin_0335,mandarin,98.33,orange,autumn,imported
mandarin_0336,mandarin,133.91,yellow,winter,imported
mandarin_0337,mandarin,100.57,green,autumn,imported
mandarin_0338,mandarin,57.12,yellow,winter,local
mandarin_0339,mandarin,106.6,orange,autumn,imported
mandarin_0340,mandarin,105.79,orange,autumn,imported
mandarin_0341,mandarin,54.87,yellow,autumn,imported
mandarin_0342,mandarin,54.41,orange,winter,imported
mandarin_0343,mandarin,104.13,yellow,autumn,local
mandarin_0344,mandarin,54.56,green,autumn,local
mandarin_0345,mandarin,134.22,orange,winter,imported
mandarin_0346,mandarin,57.72,yellow,winter,imported
mandarin_0347,mandarin,62.69,yellow,autumn,local
mandarin_0348,mandarin,101.86,yellow,autumn,imported
mandarin_0349,mandarin,85.81,orange,autumn,local
mandarin_0350,mandarin,118.43,orange,winter,local
mandarin_0351,mandarin,64.26,orange,winter,imported
mandarin_0352,mandarin,105.47,green,winter,imported
mandarin_0353,mandarin,50.42,green,autumn,local
mandarin_0354,mandarin,114.18,orange,autumn,local
mandarin_0355,mandarin,98.96,green,winter,imported
mandarin_0356,mandarin,52.4,orange,winter,imported
mandarin_0357,mandarin,67.71,yellow,winter,local
mandarin_0358,mandarin,145.67,orange,winter,local
mandarin_0359,mandarin,122.87,green,winter,imported
mandarin_0360,mandarin,89.31,yellow,winter,local
mandarin_0361,mandarin,59.7,yellow,winter,local
mandarin_0362,mandarin,129.75,orange,winter,imported
mandarin_0363,mandarin,104.69,orange,autumn,local
mandarin_0364,mandarin,142.24,yellow,winter,local
mandarin_0365,mandarin,78.06,orange,autumn,local
mandarin_0366,mandarin,128.24,orange,winter,imported
mandarin_0367,mandarin,74.07,green,autumn,imported
mandarin_0368,mandarin,133.06,orange,winter,imported
mandarin_0369,mandarin,89.93,orange,winter,local
mandarin_0370,mandarin,147.82,green,winter,local
mandarin_0371,mandarin,129.92,green,winter,imported
mandarin_0372,mandarin,123.09,orange,autumn,local
mandarin_0373,mandarin,107.84,green,winter,local
mandarin_0374,mandarin,130.42,orange,winter,imported
mandarin_0375,mandarin,55.96,orange,winter,imported
mandarin_0376,mandarin,64.0,orange,winter,local
mandarin_0377,mandarin,104.86,orange,winter,imported
mandarin_0378,mandarin,101.96,green,autumn,local
mandarin_0379,mandarin,63.52,orange,winter,imported
mandarin_0380,mandarin,89.6,yellow,autumn,imported
mandarin_0381,mandarin,65.87,orange,winter,local
mandarin_0382,mandarin,137.96,yellow,winter,imported
mandarin_0383,mandarin,149.15,yellow,winter,imported
mandarin_0384,mandarin,85.54,green,autumn,local
mandarin_0385,mandarin,98.38,yellow,winter,local
mandarin_0386,mandarin,85.78,orange,winter,imported
mandarin_0387,mandarin,107.56,yellow,winter,imported
mandarin_0388,mandarin,97.17,yellow,winter,imported
mandarin_0389,mandarin,107.03,orange,winter,local
mandarin_0390,mandarin,176.61,orange,autumn,imported
mandarin_0391,mandarin,128.02,orange,winter,local
mandarin_0392,mandarin,76.12,orange,autumn,imported
mandarin_0393,mandarin,106.74,orange,autumn,imported
mandarin_0394,mandarin,123.5,green,autumn,local
mandarin_0395,mandarin,98.82,orange,winter,local
mandarin_0396,mandarin,76.13,orange,winter,imported
mandarin_0397,mandarin,109.93,yellow,winter,local
mandarin_0398,mandarin,187.22,orange,autumn,imported
mandarin_0399,mandarin,78.56,green,winter,imported
mandarin_0400,mandarin,52.39,orange,winter,imported
mandarin_0401,mandarin,144.15,orange,winter,local
mandarin_0402,mandarin,97.16,yellow,autumn,local
mandarin_0403,mandarin,112.57,green,winter,local
mandarin_0404,mandarin,90.74,green,autumn,local
mandarin_0405,mandarin,139.66,green,winter,local
mandarin_0406,mandarin,52.26,yellow,autumn,local
mandarin_0407,mandarin,107.71,green,autumn,local
mandarin_0408,mandarin,109.69,green,winter,imported
mandarin_0409,mandarin,92.97,green,winter,imported
mandarin_0410,mandarin,141.3,orange,winter,local
mandarin_0411,mandarin,68.08,green,winter,local
mandarin_0412,mandarin,69.86,green,autumn,imported
mandarin_0413,mandarin,80.64,orange,autumn,local
mandarin_0414,mandarin,108.8,green,winter,local
mandarin_0415,mandarin,111.54,yellow,winter,local
mandarin_0416,mandarin,58.78,green,autumn,local
mandarin_0417,mandarin,101.81,yellow,autumn,imported
mandarin_0418,mandarin,78.33,green,winter,imported
mandarin_0419,mandarin,198.7,yellow,winter,local
mandarin_0420,mandarin,116.89,green,autumn,local
mandarin_0421,mandarin,161.53,yellow,winter,local
mandarin_0422,mandarin,138.62,green,winter,local
mandarin_0423,mandarin,106.46,green,winter,imported
mandarin_0424,mandarin,117.91,yellow,autumn,imported
mandarin_0425,mandarin,149.69,yellow,winter,imported
mandarin_0426,mandarin,78.72,green,winter,local
mandarin_0427,mandarin,54.92,yellow,winter,imported
mandarin_0428,mandarin,139.74,orange,winter,imported
mandarin_0429,mandarin,72.07,green,winter,local
mandarin_0430,mandarin,135.91,orange,autumn,imported
mandarin_0431,mandarin,117.49,orange,autumn,local
mandarin_0432,mandarin,125.8,green,autumn,local
mandarin_0433,mandarin,81.26,yellow,autumn,local
mandarin_0434,mandarin,70.97,green,autumn,local
mandarin_0435,mandarin,114.56,yellow,winter,imported
mandarin_0436,mandarin,80.34,yellow,autumn,local
mandarin_0437,mandarin,126.59,green,autumn,imported
mandarin_0438,mandarin,146.56,yellow,winter,local
mandarin_0439,mandarin,63.07,yellow,autumn,local
mandarin_0440,mandarin,122.93,yellow,autumn,local
mandarin_0441,mandarin,70.68,orange,autumn,imported
mandarin_0442,mandarin,81.22,green,winter,imported
mandarin_0443,mandarin,114.52,green,winter,local
mandarin_0444,mandarin,73.22,yellow,winter,local
mandarin_0445,mandarin,76.92,green,winter,local
mandarin_0446,mandarin,128.34,yellow,autumn,local
mandarin_0447,mandarin,87.02,yellow,winter,imported
mandarin_0448,mandarin,139.7,green,autumn,imported
mandarin_0449,mandarin,68.28,green,winter,local
mandarin_0450,mandarin,87.67,green,autumn,imported
mandarin_0451,mandarin,56.24,green,winter,imported
mandarin_0452,mandarin,60.9,yellow,autumn,imported
mandarin_0453,mandarin,81.69,yellow,autumn,local
mandarin_0454,mandarin,137.55,orange,autumn,local
mandarin_0455,mandarin,135.87,orange,autumn,local
mandarin_0456,mandarin,126.47,green,winter,local
mandarin_0457,mandarin,119.03,orange,autumn,local
mandarin_0458,mandarin,118.25,yellow,winter,imported
mandarin_0459,mandarin,100.06,orange,winter,local
mandarin_0460,mandarin,101.06,green,autumn,local
mandarin_0461,mandarin,81.21,green,autumn,imported
mandarin_0462,mandarin,136.14,green,winter,imported
mandarin_0463,mandarin,145.24,orange,winter,local
mandarin_0464,mandarin,116.23,orange,autumn,imported
mandarin_0465,mandarin,131.19,yellow,autumn,imported
mandarin_0466,mandarin,81.29,green,autumn,imported
mandarin_0467,mandarin,63.17,green,winter,imported
mandarin_0468,mandarin,124.2,orange,autumn,local
mandarin_0469,mandarin,75.23,green,autumn,imported
mandarin_0470,mandarin,66.89,orange,winter,imported
mandarin_0471,mandarin,121.75,green,autumn,local
mandarin_0472,mandarin,134.91,yellow,winter,imported
mandarin_0473,mandarin,66.83,orange,winter,local
mandarin_0474,mandarin,104.89,orange,winter,local
mandarin_0475,mandarin,122.04,orange,autumn,local
mandarin_0476,mandarin,110.43,green,autumn,imported
mandarin_0477,mandarin,132.87,orange,winter,local
mandarin_0478,mandarin,120.94,yellow,autumn,imported
mandarin_0479,mandarin,133.89,orange,autumn,imported
mandarin_0480,mandarin,119.7,yellow,winter,imported
mandarin_0481,mandarin,137.93,orange,winter,imported
mandarin_0482,mandarin,61.26,green,winter,imported
mandarin_0483,mandarin,222.11,green,winter,local
mandarin_0484,mandarin,117.92,yellow,autumn,imported
mandarin_0485,mandarin,77.06,green,autumn,local
mandarin_0486,mandarin,144.21,yellow,autumn,imported
mandarin_0487,mandarin,127.55,yellow,winter,imported
mandarin_0488,mandarin,190.82,orange,winter,local
mandarin_0489,mandarin,147.58,green,winter,imported
mandarin_0490,mandarin,85.72,yellow,winter,imported
mandarin_0491,mandarin,102.05,green,winter,imported
mandarin_0492,mandarin,137.99,orange,winter,local
mandarin_0493,mandarin,100.78,green,winter,local
mandarin_0494,mandarin,148.27,orange,autumn,local
mandarin_0495,mandarin,57.34,yellow,autumn,local
mandarin_0496,mandarin,109.54,green,autumn,local
mandarin_0497,mandarin,92.22,yellow,autumn,imported
mandarin_0498,mandarin,69.57,orange,autumn,imported
mandarin_0499,mandarin,114.87,green,autumn,local
mandarin_0500,mandarin,95.8,green,autumn,imported
mandarin_0501,mandarin,125.21,green,autumn,local
mandarin_0502,mandarin,82.09,orange,autumn,imported
mandarin_0503,mandarin,149.57,green,autumn,local
mandarin_0504,mandarin,142.07,yellow,autumn,imported
mandarin_0505,mandarin,55.47,orange,winter,local
mandarin_0506,mandarin,91.87,orange,autumn,imported
mandarin_0507,mandarin,50.02,yellow,autumn,local
mandarin_0508,mandarin,134.39,yellow,autumn,local
mandarin_0509,mandarin,66.78,orange,autumn,imported
mandarin_0510,mandarin,56.76,green,winter,imported
mandarin_0511,mandarin,142.88,yellow,winter,local
mandarin_0512,mandarin,61.91,orange,autumn,imported
mandarin_0513,mandarin,84.88,yellow,autumn,local
mandarin_0514,mandarin,112.13,green,autumn,imported
mandarin_0515,mandarin,224.57,yellow,autumn,local
mandarin_0516,mandarin,73.27,orange,winter,local
mandarin_0517,mandarin,179.39,green,autumn,imported
mandarin_0518,mandarin,130.24,orange,autumn,imported
mandarin_0519,mandarin,94.42,orange,autumn,local
mandarin_0520,mandarin,100.89,orange,winter,imported
mandarin_0521,mandarin,208.35,green,winter,imported
mandarin_0522,mandarin,96.07,yellow,autumn,imported
mandarin_0523,mandarin,98.32,green,autumn,local
mandarin_0524,mandarin,125.46,green,winter,imported
mandarin_0525,mandarin,103.84,orange,winter,local
mandarin_0526,mandarin,135.75,green,autumn,local
mandarin_0527,mandarin,120.64,green,winter,local
mandarin_0528,mandarin,50.7,green,autumn,imported
mandarin_0529,mandarin,73.48,yellow,autumn,local
mandarin_0530,mandarin,83.73,green,autumn,local
mandarin_0531,mandarin,50.06,yellow,winter,local
mandarin_0532,mandarin,74.12,orange,winter,imported
mandarin_0533,mandarin,56.82,green,autumn,imported
mandarin_0534,mandarin,105.55,yellow,autumn,local
mandarin_0535,mandarin,91.74,yellow,autumn,local
mandarin_0536,mandarin,137.59,orange,winter,imported
mandarin_0537,mandarin,99.3,green,autumn,imported
mandarin_0538,mandarin,60.68,green,winter,local
mandarin_0539,mandarin,56.02,orange,winter,local
mandarin_0540,mandarin,79.81,orange,winter,imported
mandarin_0541,mandarin,66.43,green,winter,local
mandarin_0542,mandarin,62.25,orange,winter,imported
mandarin_0543,mandarin,62.38,green,autumn,imported
mandarin_0544,mandarin,140.94,orange,autumn,imported
mandarin_0545,mandarin,132.13,orange,autumn,local
mandarin_0546,mandarin,57.79,yellow,winter,local
mandarin_0547,mandarin,74.7,orange,winter,local
mandarin_0548,mandarin,66.88,green,winter,local
mandarin_0549,mandarin,51.32,orange,winter,imported
mandarin_0550,mandarin,126.94,yellow,winter,local
mandarin_0551,mandarin,140.92,orange,autumn,imported
mandarin_0552,mandarin,138.82,orange,winter,local
mandarin_0553,mandarin,78.42,orange,winter,imported
mandarin_0554,mandarin,87.71,orange,autumn,local
mandarin_0555,mandarin,104.46,orange,autumn,local
mandarin_0556,mandarin,119.12,orange,winter,local
mandarin_0557,mandarin,81.03,yellow,winter,local
mandarin_0558,mandarin,129.64,yellow,autumn,local
mandarin_0559,mandarin,114.55,orange,winter,imported
mandarin_0560,mandarin,104.7,yellow,autumn,imported
mandarin_0561,mandarin,87.74,orange,winter,local
mandarin_0562,mandarin,53.98,orange,winter,local
mandarin_0563,mandarin,145.56,yellow,winter,imported
mandarin_0564,mandarin,163.43,orange,winter,local
mandarin_0565,mandarin,89.22,orange,autumn,imported
mandarin_0566,mandarin,64.12,yellow,winter,imported
mandarin_0567,mandarin,60.87,yellow,winter,local
mandarin_0568,mandarin,88.16,green,autumn,imported
mandarin_0569,mandarin,84.26,orange,winter,imported
mandarin_0570,mandarin,69.2,orange,autumn,local
mandarin_0571,mandarin,143.81,green,winter,local
mandarin_0572,mandarin,138.75,green,autumn,imported
mandarin_0573,mandarin,130.83,yellow,winter,local
mandarin_0574,mandarin,83.48,green,autumn,local
mandarin_0575,mandarin,113.56,green,autumn,imported
mandarin_0576,mandarin,64.85,yellow,autumn,imported
mandarin_0577,mandarin,131.44,orange,autumn,imported
mandarin_0578,mandarin,63.23,green,winter,local
mandarin_0579,mandarin,73.75,green,autumn,local
mandarin_0580,mandarin,114.28,orange,autumn,local
mandarin_0581,mandarin,119.61,green,autumn,local
mandarin_0582,mandarin,132.4,orange,winter,imported
mandarin_0583,mandarin,96.9,green,winter,local
mandarin_0584,mandarin,68.02,orange,autumn,local
mandarin_0585,mandarin,138.37,green,winter,imported
mandarin_0586,mandarin,201.75,orange,winter,imported
mandarin_0587,mandarin,81.61,yellow,autumn,imported
mandarin_0588,mandarin,110.98,yellow,autumn,imported
mandarin_0589,mandarin,88.68,green,autumn,imported
mandarin_0590,mandarin,64.72,green,autumn,local
mandarin_0591,mandarin,58.98,green,winter,local
mandarin_0592,mandarin,50.6,green,autumn,imported
mandarin_0593,mandarin,62.32,orange,winter,local
mandarin_0594,mandarin,142.61,orange,winter,local
mandarin_0595,mandarin,146.58,green,winter,local
mandarin_0596,mandarin,124.16,green,autumn,local
mandarin_0597,mandarin,138.45,green,winter,local
mandarin_0598,mandarin,103.46,yellow,autumn,imported
mandarin_0599,mandarin,66.62,orange,autumn,imported
potato_0000,potato,231.14,yellow,spring,imported
potato_0001,potato,403.93,white,autumn,local
potato_0002,potato,480.82,brown,autumn,local
potato_0003,potato,338.97,yellow,autumn,imported
potato_0004,potato,119.84,yellow,autumn,imported
potato_0005,potato,286.01,brown,summer,local
potato_0006,potato,397.56,white,spring,imported
potato_0007,potato,269.51,white,summer,imported
potato_0008,potato,484.62,yellow,summer,imported
potato_0009,potato,295.62,white,autumn,imported
potato_0010,potato,463.82,brown,spring,imported
potato_0011,potato,404.87,white,spring,imported
potato_0012,potato,236.74,yellow,spring,local
potato_0013,potato,439.39,white,summer,imported
potato_0014,potato,417.57,yellow,autumn,imported
potato_0015,potato,349.28,white,spring,imported
potato_0016,potato,422.04,yellow,autumn,local
potato_0017,potato,258.02,brown,spring,local
potato_0018,potato,260.75,brown,autumn,imported
potato_0019,potato,280.14,white,spring,local
potato_0020,potato,242.79,white,autumn,imported
potato_0021,potato,174.57,brown,autumn,imported
potato_0022,potato,318.28,yellow,autumn,imported
potato_0023,potato,216.76,brown,spring,local
potato_0024,potato,293.04,brown,summer,imported
potato_0025,potato,486.91,white,summer,local
potato_0026,potato,482.85,yellow,summer,imported
potato_0027,potato,290.04,brown,summer,imported
potato_0028,potato,310.02,brown,autumn,imported
potato_0029,potato,200.87,white,spring,imported
potato_0030,potato,149.38,yellow,summer,imported
potato_0031,potato,744.32,white,summer,imported
potato_0032,potato,196.94,yellow,spring,imported
potato_0033,potato,435.64,yellow,spring,local
potato_0034,potato,161.26,yellow,summer,local
potato_0035,potato,340.1,yellow,autumn,imported
potato_0036,potato,407.9,brown,spring,imported
potato_0037,potato,329.43,yellow,autumn,local
potato_0038,potato,359.39,yellow,spring,local
potato_0039,potato,458.96,white,summer,imported
potato_0040,potato,231.14,yellow,summer,imported
potato_0041,potato,338.92,white,autumn,local
potato_0042,potato,289.37,white,spring,local
potato_0043,potato,236.0,white,spring,local
potato_0044,potato,135.25,white,autumn,imported
potato_0045,potato,439.02,brown,spring,imported
potato_0046,potato,272.14,yellow,summer,imported
potato_0047,potato,382.64,brown,spring,imported
potato_0048,potato,354.13,white,autumn,imported
potato_0049,potato,580.52,white,spring,imported
potato_0050,potato,323.9,brown,autumn,imported
potato_0051,potato,366.77,yellow,spring,imported
potato_0052,potato,481.25,white,spring,local
potato_0053,potato,472.07,brown,spring,local
potato_0054,potato,203.56,white,autumn,local
potato_0055,potato,390.43,white,spring,imported
potato_0056,potato,221.11,yellow,spring,imported
potato_0057,potato,325.77,white,spring,local
potato_0058,potato,166.5,white,summer,imported
potato_0059,potato,346.88,yellow,summer,local
potato_0060,potato,391.05,brown,spring,imported
potato_0061,potato,404.88,yellow,autumn,imported
potato_0062,potato,176.81,brown,spring,local
potato_0063,potato,349.35,yellow,autumn,imported
potato_0064,potato,295.91,white,summer,imported
potato_0065,potato,233.78,white,spring,local
potato_0066,potato,179.02,yellow,summer,local
potato_0067,potato,174.31,brown,summer,local
potato_0068,potato,274.5,brown,autumn,imported
potato_0069,potato,275.09,yellow,spring,imported
potato_0070,potato,323.27,yellow,spring,local
potato_0071,potato,473.15,brown,summer,imported
potato_0072,potato,300.95,brown,summer,imported
potato_0073,potato,618.69,yellow,spring,local
potato_0074,potato,234.53,white,summer,imported
potato_0075,potato,104.8,brown,summer,local
potato_0076,potato,396.27,yellow,spring,imported
potato_0077,potato,134.16,brown,autumn,imported
potato_0078,potato,307.2,white,spring,local
potato_0079,potato,194.64,yellow,spring,local
potato_0080,potato,271.66,brown,summer,local
potato_0081,potato,142.46,white,spring,imported
potato_0082,potato,195.93,yellow,summer,local
potato_0083,potato,301.96,white,summer,imported
potato_0084,potato,124.78,yellow,spring,imported
potato_0085,potato,513.19,white,spring,local
potato_0086,potato,433.67,yellow,summer,local
potato_0087,potato,118.06,brown,summer,local
potato_0088,potato,437.6,yellow,autumn,imported
potato_0089,potato,612.27,yellow,spring,local
potato_0090,potato,331.05,yellow,spring,imported
potato_0091,potato,232.97,white,summer,imported
potato_0092,potato,142.65,white,autumn,imported
potato_0093,potato,139.8,white,summer,imported
potato_0094,potato,486.51,brown,autumn,imported
potato_0095,potato,446.03,white,autumn,imported
potato_0096,potato,380.35,brown,spring,local
potato_0097,potato,352.31,white,spring,local
potato_0098,potato,292.81,white,spring,local
potato_0099,potato,212.77,yellow,spring,imported
potato_0100,potato,469.86,yellow,spring,imported
potato_0101,potato,294.25,white,summer,local
potato_0102,potato,344.15,yellow,autumn,local
potato_0103,potato,199.9,yellow,autumn,imported
potato_0104,potato,440.82,brown,summer,imported
potato_0105,potato,305.9,brown,summer,imported
potato_0106,potato,106.41,white,autumn,imported
potato_0107,potato,250.79,brown,autumn,local
potato_0108,potato,131.89,yellow,autumn,imported
potato_0109,potato,473.03,yellow,spring,imported
potato_0110,potato,150.45,brown,summer,imported
potato_0111,potato,406.54,white,summer,imported
potato_0112,potato,451.94,yellow,spring,imported
potato_0113,potato,459.7,yellow,spring,local
potato_0114,potato,152.52,brown,spring,local
potato_0115,potato,180.72,white,autumn,local
potato_0116,potato,404.16,brown,autumn,local
potato_0117,potato,220.39,white,autumn,imported
potato_0118,potato,402.58,white,summer,local
potato_0119,potato,190.32,brown,summer,local
potato_0120,potato,116.13,white,spring,imported
potato_0121,potato,287.42,yellow,autumn,imported
potato_0122,potato,493.86,white,summer,imported
potato_0123,potato,152.14,brown,spring,imported
potato_0124,potato,407.62,yellow,summer,local
potato_0125,potato,508.61,yellow,autumn,local
potato_0126,potato,278.33,yellow,autumn,local
potato_0127,potato,454.1,brown,summer,local
potato_0128,potato,315.35,brown,autumn,local
potato_0129,potato,255.19,yellow,spring,local
potato_0130,potato,153.48,brown,autumn,imported
potato_0131,potato,400.57,white,autumn,local
potato_0132,potato,370.65,brown,autumn,local
potato_0133,potato,475.27,white,summer,local
potato_0134,potato,232.87,white,spring,imported
potato_0135,potato,406.13,yellow,spring,imported
potato_0136,potato,181.92,brown,summer,local
potato_0137,potato,395.42,brown,autumn,imported
potato_0138,potato,254.89,white,autumn,imported
potato_0139,potato,221.8,brown,autumn,local
potato_0140,potato,357.11,white,summer,imported
potato_0141,potato,490.65,white,spring,local
potato_0142,potato,420.74,yellow,summer,imported
potato_0143,potato,447.81,brown,summer,imported
potato_0144,potato,479.07,yellow,summer,imported
potato_0145,potato,230.49,brown,autumn,imported
potato_0146,potato,257.5,brown,summer,imported
potato_0147,potato,277.83,brown,autumn,imported
potato_0148,potato,191.33,white,summer,imported
potato_0149,potato,219.97,white,autumn,imported
potato_0150,potato,167.21,brown,summer,local
potato_0151,potato,259.99,brown,autumn,local
potato_0152,potato,333.32,yellow,autumn,local
potato_0153,potato,160.7,brown,autumn,imported
potato_0154,potato,365.9,yellow,autumn,imported
potato_0155,potato,380.44,brown,spring,local
potato_0156,potato,672.93,white,summer,imported
potato_0157,potato,592.06,brown,spring,imported
potato_0158,potato,491.61,yellow,autumn,local
potato_0159,potato,300.78,brown,autumn,imported
potato_0160,potato,386.9,brown,autumn,local
potato_0161,potato,419.12,yellow,summer,local
potato_0162,potato,282.76,yellow,autumn,imported
potato_0163,potato,254.42,yellow,autumn,imported
potato_0164,potato,378.87,white,autumn,imported
potato_0165,potato,445.18,yellow,summer,imported
potato_0166,potato,127.5,white,autumn,local
potato_0167,potato,266.87,white,spring,imported
potato_0168,potato,181.6,brown,summer,local
potato_0169,potato,323.08,brown,summer,local
potato_0170,potato,488.74,brown,autumn,imported
potato_0171,potato,216.35,brown,spring,imported
potato_0172,potato,443.14,yellow,summer,imported
potato_0173,potato,177.07,brown,autumn,imported
potato_0174,potato,219.14,white,spring,imported
potato_0175,potato,288.65,yellow,autumn,local
potato_0176,potato,166.47,white,summer,local
potato_0177,potato,475.97,yellow,summer,local
potato_0178,potato,495.25,yellow,summer,local
potato_0179,potato,171.67,white,spring,imported
potato_0180,potato,284.14,white,spring,local
potato_0181,potato,493.48,white,summer,local
potato_0182,potato,138.68,yellow,summer,local
potato_0183,potato,212.73,yellow,spring,local
potato_0184,potato,693.62,yellow,summer,imported
potato_0185,potato,153.77,white,spring,local
potato_0186,potato,342.36,yellow,autumn,local
potato_0187,potato,110.84,yellow,summer,local
potato_0188,potato,104.21,brown,autumn,imported
potato_0189,potato,457.32,yellow,spring,imported
potato_0190,potato,314.22,white,spring,local
potato_0191,potato,255.68,yellow,summer,imported
potato_0192,potato,457.57,yellow,spring,local
potato_0193,potato,346.03,brown,summer,imported
potato_0194,potato,484.82,yellow,summer,local
potato_0195,potato,281.13,white,spring,imported
potato_0196,potato,483.55,brown,autumn,imported
potato_0197,potato,331.93,brown,summer,imported
potato_0198,potato,211.6,brown,summer,local
potato_0199,potato,499.52,brown,autumn,imported
potato_0200,potato,331.42,yellow,spring,local
potato_0201,potato,161.81,brown,autumn,imported
potato_0202,potato,304.18,yellow,spring,imported
potato_0203,potato,226.58,white,spring,local
potato_0204,potato,221.29,yellow,spring,local
potato_0205,potato,477.88,yellow,spring,local
potato_0206,potato,328.34,yellow,autumn,imported
potato_0207,potato,102.47,yellow,autumn,imported
potato_0208,potato,479.35,brown,autumn,imported
potato_0209,potato,164.58,white,summer,imported
potato_0210,potato,564.41,white,autumn,local
potato_0211,potato,279.98,brown,spring,imported
potato_0212,potato,393.26,yellow,spring,local
potato_0213,potato,215.0,white,spring,local
potato_0214,potato,313.33,yellow,spring,local
potato_0215,potato,167.66,yellow,autumn,imported
potato_0216,potato,441.33,brown,autumn,imported
potato_0217,potato,341.3,brown,summer,imported
potato_0218,potato,317.51,brown,spring,imported
potato_0219,potato,306.07,yellow,spring,local
potato_0220,potato,344.54,white,summer,local
potato_0221,potato,408.86,white,summer,imported
potato_0222,potato,253.81,yellow,summer,imported
potato_0223,potato,272.72,white,spring,imported
potato_0224,potato,293.67,yellow,autumn,local
potato_0225,potato,330.6,white,summer,local
potato_0226,potato,423.99,white,spring,imported
potato_0227,potato,189.75,brown,summer,imported
potato_0228,potato,662.07,brown,summer,imported
potato_0229,potato,304.44,white,autumn,imported
potato_0230,potato,486.79,white,spring,imported
potato_0231,potato,445.37,white,autumn,imported
potato_0232,potato,327.68,yellow,summer,local
potato_0233,potato,333.24,brown,summer,imported
potato_0234,potato,248.82,white,summer,imported
potato_0235,potato,283.16,white,summer,local
potato_0236,potato,446.82,yellow,summer,local
potato_0237,potato,486.69,brown,spring,imported
potato_0238,potato,199.05,yellow,spring,imported
potato_0239,potato,458.22,white,spring,imported
potato_0240,potato,277.38,yellow,spring,imported
potato_0241,potato,310.44,white,spring,imported
potato_0242,potato,209.39,yellow,summer,local
potato_0243,potato,596.57,brown,summer,local
potato_0244,potato,241.39,brown,summer,local
potato_0245,potato,296.41,brown,summer,imported
potato_0246,potato,176.9,white,summer,local
potato_0247,potato,489.96,yellow,spring,local
potato_0248,potato,277.89,brown,autumn,imported
potato_0249,potato,493.34,brown,autumn,imported
potato_0250,potato,372.51,brown,summer,local
potato_0251,potato,342.93,brown,spring,imported
potato_0252,potato,370.75,yellow,autumn,local
potato_0253,potato,338.46,yellow,spring,local
potato_0254,potato,184.39,brown,autumn,imported
potato_0255,potato,112.14,brown,autumn,local
potato_0256,potato,284.13,brown,spring,imported
potato_0257,potato,153.51,yellow,autumn,imported
potato_0258,potato,129.07,brown,autumn,imported
potato_0259,potato,239.13,yellow,spring,imported
potato_0260,potato,317.92,brown,spring,local
potato_0261,potato,215.89,white,summer,imported
potato_0262,potato,185.42,white,autumn,local
potato_0263,potato,381.61,yellow,spring,imported
potato_0264,potato,246.67,yellow,summer,imported
potato_0265,potato,490.58,white,spring,imported
potato_0266,potato,420.06,yellow,spring,imported
potato_0267,potato,127.21,brown,summer,imported
potato_0268,potato,206.72,white,summer,imported
potato_0269,potato,411.09,yellow,autumn,local
potato_0270,potato,437.95,white,summer,imported
potato_0271,potato,374.89,white,spring,imported
potato_0272,potato,124.36,brown,autumn,imported
potato_0273,potato,103.93,yellow,spring,imported
potato_0274,potato,231.75,yellow,summer,local
potato_0275,potato,406.5,yellow,spring,local
potato_0276,potato,424.65,white,autumn,local
potato_0277,potato,278.53,brown,summer,local
potato_0278,potato,377.17,white,autumn,local
potato_0279,potato,190.06,yellow,autumn,imported
potato_0280,potato,343.87,brown,summer,local
potato_0281,potato,162.54,brown,autumn,imported
potato_0282,potato,327.31,yellow,spring,local
potato_0283,potato,289.77,brown,spring,local
potato_0284,potato,331.73,brown,autumn,imported
potato_0285,potato,327.72,brown,spring,local
potato_0286,potato,307.5,brown,spring,local
potato_0287,potato,193.14,yellow,autumn,imported
potato_0288,potato,224.09,yellow,summer,imported
potato_0289,potato,301.65,brown,spring,local
potato_0290,potato,203.24,white,summer,imported
potato_0291,potato,153.31,yellow,summer,local
potato_0292,potato,447.08,white,spring,local
potato_0293,potato,142.49,white,summer,local
potato_0294,potato,423.18,brown,spring,local
potato_0295,potato,145.59,brown,autumn,local
potato_0296,potato,433.73,white,autumn,imported
potato_0297,potato,358.56,white,autumn,local
potato_0298,potato,659.74,brown,spring,imported
potato_0299,potato,132.58,yellow,summer,local
potato_0300,potato,217.06,brown,autumn,imported
potato_0301,potato,153.37,brown,summer,imported
potato_0302,potato,418.0,yellow,autumn,local
potato_0303,potato,141.73,brown,autumn,imported
potato_0304,potato,450.85,white,autumn,imported
potato_0305,potato,286.9,white,spring,local
potato_0306,potato,359.82,brown,spring,imported
potato_0307,potato,431.27,brown,summer,imported
potato_0308,potato,130.11,yellow,autumn,imported
potato_0309,potato,119.72,white,spring,imported
potato_0310,potato,154.26,brown,autumn,local
potato_0311,potato,254.02,brown,spring,local
potato_0312,potato,344.15,brown,autumn,imported
potato_0313,potato,384.14,yellow,summer,imported
potato_0314,potato,394.37,brown,autumn,local
potato_0315,potato,355.64,white,spring,local
potato_0316,potato,499.07,white,summer,imported
potato_0317,potato,211.65,yellow,autumn,imported
potato_0318,potato,109.86,white,spring,imported
potato_0319,potato,390.13,yellow,summer,imported
potato_0320,potato,489.78,white,spring,local
potato_0321,potato,126.11,white,autumn,imported
potato_0322,potato,358.52,white,summer,imported
potato_0323,potato,151.34,white,autumn,imported
potato_0324,potato,492.99,brown,autumn,local
potato_0325,potato,590.57,brown,spring,imported
potato_0326,potato,430.56,yellow,spring,local
potato_0327,potato,283.74,white,spring,imported
potato_0328,potato,270.76,brown,summer,imported
potato_0329,potato,471.42,white,autumn,local
potato_0330,potato,224.66,brown,summer,imported
potato_0331,potato,126.42,brown,autumn,imported
potato_0332,potato,244.02,white,summer,local
potato_0333,potato,242.11,yellow,autumn,imported
potato_0334,potato,364.89,brown,summer,local
potato_0335,potato,207.26,yellow,autumn,local
potato_0336,potato,150.1,yellow,autumn,local
potato_0337,potato,115.92,white,spring,local
potato_0338,potato,447.88,yellow,autumn,imported
potato_0339,potato,279.62,white,spring,local
potato_0340,potato,130.79,white,autumn,local
potato_0341,potato,428.5,brown,autumn,local
potato_0342,potato,268.52,yellow,autumn,local
potato_0343,potato,450.85,brown,spring,imported
potato_0344,potato,320.23,yellow,summer,local
potato_0345,potato,140.75,brown,autumn,local
potato_0346,potato,428.2,yellow,summer,imported
potato_0347,potato,119.51,brown,autumn,imported
potato_0348,potato,275.22,white,spring,imported
potato_0349,potato,318.59,yellow,spring,imported
potato_0350,potato,402.66,white,autumn,imported
potato_0351,potato,174.64,white,autumn,imported
potato_0352,potato,173.7,brown,summer,local
potato_0353,potato,335.12,yellow,spring,imported
potato_0354,potato,643.19,brown,spring,local
potato_0355,potato,427.8,white,summer,imported
potato_0356,potato,239.85,yellow,summer,local
potato_0357,potato,683.81,white,autumn,local
potato_0358,potato,350.26,white,autumn,local
potato_0359,potato,396.67,brown,autumn,imported
potato_0360,potato,182.35,brown,spring,local
potato_0361,potato,150.44,brown,autumn,imported
potato_0362,potato,370.48,yellow,autumn,imported
potato_0363,potato,485.09,yellow,summer,local
potato_0364,potato,173.64,brown,spring,imported
potato_0365,potato,425.14,brown,autumn,imported
potato_0366,potato,347.31,brown,summer,imported
potato_0367,potato,381.31,brown,summer,imported
potato_0368,potato,122.49,brown,summer,imported
potato_0369,potato,440.34,yellow,spring,imported
potato_0370,potato,356.18,white,autumn,imported
potato_0371,potato,644.95,yellow,autumn,local
potato_0372,potato,166.6,brown,spring,imported
potato_0373,potato,170.36,yellow,spring,imported
potato_0374,potato,297.75,brown,spring,imported
potato_0375,potato,184.69,brown,spring,imported
potato_0376,potato,403.59,yellow,summer,imported
potato_0377,potato,464.71,yellow,spring,local
potato_0378,potato,358.37,white,autumn,imported
potato_0379,potato,162.7,white,summer,local
potato_0380,potato,337.47,white,summer,imported
potato_0381,potato,223.79,white,spring,local
potato_0382,potato,262.19,white,spring,local
potato_0383,potato,216.9,brown,spring,local
potato_0384,potato,241.82,white,spring,local
potato_0385,potato,200.93,yellow,spring,local
potato_0386,potato,206.27,brown,spring,local
potato_0387,potato,141.39,brown,autumn,local
potato_0388,potato,462.79,brown,spring,imported
potato_0389,potato,487.33,brown,spring,imported
potato_0390,potato,478.29,yellow,spring,local
potato_0391,potato,220.63,yellow,summer,imported
potato_0392,potato,221.49,yellow,summer,imported
potato_0393,potato,157.55,brown,spring,imported
potato_0394,potato,269.18,yellow,autumn,local
potato_0395,potato,156.55,brown,summer,local
potato_0396,potato,357.37,yellow,summer,local
potato_0397,potato,139.04,yellow,summer,local
potato_0398,potato,469.49,yellow,autumn,local
potato_0399,potato,241.63,brown,spring,imported
potato_0400,potato,314.91,brown,summer,local
potato_0401,potato,373.07,yellow,autumn,local
potato_0402,potato,613.89,yellow,summer,imported
potato_0403,potato,456.39,yellow,autumn,imported
potato_0404,potato,432.96,brown,summer,local
potato_0405,potato,165.45,brown,spring,local
potato_0406,potato,369.72,yellow,spring,imported
potato_0407,potato,494.24,brown,autumn,local
potato_0408,potato,197.45,yellow,autumn,imported
potato_0409,potato,142.81,brown,autumn,local
potato_0410,potato,464.08,yellow,spring,local
potato_0411,potato,352.25,brown,autumn,local
potato_0412,potato,275.11,brown,spring,local
potato_0413,potato,404.85,yellow,spring,imported
potato_0414,potato,476.3,yellow,summer,local
potato_0415,potato,449.9,brown,autumn,local
potato_0416,potato,201.13,brown,spring,imported
potato_0417,potato,207.2,white,autumn,local
potato_0418,potato,353.27,brown,autumn,imported
potato_0419,potato,202.86,white,summer,local
potato_0420,potato,111.25,brown,autumn,imported
potato_0421,potato,350.7,white,autumn,imported
potato_0422,potato,429.2,yellow,spring,local
potato_0423,potato,360.91,white,spring,imported
potato_0424,potato,338.42,brown,summer,local
potato_0425,potato,106.77,yellow,summer,imported
potato_0426,potato,207.85,white,summer,local
potato_0427,potato,499.74,white,spring,imported
potato_0428,potato,206.07,yellow,summer,imported
potato_0429,potato,486.18,white,autumn,imported
potato_0430,potato,301.15,white,autumn,imported
potato_0431,potato,154.3,brown,spring,imported
potato_0432,potato,485.74,yellow,summer,imported
potato_0433,potato,219.77,white,autumn,local
potato_0434,potato,208.69,white,summer,local
potato_0435,potato,251.33,white,autumn,local
potato_0436,potato,236.89,brown,spring,local
potato_0437,potato,351.87,yellow,spring,imported
potato_0438,potato,166.62,yellow,spring,local
potato_0439,potato,428.34,white,spring,local
potato_0440,potato,128.03,white,summer,imported
potato_0441,potato,148.15,white,summer,imported
potato_0442,potato,471.51,yellow,spring,imported
potato_0443,potato,437.18,yellow,summer,local
potato_0444,potato,383.43,brown,autumn,imported
potato_0445,potato,169.59,brown,autumn,local
potato_0446,potato,354.92,brown,spring,local
potato_0447,potato,244.62,yellow,spring,imported
potato_0448,potato,498.49,brown,summer,imported
potato_0449,potato,426.42,white,summer,local
potato_0450,potato,418.56,yellow,autumn,local
potato_0451,potato,454.64,yellow,autumn,local
potato_0452,potato,341.72,brown,summer,imported
potato_0453,potato,266.95,brown,autumn,imported
potato_0454,potato,718.38,brown,spring,local
potato_0455,potato,194.59,white,spring,local
potato_0456,potato,394.41,brown,spring,local
potato_0457,potato,302.42,white,summer,local
potato_0458,potato,483.9,yellow,spring,local
potato_0459,potato,445.52,white,spring,imported
potato_0460,potato,404.94,brown,spring,local
potato_0461,potato,646.65,white,spring,imported
potato_0462,potato,282.16,white,spring,imported
potato_0463,potato,102.99,brown,autumn,local
potato_0464,potato,387.23,yellow,autumn,imported
potato_0465,potato,392.89,yellow,summer,imported
potato_0466,potato,425.26,yellow,autumn,local
potato_0467,potato,184.31,white,summer,local
potato_0468,potato,351.21,yellow,autumn,imported
potato_0469,potato,266.25,yellow,summer,imported
potato_0470,potato,446.8,brown,autumn,local
potato_0471,potato,279.23,white,summer,local
potato_0472,potato,181.7,white,autumn,local
potato_0473,potato,243.5,brown,summer,local
potato_0474,potato,292.07,yellow,autumn,local
potato_0475,potato,326.34,white,spring,local
potato_0476,potato,420.33,brown,autumn,imported
potato_0477,potato,387.48,brown,spring,imported
potato_0478,potato,296.95,yellow,summer,local
potato_0479,potato,285.57,yellow,summer,imported
potato_0480,potato,465.94,brown,autumn,local
potato_0481,potato,480.91,brown,spring,imported
potato_0482,potato,352.62,brown,spring,imported
potato_0483,potato,151.75,white,summer,local
potato_0484,potato,139.66,brown,summer,imported
potato_0485,potato,278.75,yellow,spring,local
potato_0486,potato,188.19,brown,summer,imported
potato_0487,potato,262.53,brown,autumn,imported
potato_0488,potato,384.17,brown,summer,local
potato_0489,potato,306.91,white,summer,imported
potato_0490,potato,493.83,yellow,autumn,local
potato_0491,potato,214.16,white,autumn,local
potato_0492,potato,143.79,white,spring,local
potato_0493,potato,169.91,yellow,autumn,imported
potato_0494,potato,198.18,yellow,spring,local
potato_0495,potato,410.73,yellow,spring,local
potato_0496,potato,345.8,yellow,spring,imported
potato_0497,potato,131.45,white,summer,local
potato_0498,potato,199.31,brown,summer,local
potato_0499,potato,255.76,white,summer,local
potato_0500,potato,373.89,white,spring,imported
potato_0501,potato,195.6,yellow,autumn,imported
potato_0502,potato,264.45,white,spring,imported
potato_0503,potato,107.86,brown,summer,local
potato_0504,potato,486.24,brown,summer,local
potato_0505,potato,670.06,yellow,spring,imported
potato_0506,potato,430.18,white,spring,imported
potato_0507,potato,163.87,yellow,spring,local
potato_0508,potato,655.64,brown,autumn,imported
potato_0509,potato,223.57,white,autumn,imported
potato_0510,potato,407.89,yellow,summer,local
potato_0511,potato,260.14,brown,summer,local
potato_0512,potato,262.59,yellow,autumn,local
potato_0513,potato,293.55,brown,spring,local
potato_0514,potato,463.1,brown,autumn,local
potato_0515,potato,474.6,white,autumn,imported
potato_0516,potato,416.52,white,spring,imported
potato_0517,potato,422.05,white,spring,imported
potato_0518,potato,215.66,white,autumn,imported
potato_0519,potato,119.94,yellow,summer,local
potato_0520,potato,315.03,yellow,summer,imported
potato_0521,potato,740.09,brown,summer,local
potato_0522,potato,117.84,white,summer,imported
potato_0523,potato,105.61,white,summer,local
potato_0524,potato,472.91,yellow,spring,imported
potato_0525,potato,635.5,white,autumn,local
potato_0526,potato,283.83,yellow,summer,local
potato_0527,potato,128.89,yellow,summer,local
potato_0528,potato,301.29,yellow,summer,local
potato_0529,potato,294.12,brown,autumn,imported
potato_0530,potato,359.3,brown,spring,imported
potato_0531,potato,448.96,brown,summer,local
potato_0532,potato,162.88,brown,autumn,local
potato_0533,potato,307.35,brown,autumn,local
potato_0534,potato,350.73,yellow,spring,local
potato_0535,potato,421.48,brown,summer,local
potato_0536,potato,491.58,brown,autumn,local
potato_0537,potato,281.98,brown,spring,local
potato_0538,potato,152.99,yellow,spring,local
potato_0539,potato,318.5,yellow,summer,imported
potato_0540,potato,267.19,yellow,summer,imported
potato_0541,potato,442.46,yellow,spring,local
potato_0542,potato,136.29,white,spring,imported
potato_0543,potato,449.91,white,summer,local
potato_0544,potato,388.0,brown,summer,local
potato_0545,potato,349.26,brown,spring,imported
potato_0546,potato,415.57,white,autumn,imported
potato_0547,potato,355.68,white,autumn,local
potato_0548,potato,385.46,brown,spring,local
potato_0549,potato,150.72,white,autumn,local
potato_0550,potato,337.43,yellow,summer,local
potato_0551,potato,271.02,white,autumn,local
potato_0552,potato,380.14,white,spring,imported
potato_0553,potato,142.32,brown,spring,local
potato_0554,potato,425.85,yellow,spring,local
potato_0555,potato,305.41,brown,spring,imported
potato_0556,potato,314.28,white,spring,imported
potato_0557,potato,439.28,yellow,spring,imported
potato_0558,potato,288.76,brown,autumn,imported
potato_0559,potato,438.71,white,spring,imported
potato_0560,potato,261.41,white,autumn,imported
potato_0561,potato,296.77,yellow,spring,imported
potato_0562,potato,195.33,white,spring,local
potato_0563,potato,294.59,brown,summer,local
potato_0564,potato,142.73,yellow,summer,imported
potato_0565,potato,479.71,brown,autumn,imported
potato_0566,potato,167.54,yellow,spring,local
potato_0567,potato,580.79,yellow,autumn,local
potato_0568,potato,317.64,brown,summer,imported
potato_0569,potato,242.62,yellow,spring,imported
potato_0570,potato,486.21,brown,spring,local
potato_0571,potato,203.29,yellow,spring,imported
potato_0572,potato,283.11,yellow,autumn,imported
potato_0573,potato,182.4,yellow,autumn,imported
potato_0574,potato,108.46,yellow,autumn,imported
potato_0575,potato,410.35,yellow,summer,local
potato_0576,potato,325.49,yellow,summer,imported
potato_0577,potato,396.8,white,summer,imported
potato_0578,potato,441.02,brown,autumn,local
potato_0579,potato,449.76,yellow,summer,local
potato_0580,potato,389.07,brown,summer,imported
potato_0581,potato,462.36,brown,spring,local
potato_0582,potato,171.41,yellow,summer,imported
potato_0583,potato,132.78,yellow,autumn,imported
potato_0584,potato,477.51,brown,spring,local
potato_0585,potato,250.5,white,spring,imported
potato_0586,potato,317.93,brown,autumn,imported
potato_0587,potato,380.96,yellow,autumn,imported
potato_0588,potato,495.65,white,spring,local
potato_0589,potato,368.82,yellow,spring,local
potato_0590,potato,749.87,yellow,summer,local
potato_0591,potato,420.91,white,spring,local
potato_0592,potato,303.89,yellow,summer,imported
potato_0593,potato,160.51,white,autumn,imported
potato_0594,potato,250.39,brown,autumn,local
potato_0595,potato,315.86,yellow,spring,imported
potato_0596,potato,107.21,brown,autumn,imported
potato_0597,potato,264.2,white,summer,imported
potato_0598,potato,354.96,brown,spring,local
potato_0599,potato,286.55,yellow,spring,local
